ort,bundesland,lat,lon
Aach,Baden-Württemberg,47.84322,8.85269
Aach,Rheinland-Pfalz,49.85309,6.5694
Aachen,Nordrhein-Westfalen,50.77356,6.10678
Aalen,Baden-Württemberg,48.84798,10.09765
Aarbergen,Hessen,50.24821,8.08146
Aasbüttel,Schlewig-Holstein,54.04702,9.4811
Abbau Ader,Sachsen-Anhalt,52.79643,11.33372
Abbendorf,Brandenburg,52.98856,11.7934
Abbenrode,Sachsen-Anhalt,51.89536,10.70342
Abberode,Sachsen-Anhalt,51.63498,11.31101
Abenberg,Bayern,49.24156,10.9638
Abend,Sachsen,51.20212,13.27839
Abensberg,Bayern,48.8258,11.84923
Abentheuer,Rheinland-Pfalz,49.70508,7.16398
Abraham,Bayern,48.57909,13.38328
Absberg,Bayern,49.14489,10.8716
Abstatt,Baden-Württemberg,49.07069,9.29292
Abtlöbnitz,Sachsen-Anhalt,51.13382,11.72678
Abtsbessingen,Thüringen,51.28627,10.73382
Abtsdorf,Sachsen-Anhalt,51.84618,12.63547
Abtsgmünd,Baden-Württemberg,48.91266,9.98096
Abtsteinach,Hessen,49.53659,8.78456
Abtswind,Bayern,49.75347,10.32548
Abtweiler,Rheinland-Pfalz,49.75984,7.67099
Achberg,Baden-Württemberg,47.61509,9.71398
Achen,Bayern,48.03278,12.30562
Achern,Baden-Württemberg,48.63004,8.0347
Achim,Niedersachsen,52.54508,9.82567
Achslach,Bayern,48.97734,12.90082
Achstetten,Baden-Württemberg,48.26292,9.894
Acht,Rheinland-Pfalz,50.36912,7.15165
Achtelsbach,Rheinland-Pfalz,49.70508,7.16398
Achterspannerhof,Rheinland-Pfalz,50.34914,7.39113
Achterwehr,Schlewig-Holstein,54.3008,9.9798
Achtrup,Schlewig-Holstein,54.76989,9.01126
Ackendorf,Sachsen-Anhalt,52.22486,11.30453
Ackermannshof,Brandenburg,52.79807,14.01577
Adamshoffnung,Mecklenburg-Vorpommern,53.44759,12.43199
Addebüll,Schlewig-Holstein,54.68164,8.93372
Adelberg,Baden-Württemberg,48.76249,9.59945
Adelebsen,Niedersachsen,51.56451,9.73636
Adelhausen,Thüringen,50.40422,10.70779
Adelheidsdorf,Niedersachsen,52.56386,10.05968
Adelmannsfelden,Baden-Württemberg,48.96972,9.96847
Adelschlag,Bayern,48.83962,11.21855
Adelsdorf,Bayern,49.70016,10.90224
Adelsdorf,Sachsen,51.28346,13.67654
Adelsheim,Baden-Württemberg,49.38069,9.39509
Adelshofen,Bayern,48.81228,10.63589
Adelsried,Bayern,48.42473,10.72386
Adelzhausen,Bayern,48.35708,11.13769
Adenau,Rheinland-Pfalz,50.38252,6.93157
Adenbach,Rheinland-Pfalz,49.65219,7.59042
Adenbüttel,Niedersachsen,52.38526,10.4474
Adendorf,Niedersachsen,53.28579,10.44832
Adenstedt,Niedersachsen,52.04113,9.91319
Aderstedt,Sachsen-Anhalt,51.90714,11.35202
Adlersteige,Baden-Württemberg,48.96717,10.17115
Adligstadt,Bayern,47.83296,12.74977
Adlkofen,Bayern,48.54478,12.26111
Admannshagen-Bargeshagen,Mecklenburg-Vorpommern,54.13573,11.95561
Adorf,Sachsen,50.34531,12.24269
Aebtissinwisch,Schlewig-Holstein,53.91479,9.23964
Aerzen,Niedersachsen,52.05132,9.25226
Affalterbach,Baden-Württemberg,48.92098,9.33958
Affing,Bayern,48.44631,10.97487
Affinghausen,Niedersachsen,52.79215,8.83727
Affler,Rheinland-Pfalz,50.07016,6.18582
Aftholderbach,Rheinland-Pfalz,50.20139,7.85813
Agathenburg,Niedersachsen,53.56527,9.50913
Agethorst,Schlewig-Holstein,54.04702,9.4811
Aglasterhausen,Baden-Württemberg,49.3569,8.9884
Aham,Bayern,48.5332,12.46781
Ahaus,Nordrhein-Westfalen,52.07903,7.01654
Ahausen,Niedersachsen,53.09871,9.21515
Ahlbeck,Mecklenburg-Vorpommern,53.71537,14.15981
Ahlden,Niedersachsen,52.76277,9.58332
Ahlefeld,Schlewig-Holstein,54.39098,9.61947
Ahlen,Nordrhein-Westfalen,51.76648,7.90534
Ahlerstedt,Niedersachsen,53.38603,9.4317
Ahlsdorf,Brandenburg,51.72081,13.2298
Ahlsdorf,Sachsen-Anhalt,51.53417,11.48229
Ahlstädt,Thüringen,50.53675,10.74503
Ahlum,Sachsen-Anhalt,52.68405,11.01609
Ahnatal,Hessen,51.36474,9.39362
Ahneby,Schlewig-Holstein,54.7135,9.73588
Ahnsbeck,Niedersachsen,52.61132,10.28458
Ahnsen,Niedersachsen,52.25878,9.09715
Aholfing,Bayern,48.9376,12.47642
Aholming,Bayern,48.73508,12.91187
Ahorn,Baden-Württemberg,49.49199,9.53803
Ahorn,Bayern,50.23727,10.95409
Ahorntal,Bayern,49.83579,11.42301
Ahrain,Bayern,51.16569,10.45153
Ahrbrück,Rheinland-Pfalz,50.48252,6.98645
Ahrensburg,Schlewig-Holstein,53.67444,10.23538
Ahrensbök,Schlewig-Holstein,54.00348,10.55364
Ahrensdorf,Brandenburg,52.24697,13.63263
Ahrensfelde,Brandenburg,52.62056,13.67405
Ahrenshagen,Mecklenburg-Vorpommern,54.23283,12.6236
Ahrenshöft,Schlewig-Holstein,54.58074,9.04634
Ahrenstedt,Schlewig-Holstein,54.30517,9.58881
Ahrenviöl,Schlewig-Holstein,54.50987,9.23066
Ahrenviölfeld,Schlewig-Holstein,54.50987,9.23066
Aicha,Bayern,48.67236,13.28923
Aichach,Bayern,48.44253,11.11825
Aichat,Bayern,48.02156,12.03508
Aichberg,Bayern,47.94403,12.69994
Aichelberg,Baden-Württemberg,48.63639,9.56354
Aichen,Bayern,48.23083,10.53339
Aichhalden,Baden-Württemberg,48.26684,8.40228
Aichstetten,Baden-Württemberg,47.88708,10.06744
Aichtal,Baden-Württemberg,48.6249,9.24186
Aichwald,Baden-Württemberg,48.76168,9.38913
Aichwies,Bayern,47.94403,12.69994
Aidenbach,Bayern,48.56985,13.06939
Aidhausen,Bayern,50.15434,10.43568
Aidlingen,Baden-Württemberg,48.68846,8.88557
Aiglsbach,Bayern,48.69718,11.71427
Ailertchen,Rheinland-Pfalz,50.55079,7.9309
Aindling,Bayern,48.51454,10.89619
Ainring,Bayern,47.81682,12.93627
Aislingen,Bayern,48.50654,10.45597
Aiterhofen,Bayern,48.84507,12.61997
Aitern,Baden-Württemberg,47.77925,7.89383
Aiteröd,Bayern,48.43777,12.34301
Aitrach,Baden-Württemberg,47.93229,10.06449
Aitrang,Bayern,47.81772,10.5347
Aitzendorf,Sachsen,51.0778,12.9057
Aken,Sachsen-Anhalt,51.83933,12.0439
Alach,Thüringen,51.07449,10.85541
Albaching,Bayern,48.10959,12.10613
Albbruck,Baden-Württemberg,47.62478,8.11769
Albernhof,Bayern,49.37832,12.70581
Albersdorf,Schlewig-Holstein,54.14287,9.27245
Albersdorf,Thüringen,50.85628,11.77906
Albershausen,Baden-Württemberg,48.69143,9.56504
Albersroda,Sachsen-Anhalt,51.34216,11.58123
Alberstedt,Sachsen-Anhalt,51.42958,11.61077
Albersweiler,Rheinland-Pfalz,49.16228,7.95873
Alberthofen,Rheinland-Pfalz,50.64911,7.69312
Albertinenhof,Brandenburg,52.90326,12.72486
Albertinenhof,Mecklenburg-Vorpommern,53.39957,10.9684
Albertshofen,Bayern,49.77203,10.15207
Albessen,Rheinland-Pfalz,49.56984,7.35799
Albig,Rheinland-Pfalz,49.7021,8.1389
Albisheim,Rheinland-Pfalz,49.64194,8.13416
Albrechts,Thüringen,50.61477,10.67346
Albrechtshof,Brandenburg,53.3194,13.87248
Albsfelde,Schlewig-Holstein,53.69823,10.77178
Albstadt,Baden-Württemberg,48.23687,8.99069
Aldenhoven,Nordrhein-Westfalen,50.89652,6.26703
Aldersbach,Bayern,48.56985,13.06939
Aldingen,Baden-Württemberg,48.09574,8.6822
Alerheim,Bayern,48.84431,10.62686
Alesheim,Bayern,49.04631,10.86375
Aletshausen,Bayern,48.19913,10.38575
Alf,Rheinland-Pfalz,50.06018,7.12322
Alfdorf,Baden-Württemberg,48.85548,9.70002
Alfeld,Bayern,49.429,11.54404
Alfeld,Niedersachsen,51.98302,9.82791
Alfhausen,Niedersachsen,52.50031,7.95193
Alflen,Rheinland-Pfalz,50.17701,7.03954
Alfstedt,Niedersachsen,53.49807,9.11349
Alfter,Nordrhein-Westfalen,50.70829,7.00463
Algenstedt,Sachsen-Anhalt,52.53867,11.40509
Algermissen,Niedersachsen,52.26015,9.97092
Algertshausen,Bayern,48.07914,11.07312
Algesbüttel,Niedersachsen,52.43322,10.51002
Algishofen,Baden-Württemberg,48.91266,9.98096
Alheim,Hessen,51.02112,9.65803
Alikendorf,Sachsen-Anhalt,51.99247,11.31928
Alken,Rheinland-Pfalz,50.24828,7.44801
Alkersleben,Thüringen,50.8101,10.96409
Alkersum,Schlewig-Holstein,54.71822,8.5031
Allenbach,Rheinland-Pfalz,49.8124,7.25528
Allendorf,Hessen,50.85952,8.74986
Allendorf,Rheinland-Pfalz,50.29585,7.91754
Allendorf,Thüringen,50.65898,11.11527
Allenfeld,Rheinland-Pfalz,49.86385,7.73176
Allensbach,Baden-Württemberg,47.7147,9.06919
Alleringersleben,Sachsen-Anhalt,52.22486,11.30453
Allersberg,Bayern,49.23571,11.2342
Allersdorf,Thüringen,50.59213,11.04641
Allershausen,Bayern,48.4303,11.59855
Alleshausen,Baden-Württemberg,48.06185,9.60795
Alling,Bayern,48.14081,11.29956
Allmannshofen,Bayern,48.59499,10.83268
Allmannsweiler,Baden-Württemberg,48.0241,9.51901
Allmendingen,Baden-Württemberg,48.34071,9.69044
Allmenhausen,Thüringen,51.28627,10.73382
Allmersbach,Baden-Württemberg,48.90678,9.47041
Allmosen,Brandenburg,51.58798,14.01097
Allrode,Sachsen-Anhalt,51.16569,10.45153
Allstedt,Sachsen-Anhalt,51.40467,11.38577
Almdorf,Schlewig-Holstein,54.61951,8.96577
Almersbach,Rheinland-Pfalz,50.68244,7.66258
Almosmühle,Bayern,49.37832,12.70581
Almstedt,Niedersachsen,52.04113,9.91319
Alpen,Nordrhein-Westfalen,51.59969,6.48057
Alpenrod,Rheinland-Pfalz,50.63126,7.87007
Alperstedt,Thüringen,51.09237,11.09922
Alpirsbach,Baden-Württemberg,48.3636,8.38241
Alsau,Rheinland-Pfalz,50.56516,7.3806
Alsbach,Rheinland-Pfalz,50.49686,7.71056
Alsbach-Hähnlein,Hessen,49.7366,8.58523
Alsdorf,Nordrhein-Westfalen,50.86482,6.17566
Alsdorf,Rheinland-Pfalz,50.32245,7.14637
Alsenz,Rheinland-Pfalz,49.72948,7.81715
Alsfeld,Hessen,50.74771,9.27586
Alsheim,Rheinland-Pfalz,49.76566,8.34025
Alsleben,Sachsen-Anhalt,51.69948,11.67058
Alt Bennebek,Schlewig-Holstein,54.40052,9.4998
Alt Bork,Brandenburg,52.20037,12.79268
Alt Brieselang,Brandenburg,52.58271,12.95817
Alt Bukow,Mecklenburg-Vorpommern,54.01771,11.69805
Alt Duvenstedt,Schlewig-Holstein,54.3578,9.64261
Alt Golm,Brandenburg,52.26236,14.03594
Alt Jabel,Mecklenburg-Vorpommern,53.23371,11.17997
Alt Karin,Mecklenburg-Vorpommern,54.06316,11.7968
Alt Krenzlin,Mecklenburg-Vorpommern,53.33713,11.46798
Alt Krüssow,Brandenburg,53.13447,12.18056
Alt Kätwin,Mecklenburg-Vorpommern,53.90807,12.34444
Alt Lanschvitz,Mecklenburg-Vorpommern,54.35028,13.47676
Alt Lutterow,Brandenburg,53.1613,12.75199
Alt Madlitz,Brandenburg,52.38647,14.19504
Alt Mahlisch,Brandenburg,52.4943,14.36042
Alt Meteln,Mecklenburg-Vorpommern,53.72237,11.41783
Alt Mölln,Schlewig-Holstein,53.60306,10.61165
Alt Necheln,Mecklenburg-Vorpommern,53.71009,11.68974
Alt Poorstorf,Mecklenburg-Vorpommern,53.8647,11.68699
Alt Rehse,Mecklenburg-Vorpommern,53.5235,13.05111
Alt Ruppin,Brandenburg,52.98437,12.87082
Alt Schwerin,Mecklenburg-Vorpommern,53.53348,12.42419
Alt Schönau,Mecklenburg-Vorpommern,53.51459,12.73048
Alt Stahnsdorf,Brandenburg,52.24406,13.91797
Alt Tellin,Mecklenburg-Vorpommern,53.91804,13.24177
Alt Tucheband,Brandenburg,52.55133,14.55333
Alt Zachun,Mecklenburg-Vorpommern,53.40188,11.24957
Alt Zauche,Brandenburg,51.91288,14.12376
Alt-Galow,Brandenburg,53.04259,13.98426
Alt-Schadow,Brandenburg,51.99014,13.77779
Alt-Sührkow,Mecklenburg-Vorpommern,53.75001,12.58823
Altbach,Baden-Württemberg,48.72734,9.38164
Altbarnim,Brandenburg,52.59596,14.23637
Altbrand,Rheinland-Pfalz,49.20919,8.37425
Altbrandsleben,Sachsen-Anhalt,52.01819,11.21961
Altdorf,Baden-Württemberg,48.59895,9.13926
Altdorf,Bayern,48.96985,11.74076
Altdorf,Rheinland-Pfalz,49.28569,8.21153
Altdöbern,Brandenburg,51.64968,14.0256
Altefähr,Mecklenburg-Vorpommern,54.35521,13.28997
Alteglofsheim,Bayern,48.9208,12.20444
Altena,Nordrhein-Westfalen,51.27521,7.65858
Altenahr,Rheinland-Pfalz,50.54829,6.99493
Altenau,Brandenburg,51.4344,13.22132
Altenau,Niedersachsen,51.82145,10.45811
Altenbach,Sachsen,51.36439,12.68831
Altenbamberg,Rheinland-Pfalz,49.78745,7.83201
Altenbeken,Nordrhein-Westfalen,51.74515,8.93971
Altenberg,Sachsen,50.77663,13.73646
Altenberga,Thüringen,50.80012,11.58376
Altenberge,Nordrhein-Westfalen,52.02818,7.48278
Altenbeuthen,Thüringen,50.58139,11.47863
Altenbrak,Sachsen-Anhalt,51.78685,10.95099
Altenbuch,Bayern,49.8282,9.39305
Altenburg,Thüringen,50.98889,12.42907
Altendambach,Thüringen,50.53675,10.74503
Altendiez,Rheinland-Pfalz,50.37059,7.98354
Altendorf,Bayern,49.60965,11.64668
Altendorf,Sachsen,50.97307,14.27302
Altenfeld,Thüringen,50.59213,11.04641
Altengesees,Thüringen,50.44155,11.61814
Altenglan,Rheinland-Pfalz,49.5499,7.45863
Altengottern,Thüringen,51.15222,10.57443
Altenhagen,Mecklenburg-Vorpommern,53.85751,12.46047
Altenhausen,Sachsen-Anhalt,52.22486,11.30453
Altenhof,Brandenburg,52.84992,13.68287
Altenhof,Mecklenburg-Vorpommern,53.32468,12.45353
Altenhof,Rheinland-Pfalz,49.84952,6.99883
Altenhof,Schlewig-Holstein,54.44078,9.82271
Altenholz,Schlewig-Holstein,54.39433,10.11544
Altenkirchen,Mecklenburg-Vorpommern,54.64393,13.34539
Altenkirchen,Rheinland-Pfalz,50.06227,7.49117
Altenkrempe,Schlewig-Holstein,54.13364,10.82251
Altenkunstadt,Bayern,50.12804,11.23956
Altenmarkt,Bayern,48.00782,12.48797
Altenmedingen,Niedersachsen,53.13175,10.59822
Altenmoor,Schlewig-Holstein,53.75434,9.60588
Altenmünster,Bayern,48.46502,10.56265
Altenpleen,Mecklenburg-Vorpommern,54.37122,13.0232
Altenriet,Baden-Württemberg,48.59466,9.20957
Altenroda,Sachsen-Anhalt,51.25181,11.52892
Altensalzwedel,Sachsen-Anhalt,52.79643,11.33372
Altenstadt,Bayern,48.5675,11.04723
Altenstadt,Hessen,50.28305,8.94823
Altensteig,Baden-Württemberg,48.59083,8.57628
Altenthann,Bayern,49.09218,12.30456
Altentreptow,Mecklenburg-Vorpommern,53.68934,13.24371
Altenweddingen,Sachsen-Anhalt,52.03183,11.51991
Altenzaun,Sachsen-Anhalt,52.7276,11.95016
Alterkülz,Rheinland-Pfalz,50.07132,7.44511
Alterode,Sachsen-Anhalt,51.63498,11.31101
Altersbach,Thüringen,50.70731,10.60131
Altertheim,Bayern,49.72673,9.74502
Altes Forsthaus,Rheinland-Pfalz,50.35051,7.72275
Altes Lager,Brandenburg,51.95066,13.09874
Altfraunhofen,Bayern,48.44872,12.16775
Altfriedland,Brandenburg,52.59596,14.23637
Altfriesack,Brandenburg,52.90326,12.72486
Altgersdorf,Brandenburg,52.79807,14.01577
Altglietzen,Brandenburg,52.79807,14.01577
Althegnenberg,Bayern,48.23574,11.06655
Altheim,Baden-Württemberg,48.35326,9.75147
Altheimersberg,Bayern,48.94175,10.99657
Althengstett,Baden-Württemberg,48.73118,8.7907
Althornbach,Rheinland-Pfalz,49.19984,7.46936
Althütte,Baden-Württemberg,48.93191,9.57671
Althüttendorf,Brandenburg,52.97946,13.74486
Altjeßnitz,Sachsen-Anhalt,51.68672,12.32446
Altkalen,Mecklenburg-Vorpommern,53.97155,12.70468
Altkirchen,Thüringen,50.88529,12.31009
Altkünkendorf,Brandenburg,53.04259,13.98426
Altlandsberg,Brandenburg,52.62518,13.91087
Altlay,Rheinland-Pfalz,50.08943,7.2844
Altleiningen,Rheinland-Pfalz,49.49639,8.07308
Altlewin,Brandenburg,52.79807,14.01577
Altlußheim,Baden-Württemberg,49.29914,8.50395
Altlüdersdorf,Brandenburg,53.05639,13.10828
Altmachern,Rheinland-Pfalz,49.96595,7.01934
Altmannstein,Bayern,48.89695,11.65283
Altmersleben,Sachsen-Anhalt,52.68707,11.4372
Altmittweida,Sachsen,50.97096,12.97611
Altmädewitz,Brandenburg,52.79807,14.01577
Altomünster,Bayern,48.38867,11.2551
Altona,Mecklenburg-Vorpommern,53.21121,11.41481
Altottenhain,Sachsen,51.05507,12.68595
Altreetz,Brandenburg,52.79807,14.01577
Altrich,Rheinland-Pfalz,49.95221,6.81812
Altrip,Rheinland-Pfalz,49.43144,8.49498
Altscheid,Rheinland-Pfalz,49.99789,6.49627
Altshausen,Baden-Württemberg,47.93356,9.52635
Altstrimmig,Rheinland-Pfalz,50.08943,7.2844
Altthymen,Brandenburg,53.18071,13.14428
Alttrebbin,Brandenburg,52.79807,14.01577
Altusried,Bayern,47.79658,10.18757
Altwarp,Mecklenburg-Vorpommern,53.71537,14.15981
Altweidelbach,Rheinland-Pfalz,49.98951,7.54625
Altwigshagen,Mecklenburg-Vorpommern,53.6605,13.8872
Altwittenbek,Schlewig-Holstein,54.4108,9.9788
Altwustrow,Brandenburg,52.79807,14.01577
Altötting,Bayern,48.22124,12.7452
Alveslohe,Schlewig-Holstein,53.78971,9.91477
Alzenau,Bayern,50.08661,9.07196
Alzey,Rheinland-Pfalz,49.74599,8.09975
Am Jägerberg,Niedersachsen,53.33622,9.9735
Am Quicken,Bayern,47.48608,11.21365
Am Rainberge,Hessen,51.27462,8.85792
Am Römerhof,Hessen,50.41697,8.83006
Am Römerschacht,Hessen,50.41697,8.83006
Am Rönndeich,Niedersachsen,53.7068,9.3786
Am Rüdesheimer Hafen,Hessen,50.02822,7.89432
Am Sandkopf,Hessen,51.33304,9.49096
Am Sandweiher,Rheinland-Pfalz,49.3982,7.56026
Am Springberg,Rheinland-Pfalz,49.08987,7.96204
Am Tekenberge,Niedersachsen,52.24301,11.00172
Amalienfelde,Brandenburg,52.78381,13.008
Amberg,Bayern,48.75174,11.25986
Amelinghausen,Niedersachsen,53.12502,10.21239
Amerang,Bayern,48.00259,12.30569
Amerdingen,Bayern,48.75783,10.46253
Amesdorf,Sachsen-Anhalt,51.79753,11.61268
Ammeldingen,Rheinland-Pfalz,49.95212,6.27318
Ammelstädt,Thüringen,50.73282,11.32871
Ammerbuch,Baden-Württemberg,48.5605,8.97229
Ammern,Thüringen,51.23744,10.45112
Ammerndorf,Bayern,49.42109,10.85291
Ammersbek,Schlewig-Holstein,53.68885,10.19521
Ammerthal,Bayern,49.44064,11.76253
Amorbach,Bayern,49.63791,9.19741
Ampfing,Bayern,48.25821,12.41169
Ampfurth,Sachsen-Anhalt,52.01819,11.21961
Amsdorf,Sachsen-Anhalt,51.46083,11.67133
Amselgraben,Bayern,47.94403,12.69994
Amstetten,Baden-Württemberg,48.57614,9.87419
Amtsberg,Sachsen,50.73423,13.01087
Amtzell,Baden-Württemberg,47.71501,9.75401
Amöneburg,Hessen,50.79774,8.92186
An der Chaussee,Schlewig-Holstein,54.38985,9.06735
An der Rhumequelle,Niedersachsen,51.60763,10.22025
Andechs,Bayern,47.96685,11.18458
Andenhausen,Thüringen,50.66473,10.14051
Anderbeck,Sachsen-Anhalt,52.00893,10.86441
Anderlingen,Niedersachsen,53.39969,9.25824
Andernach,Rheinland-Pfalz,50.43685,7.35334
Andervenne,Niedersachsen,52.48427,7.53764
Andisleben,Thüringen,51.04516,10.95031
Andrichstadt,Bayern,47.83296,12.74977
Angelbachtal,Baden-Württemberg,49.22546,8.77173
Angelburg,Hessen,50.80679,8.4331
Angelhof I u. II,Rheinland-Pfalz,49.32722,8.43522
Angelroda,Thüringen,50.77744,10.90178
Anger,Bayern,47.91145,12.45013
Angermünde,Brandenburg,53.04259,13.98426
Angern,Sachsen-Anhalt,52.27958,11.62463
Angersdorf,Sachsen-Anhalt,51.45646,11.81881
Angl,Bayern,51.16569,10.45153
Anhausen,Rheinland-Pfalz,50.49809,7.55319
Ankermühle,Thüringen,51.38965,10.16816
Ankershagen,Mecklenburg-Vorpommern,53.53678,12.93072
Anklam,Mecklenburg-Vorpommern,53.83929,13.67289
Ankum,Niedersachsen,52.54109,7.87143
Anna Luisenhof,Mecklenburg-Vorpommern,53.98913,11.89085
Annaberg,Rheinland-Pfalz,49.45906,8.09448
Annaberg-Buchholz,Sachsen,50.5815,13.05523
Annaburg,Sachsen-Anhalt,51.73072,13.04439
Annahütte,Brandenburg,51.56111,13.89658
Annarode,Sachsen-Anhalt,51.58307,11.49236
Anning,Bayern,47.96918,12.56712
Annweiler,Rheinland-Pfalz,49.20223,7.97003
Anröchte,Nordrhein-Westfalen,51.54762,8.30906
Ansbach,Bayern,49.29993,10.55958
Anschau,Rheinland-Pfalz,50.36912,7.15165
Antdorf,Bayern,47.75555,11.30851
Antrifttal,Hessen,50.79494,9.18421
Antweiler,Rheinland-Pfalz,50.41461,6.8077
Anzing,Bayern,48.15152,11.85186
Apelern,Niedersachsen,52.30161,9.33682
Apen,Niedersachsen,53.20066,7.79464
Apenburg,Sachsen-Anhalt,52.62603,11.17187
Apensen,Niedersachsen,53.44272,9.60803
Apfeldorf,Bayern,47.89203,10.93503
Apfelstädt,Thüringen,50.91055,10.91512
Apfeltrach,Bayern,48.00206,10.50376
Apolda,Thüringen,51.01108,11.50044
Appel,Niedersachsen,53.37202,9.73968
Appelbeck,Niedersachsen,53.37202,9.73968
Appeln,Niedersachsen,53.43477,8.79697
Appen,Schlewig-Holstein,53.65962,9.74244
Appenheim,Rheinland-Pfalz,49.93033,8.03292
Appenrode,Thüringen,51.57709,10.7875
Appensee,Baden-Württemberg,49.07274,10.13028
Appenweier,Baden-Württemberg,48.53294,7.98219
Apperting,Bayern,47.96117,12.50055
Arbach,Rheinland-Pfalz,50.2767,7.00707
Arberg,Bayern,49.1446,10.61725
Aremberg,Rheinland-Pfalz,50.41461,6.8077
Arendsee,Brandenburg,53.3194,13.87248
Arendsee,Sachsen-Anhalt,52.85946,11.44928
Arenrath,Rheinland-Pfalz,49.95221,6.81812
Arensdorf,Brandenburg,52.38647,14.19504
Arensdorf,Sachsen-Anhalt,51.71349,12.0183
Arenshausen,Thüringen,51.36287,10.07218
Arensnest,Brandenburg,52.11411,12.45576
Arenzhain,Brandenburg,51.64717,13.49567
Aresing,Bayern,48.53589,11.30101
Arft,Rheinland-Pfalz,50.36912,7.15165
Argenbühl,Baden-Württemberg,47.69809,9.94973
Argenschwang,Rheinland-Pfalz,49.86385,7.73176
Argenthal,Rheinland-Pfalz,49.97143,7.59823
Arholzen,Niedersachsen,51.85165,9.61033
Arkebek,Schlewig-Holstein,54.14287,9.27245
Arleting,Bayern,47.94545,12.60182
Arlewatt,Schlewig-Holstein,54.52126,9.08114
Armsheim,Rheinland-Pfalz,49.83958,8.15934
Armstedt,Schlewig-Holstein,53.99809,9.84534
Armstorf,Niedersachsen,53.63018,9.09834
Arnbruck,Bayern,49.13036,12.99965
Arneburg,Sachsen-Anhalt,52.7276,11.95016
Arnis,Schlewig-Holstein,54.62981,9.92925
Arnsau,Rheinland-Pfalz,50.56516,7.3806
Arnsbach,Thüringen,50.52977,11.3828
Arnsberg,Nordrhein-Westfalen,51.42118,8.00745
Arnschwang,Bayern,49.2747,12.81586
Arnsdorf,Sachsen,51.09461,13.98915
Arnsdorf,Sachsen-Anhalt,51.83464,12.98299
Arnsgereuth,Thüringen,50.63519,11.35947
Arnsgrün,Thüringen,50.59186,11.99433
Arnshöfen,Rheinland-Pfalz,50.553,7.80532
Arnsnesta,Brandenburg,51.72081,13.2298
Arnstadt,Thüringen,50.8101,10.96409
Arnstedt,Sachsen-Anhalt,51.66227,11.46802
Arnstein,Bayern,49.98428,9.9364
Arnstein,Rheinland-Pfalz,50.28074,7.83452
Arnstorf,Bayern,48.55786,12.81756
Arpsdorf,Schlewig-Holstein,54.04905,9.91718
Arpshagen,Mecklenburg-Vorpommern,53.95172,11.12204
Arrach,Bayern,49.19762,12.99621
Arras,Sachsen,51.0778,12.9057
Artamhof,Rheinland-Pfalz,49.3982,7.56026
Artern,Thüringen,51.36678,11.29191
Artlenburg,Niedersachsen,53.36859,10.48238
Arzbach,Rheinland-Pfalz,50.37664,7.72122
Arzberg,Bayern,50.05777,12.18936
Arzberg,Sachsen,51.57648,13.08535
Arzfeld,Rheinland-Pfalz,50.08652,6.26532
Asbach,Baden-Württemberg,48.6629,10.16581
Asbach,Rheinland-Pfalz,50.24752,7.33678
Asbach,Thüringen,50.72204,10.43946
Asbach-Bäumenheim,Bayern,48.68852,10.82504
Asbach-Sickenberg,Thüringen,51.36287,10.07218
Asbacherhütte,Rheinland-Pfalz,49.8124,7.25528
Ascha,Bayern,48.99752,12.63744
Aschaffenburg,Bayern,49.97436,9.14975
Aschara,Thüringen,51.09378,10.75017
Aschau,Bayern,47.9898,12.3382
Aschau,Thüringen,50.65898,11.11527
Aschbach,Bayern,51.16569,10.45153
Aschbach,Rheinland-Pfalz,49.61068,7.67519
Ascheberg,Nordrhein-Westfalen,51.79566,7.62526
Ascheberg,Schlewig-Holstein,54.15081,10.34118
Ascheffel,Schlewig-Holstein,54.42433,9.6854
Aschendorf,Niedersachsen,53.05213,7.41043
Aschenhausen,Thüringen,50.60617,10.1562
Aschenhütte,Niedersachsen,51.62015,10.32479
Aschersleben,Sachsen-Anhalt,51.77931,11.47298
Aschheim,Bayern,48.1853,11.72037
Aseleben,Sachsen-Anhalt,51.46083,11.67133
Asendorf,Niedersachsen,53.01316,9.49261
Aspach,Baden-Württemberg,48.99265,9.39585
Aspach,Thüringen,50.93185,10.56086
Aspelhorn,Niedersachsen,53.14098,10.14633
Aspenstedt,Sachsen-Anhalt,51.93746,11.05498
Asperg,Baden-Württemberg,48.9065,9.14113
Aspisheim,Rheinland-Pfalz,49.90648,7.98109
Assamstadt,Baden-Württemberg,49.43366,9.68325
Asselfingen,Baden-Württemberg,48.52983,10.19148
Ast,Bayern,48.69994,12.37045
Astert,Rheinland-Pfalz,50.6571,7.80794
Ateritz,Sachsen-Anhalt,51.78455,12.65939
Athenstedt,Sachsen-Anhalt,51.93746,11.05498
Attendorn,Nordrhein-Westfalen,51.10351,7.86665
Attenhausen,Rheinland-Pfalz,50.29585,7.91754
Attenhofen,Bayern,48.66169,11.86064
Attenkirchen,Bayern,48.49194,11.73555
Attenweiler,Baden-Württemberg,48.1356,9.69881
Atterwasch,Brandenburg,51.94751,14.56902
Atting,Bayern,48.89411,12.48834
Atzelgift,Rheinland-Pfalz,50.69809,7.81941
Atzendorf,Sachsen-Anhalt,51.89816,11.63385
Atzlbach,Bayern,47.83296,12.74977
Au,Baden-Württemberg,48.45321,8.03629
Au,Bayern,48.18715,12.25741
Aub,Bayern,49.54668,10.04199
Aubstadt,Bayern,50.32537,10.42912
Audenhain,Sachsen,51.4869,12.6412
Auderath,Rheinland-Pfalz,50.18685,7.00246
Aue,Sachsen,50.59431,12.70618
Aue a Berg,Thüringen,50.63519,11.35947
Auel,Rheinland-Pfalz,50.19177,7.77045
Auen,Rheinland-Pfalz,49.79928,7.59146
Auenwald,Baden-Württemberg,48.93333,9.52349
Auerbach,Bayern,49.24762,12.3645
Auerbach,Sachsen,50.58499,12.6722
Auerberg,Bayern,49.78342,12.30869
Auerstedt,Thüringen,51.0879,11.62857
Auetal,Niedersachsen,52.24338,9.25983
Aufhausen,Bayern,48.87659,12.28526
Aufkirchen,Bayern,51.16569,10.45153
Aufseß,Bayern,49.88421,11.22641
Auggen,Baden-Württemberg,47.78806,7.59099
Augsburg,Bayern,48.36657,10.89861
Augsdorf,Sachsen-Anhalt,51.58307,11.49236
Augustdorf,Nordrhein-Westfalen,51.89782,8.75042
Augustusburg,Sachsen,50.80817,13.10433
Auhagen,Niedersachsen,52.39721,9.26839
Auhausen,Bayern,49.01129,10.584
Auhof,Baden-Württemberg,49.14113,10.04932
Aukrug,Schlewig-Holstein,54.06945,9.77968
Auleben,Thüringen,51.44697,10.87992
Aulendorf,Baden-Württemberg,47.94266,9.65569
Aull,Rheinland-Pfalz,50.37754,8.01323
Aulosen,Sachsen-Anhalt,52.88777,11.75233
Auma,Thüringen,50.70673,11.90109
Aumühle,Schlewig-Holstein,53.52543,10.31347
Aura,Bayern,50.17316,9.78709
Aurach,Bayern,49.24647,10.4154
Aurachtal,Bayern,49.57884,10.82108
Aurich,Niedersachsen,53.48692,7.52095
Ausacker,Schlewig-Holstein,54.74961,9.56203
Ausleben,Sachsen-Anhalt,52.08624,11.11985
Authausen,Sachsen,51.60345,12.65036
Auufer,Schlewig-Holstein,53.96511,9.71149
Auw,Rheinland-Pfalz,50.02258,6.4916
Auwies,Bayern,48.89124,13.42844
Außernzell,Bayern,48.72395,13.20272
Aventoft,Schlewig-Holstein,54.8688,8.73387
Averlak,Schlewig-Holstein,53.94999,9.13863
Axien,Sachsen-Anhalt,51.16569,10.45153
Axstedt,Niedersachsen,53.3105,8.82622
Aying,Bayern,47.96563,11.75392
Ayl,Rheinland-Pfalz,49.63944,6.54156
Aystetten,Bayern,48.41022,10.77066
Azmannsdorf,Thüringen,50.96935,11.15475
Aßlar,Hessen,50.61322,8.435
Aßling,Bayern,47.99217,12.00534
Baabe,Mecklenburg-Vorpommern,54.34211,13.69412
Baalberge,Sachsen-Anhalt,51.80198,11.66856
Baar,Bayern,48.58349,10.96916
Baar,Rheinland-Pfalz,50.36912,7.15165
Baar-Ebenhausen,Bayern,48.67309,11.46504
Baarz,Brandenburg,53.08315,11.49815
Baasdorf,Sachsen-Anhalt,51.68128,11.91583
Babben,Brandenburg,51.70969,13.78458
Baben,Sachsen-Anhalt,52.7276,11.95016
Babenhausen,Bayern,48.15207,10.23963
Babenhausen,Hessen,49.95136,8.94863
Babensham,Bayern,48.09046,12.28426
Babke,Mecklenburg-Vorpommern,53.35873,13.24523
Babst,Mecklenburg-Vorpommern,53.8647,11.68699
Bach,Bayern,49.34045,11.83488
Bach,Sachsen,51.36439,12.68831
Bacharach,Rheinland-Pfalz,50.06043,7.76825
Bachenberg,Rheinland-Pfalz,50.68244,7.66258
Bachfeld,Thüringen,50.39618,11.0055
Bachhagel,Bayern,48.63288,10.3311
Bachzelten,Bayern,48.31041,12.27473
Backnang,Baden-Württemberg,48.9489,9.43311
Bad Abbach,Bayern,48.92673,12.05506
Bad Aibling,Bayern,47.87895,12.00707
Bad Alexandersbad,Bayern,50.01019,12.02906
Bad Arolsen,Hessen,51.40145,8.99552
Bad Bayersoien,Bayern,47.6925,10.99202
Bad Bederkesa,Niedersachsen,53.6247,8.84154
Bad Bellingen,Baden-Württemberg,47.71804,7.54954
Bad Bentheim,Niedersachsen,52.29737,7.0992
Bad Bergzabern,Rheinland-Pfalz,49.10351,7.9992
Bad Berka,Thüringen,50.89675,11.26789
Bad Berleburg,Nordrhein-Westfalen,51.0665,8.39664
Bad Berneck,Bayern,50.04335,11.66531
Bad Bertrich,Rheinland-Pfalz,50.07097,7.03559
Bad Bevensen,Niedersachsen,53.08124,10.58944
Bad Bibra,Sachsen-Anhalt,51.18797,11.53109
Bad Birnbach,Bayern,48.44806,13.06718
Bad Blankenburg,Thüringen,50.64584,11.25088
Bad Bocklet,Bayern,50.27529,10.05422
Bad Bodenteich,Niedersachsen,52.8328,10.67422
Bad Brambach,Sachsen,50.22131,12.30798
Bad Bramstedt,Schlewig-Holstein,53.91034,9.84381
Bad Breisig,Rheinland-Pfalz,50.49918,7.27165
Bad Brückenau,Bayern,50.30364,9.78495
Bad Buchau,Baden-Württemberg,48.06185,9.60795
Bad Camberg,Hessen,50.31121,8.2913
Bad Colberg-Heldburg,Thüringen,50.2795,10.72455
Bad Ditzenbach,Baden-Württemberg,48.5861,9.6974
Bad Doberan,Mecklenburg-Vorpommern,54.09947,11.87608
Bad Driburg,Nordrhein-Westfalen,51.73673,9.04908
Bad Düben,Sachsen,51.60345,12.65036
Bad Dürkheim,Rheinland-Pfalz,49.45906,8.09448
Bad Dürrenberg,Sachsen-Anhalt,51.27929,12.09208
Bad Dürrheim,Baden-Württemberg,47.97693,8.60236
Bad Eilsen,Niedersachsen,52.24133,9.10203
Bad Elster,Sachsen,50.28218,12.23254
Bad Ems,Rheinland-Pfalz,50.35051,7.72275
Bad Emstal,Hessen,51.26587,9.24214
Bad Endbach,Hessen,50.75638,8.47842
Bad Endorf,Bayern,47.90666,12.31012
Bad Essen,Niedersachsen,52.34048,8.39551
Bad Feilnbach,Bayern,47.79961,11.9995
Bad Frankenhausen,Thüringen,51.35633,11.11089
Bad Freienwalde,Brandenburg,52.79807,14.01577
Bad Friedrichshall,Baden-Württemberg,49.2371,9.21015
Bad Füssing,Bayern,48.33789,13.31606
Bad Gandersheim,Niedersachsen,51.86727,10.05837
Bad Gottleuba,Sachsen,50.84846,13.94071
Bad Griesbach,Bayern,48.4523,13.20603
Bad Grund,Niedersachsen,51.80949,10.23856
Bad Grönenbach,Bayern,47.87169,10.24024
Bad Harzburg,Niedersachsen,51.87586,10.56552
Bad Heilbrunn,Bayern,47.75556,11.45789
Bad Herrenalb,Baden-Württemberg,48.7978,8.44263
Bad Hersfeld,Hessen,50.88038,9.70586
Bad Homburg,Hessen,50.23163,8.61092
Bad Honnef,Nordrhein-Westfalen,50.64978,7.27809
Bad Hönningen,Rheinland-Pfalz,50.51754,7.30855
Bad Iburg,Niedersachsen,52.14061,8.04103
Bad Karlshafen,Hessen,51.64349,9.45642
Bad Kissingen,Bayern,50.21244,10.05884
Bad Kleinen,Mecklenburg-Vorpommern,53.79058,11.4282
Bad Klosterlausnitz,Thüringen,50.92224,11.87041
Bad Kohlgrub,Bayern,47.66683,11.05058
Bad Kreuznach,Rheinland-Pfalz,49.8383,7.86462
Bad Krozingen,Baden-Württemberg,47.91257,7.68727
Bad König,Hessen,49.73998,9.01302
Bad Königshofen,Bayern,50.27779,10.49384
Bad Kösen,Sachsen-Anhalt,51.13382,11.72678
Bad Köstritz,Thüringen,50.92995,12.01063
Bad Laasphe,Nordrhein-Westfalen,50.94313,8.35949
Bad Laer,Niedersachsen,52.09499,8.08349
Bad Langensalza,Thüringen,51.09493,10.62322
Bad Lauchstädt,Sachsen-Anhalt,51.3882,11.86378
Bad Lausick,Sachsen,51.13544,12.64179
Bad Lauterberg,Niedersachsen,51.61028,10.4355
Bad Liebenstein,Thüringen,50.83338,10.3696
Bad Liebenwerda,Brandenburg,51.53215,13.37895
Bad Liebenzell,Baden-Württemberg,48.7809,8.73611
Bad Lippspringe,Nordrhein-Westfalen,51.78563,8.82676
Bad Marienberg,Rheinland-Pfalz,50.65294,7.94619
Bad Mergentheim,Baden-Württemberg,49.46366,9.75323
Bad Muskau,Sachsen,51.53308,14.66234
Bad Münder,Niedersachsen,52.2185,9.43749
Bad Münster-Ebernburg,Rheinland-Pfalz,49.80014,7.83685
Bad Münstereifel,Nordrhein-Westfalen,50.53266,6.80491
Bad Nauheim,Hessen,50.38226,8.73877
Bad Nenndorf,Niedersachsen,52.33651,9.37024
Bad Neuenahr-Ahrweiler,Rheinland-Pfalz,50.53473,7.11759
Bad Neustadt,Bayern,50.32422,10.20885
Bad Oeynhausen,Nordrhein-Westfalen,52.21344,8.80557
Bad Oldesloe,Schlewig-Holstein,53.80135,10.35234
Bad Orb,Hessen,50.20726,9.37977
Bad Peterstal-Griesbach,Baden-Württemberg,48.42826,8.20229
Bad Pyrmont,Niedersachsen,51.98451,9.28659
Bad Rappenau,Baden-Württemberg,49.24373,9.06263
Bad Reichenhall,Bayern,47.72732,12.84166
Bad Rippoldsau-Schapbach,Baden-Württemberg,48.43273,8.32139
Bad Rodach,Bayern,50.33375,10.79148
Bad Rothenfelde,Niedersachsen,52.09502,8.16024
Bad Saarow-Pieskow,Brandenburg,52.26236,14.03594
Bad Sachsa,Niedersachsen,51.57972,10.53845
Bad Salzdetfurth,Niedersachsen,52.07261,10.03271
Bad Salzschlirf,Hessen,50.62298,9.50889
Bad Salzuflen,Nordrhein-Westfalen,52.08099,8.74996
Bad Salzungen,Thüringen,50.82265,10.25402
Bad Sassendorf,Nordrhein-Westfalen,51.57787,8.18055
Bad Saulgau,Baden-Württemberg,48.0241,9.51901
Bad Schandau,Sachsen,50.88828,14.19987
Bad Schmiedeberg,Sachsen-Anhalt,51.69048,12.73535
Bad Schussenried,Baden-Württemberg,48.00301,9.65103
Bad Schwalbach,Hessen,50.1411,8.05715
Bad Schwartau,Schlewig-Holstein,53.93104,10.68726
Bad Schönborn,Baden-Württemberg,49.21317,8.66468
Bad Segeberg,Schlewig-Holstein,53.92727,10.29327
Bad Sobernheim,Rheinland-Pfalz,49.7973,7.64903
Bad Soden,Hessen,50.15677,8.48974
Bad Soden-Salmünster,Hessen,50.26796,9.40019
Bad Sooden-Allendorf,Hessen,51.27156,9.94196
Bad Staffelstein,Bayern,50.10241,11.03301
Bad Steben,Bayern,50.35573,11.63856
Bad Suderode,Sachsen-Anhalt,51.16569,10.45153
Bad Sulza,Thüringen,51.0879,11.62857
Bad Säckingen,Baden-Württemberg,47.57494,7.98222
Bad Sülze,Mecklenburg-Vorpommern,54.11052,12.65577
Bad Teinach-Zavelstein,Baden-Württemberg,48.70017,8.66668
Bad Tennstedt,Thüringen,51.16137,10.81909
Bad Tölz,Bayern,47.74797,11.53287
Bad Urach,Baden-Württemberg,48.48323,9.43166
Bad Vilbel,Hessen,50.19365,8.75976
Bad Waldsee,Baden-Württemberg,47.92143,9.78758
Bad Wiessee,Bayern,47.71667,11.71991
Bad Wildbad,Baden-Württemberg,48.7059,8.52266
Bad Wildungen,Hessen,51.09644,9.11699
Bad Wilsnack,Brandenburg,52.94993,11.96002
Bad Wimpfen,Baden-Württemberg,49.22125,9.15288
Bad Windsheim,Bayern,49.5199,10.40057
Bad Wurzach,Baden-Württemberg,47.91294,9.88603
Bad Wörishofen,Bayern,48.01009,10.58633
Bad Wünnenberg,Nordrhein-Westfalen,51.50471,8.75143
Bad Zwesten,Hessen,51.05204,9.17538
Bad Zwischenahn,Niedersachsen,53.1856,8.02059
Bad Überkingen,Baden-Württemberg,48.62163,9.76819
Badbergen,Niedersachsen,52.63567,7.98152
Baddeckenstedt,Niedersachsen,52.08398,10.23148
Badeborn,Sachsen-Anhalt,51.64225,11.12517
Badekow,Mecklenburg-Vorpommern,53.40359,10.76152
Badel,Sachsen-Anhalt,52.68707,11.4372
Badem,Rheinland-Pfalz,50.0019,6.60883
Baden-Baden,Baden-Württemberg,48.75816,8.22232
Badendorf,Schlewig-Holstein,53.87329,10.53354
Badenhard,Rheinland-Pfalz,50.11304,7.57863
Badenhausen,Niedersachsen,51.77586,10.18957
Badenheim,Rheinland-Pfalz,49.86006,7.98988
Badenmühle,Mecklenburg-Vorpommern,54.09947,11.87608
Badenweiler,Baden-Württemberg,47.80159,7.67211
Badersleben,Sachsen-Anhalt,52.00893,10.86441
Badingen,Brandenburg,53.05639,13.10828
Badingen,Sachsen-Anhalt,52.62268,11.65093
Badisch Schöllenbach,Baden-Württemberg,49.5714,9.06392
Badow,Mecklenburg-Vorpommern,53.65278,11.17452
Badra,Thüringen,51.36577,10.89943
Baek,Brandenburg,53.11688,11.92614
Baesweiler,Nordrhein-Westfalen,50.9213,6.19465
Bagemühl,Brandenburg,53.39779,14.13781
Bagenz,Brandenburg,51.5838,14.37591
Bagow,Brandenburg,52.48522,12.5601
Bahlenhüschen,Mecklenburg-Vorpommern,53.5778,11.69466
Bahlingen,Baden-Württemberg,48.12344,7.7386
Bahnhof Zimmernsupra-Töttelstädt,Thüringen,51.07449,10.85541
Bahnitz,Brandenburg,52.5979,12.52041
Bahnsdorf,Brandenburg,51.59017,13.61945
Bahnstock,Baden-Württemberg,48.0745,9.75175
Bahratal,Sachsen,50.84846,13.94071
Bahrdorf,Niedersachsen,52.37285,10.99481
Bahren,Brandenburg,51.70642,13.63103
Bahrenborstel,Niedersachsen,52.56802,8.80827
Bahrendorf,Sachsen-Anhalt,52.03183,11.51991
Bahrenfleth,Schlewig-Holstein,53.87501,9.46728
Bahrenhof,Schlewig-Holstein,53.83793,10.18284
Bahrenhorst,Mecklenburg-Vorpommern,54.13573,11.95561
Bahretal,Sachsen,50.87448,13.9493
Bahro,Brandenburg,52.0884,14.6454
Baienfurt,Baden-Württemberg,47.84153,9.67158
Baierbach,Bayern,48.41847,12.19321
Baierbrunn,Bayern,48.01869,11.48032
Baierhof,Baden-Württemberg,48.67399,9.74754
Baiern,Bayern,47.97172,11.88825
Baiersbronn,Baden-Württemberg,48.53724,8.34618
Baiersdorf,Bayern,49.65936,11.03387
Baindt,Baden-Württemberg,47.84153,9.67158
Baisweil,Bayern,47.94458,10.54026
Baitz,Brandenburg,52.17817,12.6006
Bakum,Niedersachsen,52.74041,8.19532
Balderschwang,Bayern,47.44647,10.24027
Baldham,Bayern,48.09887,11.78681
Baldringen,Rheinland-Pfalz,49.60112,6.68743
Balduinstein,Rheinland-Pfalz,50.3549,8.04866
Balesfeld,Rheinland-Pfalz,50.13897,6.34764
Balge,Niedersachsen,52.71822,9.18492
Balgheim,Baden-Württemberg,48.06675,8.76584
Balgstädt,Sachsen-Anhalt,51.23826,11.76903
Balingen,Baden-Württemberg,48.26783,8.85455
Balje,Niedersachsen,53.83046,9.13387
Balkenkoppel,Mecklenburg-Vorpommern,54.23283,12.6236
Ballendorf,Baden-Württemberg,48.55435,10.08003
Ballenstedt,Sachsen-Anhalt,51.64225,11.12517
Ballerstedt,Sachsen-Anhalt,52.78907,11.72233
Ballhausen,Thüringen,51.16137,10.81909
Ballrechten-Dottingen,Baden-Württemberg,47.85685,7.70252
Ballstedt,Thüringen,51.07341,11.29717
Ballstädt,Thüringen,50.8969,10.76719
Balow,Mecklenburg-Vorpommern,53.27783,11.6271
Baltmannsweiler,Baden-Württemberg,48.74514,9.44236
Baltrum,Niedersachsen,53.72881,7.39664
Balve,Nordrhein-Westfalen,51.32495,7.86175
Balzhausen,Bayern,48.24202,10.49337
Balzheim,Baden-Württemberg,48.17795,10.07712
Bamberg,Bayern,49.8892,10.89859
Bamme,Brandenburg,52.5979,12.52041
Bammental,Baden-Württemberg,49.35261,8.77906
Bandau,Sachsen-Anhalt,52.62603,11.17187
Bandekow,Mecklenburg-Vorpommern,53.27957,11.0146
Bandelin,Mecklenburg-Vorpommern,53.93365,13.42955
Bandenitz,Mecklenburg-Vorpommern,53.40188,11.24957
Bandow,Mecklenburg-Vorpommern,53.93303,12.10239
Bann,Rheinland-Pfalz,49.38948,7.61506
Bannberscheid,Rheinland-Pfalz,50.47165,7.83528
Bannesdorf,Schlewig-Holstein,54.47005,11.13293
Bannewitz,Sachsen,50.99023,13.72441
Banteln,Niedersachsen,51.16569,10.45153
Bantikow,Brandenburg,52.90399,12.45388
Bantin,Mecklenburg-Vorpommern,53.5616,10.94705
Banzendorf,Brandenburg,52.9669,12.98502
Banzenhof,Rheinland-Pfalz,50.13772,6.21658
Banzin,Mecklenburg-Vorpommern,53.39957,10.9684
Banzkow,Mecklenburg-Vorpommern,53.52701,11.52583
Barbelroth,Rheinland-Pfalz,49.08987,7.96204
Barbing,Bayern,49.00324,12.19752
Barby,Sachsen-Anhalt,51.96663,11.88031
Barchfeld,Thüringen,50.802,10.30908
Bardenitz,Brandenburg,51.95066,13.09874
Bardowick,Niedersachsen,53.31764,10.37975
Barenburg,Niedersachsen,52.56802,8.80827
Barendorf,Mecklenburg-Vorpommern,53.84653,11.18732
Barendorf,Niedersachsen,53.19161,10.57223
Barenthin,Brandenburg,52.98479,12.35979
Bargenstedt,Schlewig-Holstein,54.10401,9.06229
Bargfeld-Stegen,Schlewig-Holstein,53.77163,10.18836
Bargholz,Schlewig-Holstein,53.93066,9.75057
Bargischow,Mecklenburg-Vorpommern,53.79552,13.76374
Bargstall,Schlewig-Holstein,54.29882,9.50302
Bargstedt,Niedersachsen,53.45911,9.47201
Bargstedt,Schlewig-Holstein,54.18121,9.75898
Bargteheide,Schlewig-Holstein,53.72155,10.26084
Bargum,Schlewig-Holstein,54.68164,8.93372
Bark,Schlewig-Holstein,53.89319,10.17631
Barkelsby,Schlewig-Holstein,54.49796,9.86693
Barkenholm,Schlewig-Holstein,54.24257,9.1926
Barkhorn,Schlewig-Holstein,54.40398,9.38583
Barkow,Mecklenburg-Vorpommern,53.43336,12.25348
Barleben,Sachsen-Anhalt,52.20582,11.6082
Barlt,Schlewig-Holstein,54.01358,9.05739
Barmissen,Schlewig-Holstein,54.21897,10.16541
Barmstedt,Schlewig-Holstein,53.80626,9.77566
Barneberg,Sachsen-Anhalt,52.08624,11.11985
Barnekow,Mecklenburg-Vorpommern,53.90597,11.406
Barnewitz,Brandenburg,52.5979,12.52041
Barnin,Mecklenburg-Vorpommern,53.5778,11.69466
Barnitz,Schlewig-Holstein,53.83343,10.4873
Barnstedt,Niedersachsen,53.16498,10.38158
Barnstorf,Niedersachsen,52.71494,8.56809
Barnstädt,Sachsen-Anhalt,51.34216,11.58123
Barntrup,Nordrhein-Westfalen,51.99754,9.12085
Barsbek,Schlewig-Holstein,54.39513,10.36466
Barsbüttel,Schlewig-Holstein,53.57777,10.21405
Barsdorf,Brandenburg,53.05639,13.10828
Barsikow,Brandenburg,52.8583,12.43437
Barsinghausen,Niedersachsen,52.34375,9.48061
Bartelshagen II,Mecklenburg-Vorpommern,54.30752,12.61132
Bartenshagen,Mecklenburg-Vorpommern,54.09947,11.87608
Bartensleben,Sachsen-Anhalt,52.22486,11.30453
Barth,Mecklenburg-Vorpommern,54.35401,12.6325
Bartholomä,Baden-Württemberg,48.74186,9.95954
Bartow,Mecklenburg-Vorpommern,53.76084,13.29507
Barum,Niedersachsen,53.18415,10.44735
Baruth,Brandenburg,52.03348,13.50421
Barver,Niedersachsen,52.59262,8.47289
Barwedel,Niedersachsen,52.52131,10.77495
Barweiler,Rheinland-Pfalz,50.34786,6.85686
Barzig,Brandenburg,51.56111,13.89658
Barßel,Niedersachsen,53.14657,7.79356
Basberg,Rheinland-Pfalz,50.30522,6.69693
Basdahl,Niedersachsen,53.49807,9.11349
Basdorf,Brandenburg,52.03447,11.58819
Basedow,Mecklenburg-Vorpommern,53.73868,12.76657
Basedow,Schlewig-Holstein,53.43479,10.5472
Bassenheim,Rheinland-Pfalz,50.37288,7.4605
Bassum,Niedersachsen,52.87543,8.73397
Bastheim,Bayern,50.38954,10.17787
Basthorst,Schlewig-Holstein,53.55673,10.51734
Bastorf,Mecklenburg-Vorpommern,54.10838,11.67445
Battaune,Sachsen,51.4869,12.6412
Battenberg,Hessen,50.99661,8.63347
Battenberg,Rheinland-Pfalz,49.54306,8.13804
Battgendorf,Thüringen,51.21247,11.28237
Battin,Sachsen-Anhalt,51.83464,12.98299
Battinsthal,Mecklenburg-Vorpommern,53.30035,14.21503
Battweiler,Rheinland-Pfalz,49.19984,7.46936
Batzlow,Brandenburg,52.568,14.07353
Bauda,Sachsen,51.28346,13.67654
Baudenbach,Bayern,49.63549,10.54491
Bauerbach,Thüringen,50.53061,10.35396
Bauerkuhl,Mecklenburg-Vorpommern,53.40765,11.72243
Bauler,Rheinland-Pfalz,50.17169,6.54465
Baumersroda,Sachsen-Anhalt,51.23826,11.76903
Baumgarten,Brandenburg,53.05639,13.10828
Baumgarten,Mecklenburg-Vorpommern,53.86087,11.94391
Baumholder,Rheinland-Pfalz,49.64121,7.36394
Baunach,Bayern,49.99483,10.85294
Baunatal,Hessen,51.25286,9.40441
Bausendorf,Rheinland-Pfalz,50.02296,7.01439
Baustert,Rheinland-Pfalz,49.99789,6.49627
Bautzen,Sachsen,51.18159,14.423
Bawinkel,Niedersachsen,52.59365,7.42047
Bayerbach,Bayern,48.55753,12.71948
Bayerfeld-Steckweiler,Rheinland-Pfalz,49.65376,7.87329
Bayerisch Eisenstein,Bayern,49.12161,13.19925
Bayerisch Gmain,Bayern,47.71608,12.89653
Bayreuth,Bayern,49.93777,11.57681
Bayrischzell,Bayern,47.67322,12.0142
Bebendorf,Thüringen,51.38965,10.16816
Bebensee,Schlewig-Holstein,53.85411,10.2501
Beberstedt,Thüringen,51.25626,10.35915
Bebertal,Sachsen-Anhalt,52.22486,11.30453
Beblinstetten,Bayern,48.11078,10.30818
Bebra,Hessen,50.96888,9.79738
Becheln,Rheinland-Pfalz,50.31612,7.69362
Bechelsdorf,Mecklenburg-Vorpommern,53.83187,10.87156
Bechenheim,Rheinland-Pfalz,49.7021,8.1389
Becherbach,Rheinland-Pfalz,49.71872,7.54944
Bechhofen,Bayern,49.17639,10.56643
Bechhofen,Rheinland-Pfalz,49.3575,7.47965
Bechstedt,Thüringen,50.65898,11.11527
Bechstedtstraß,Thüringen,50.9603,11.25562
Bechtheim,Rheinland-Pfalz,49.72694,8.29543
Bechtolsheim,Rheinland-Pfalz,49.7021,8.1389
Bechtsrieth,Bayern,49.64586,12.20942
Beckdorf,Niedersachsen,53.40857,9.6258
Beckedorf,Niedersachsen,52.34096,9.3143
Beckedorfer Schacht,Niedersachsen,52.36175,9.28904
Beckeln,Niedersachsen,52.90915,8.58705
Beckendorf,Sachsen-Anhalt,52.08624,11.11985
Beckenhof,Rheinland-Pfalz,49.19143,7.60123
Beckenkrug,Mecklenburg-Vorpommern,53.58217,12.50996
Beckentin,Mecklenburg-Vorpommern,53.27783,11.6271
Beckingen,Saarland,49.43278,6.75593
Beckum,Nordrhein-Westfalen,51.76676,8.05696
Bedburg,Nordrhein-Westfalen,51.01888,6.51679
Bedburg-Hau,Nordrhein-Westfalen,51.76311,6.19781
Bedesbach,Rheinland-Pfalz,49.5499,7.45863
Beedenbostel,Niedersachsen,52.64209,10.25968
Beelen,Nordrhein-Westfalen,51.92218,8.11625
Beelitz,Brandenburg,52.22866,12.92762
Beelitz,Sachsen-Anhalt,52.7276,11.95016
Beendorf,Sachsen-Anhalt,52.22486,11.30453
Beenz,Brandenburg,53.35109,13.4107
Beerbaum,Brandenburg,52.79807,14.01577
Beerfelde,Brandenburg,52.38647,14.19504
Beerfelden,Hessen,49.56762,8.9738
Beesdau,Brandenburg,51.8536,13.75045
Beesenlaublingen,Sachsen-Anhalt,51.69948,11.67058
Beesenstedt,Sachsen-Anhalt,51.5252,11.82739
Beeskow,Brandenburg,52.15111,14.14896
Beesten,Niedersachsen,52.48427,7.53764
Beestland,Mecklenburg-Vorpommern,53.83658,13.01175
Beetz,Brandenburg,52.78381,13.008
Beetzendorf,Sachsen-Anhalt,52.68405,11.01609
Beggerow,Mecklenburg-Vorpommern,53.83658,13.01175
Behlendorf,Schlewig-Holstein,53.72681,10.63734
Behlow,Brandenburg,51.98339,14.29955
Behnkendorf,Mecklenburg-Vorpommern,54.2384,13.10249
Behnsdorf,Sachsen-Anhalt,52.32959,11.11053
Behren-Lübchin,Mecklenburg-Vorpommern,53.97155,12.70468
Behrendorf,Sachsen-Anhalt,52.78907,11.72233
Behrendorf,Schlewig-Holstein,54.56395,9.22321
Behrenhoff,Mecklenburg-Vorpommern,54.11842,13.37624
Behrensdorf,Brandenburg,52.21586,14.00835
Behrensdorf,Schlewig-Holstein,54.30053,10.56164
Behringen,Thüringen,50.92445,10.86714
Behringer Schenke,Thüringen,50.75397,11.11105
Behrungen,Thüringen,50.44895,10.44788
Bei den Tongruben,Hessen,50.20249,8.98256
Beicha,Sachsen,51.13432,13.12724
Beichlingen,Thüringen,51.21247,11.28237
Beidendorf,Mecklenburg-Vorpommern,53.79058,11.4282
Beidenfleth,Schlewig-Holstein,53.87491,9.3993
Beierfeld,Sachsen,50.52933,12.77012
Beiersdorf,Brandenburg,52.16511,13.69736
Beiersdorf,Sachsen,51.05658,14.50503
Beierstedt,Niedersachsen,52.06908,10.85168
Beilingen,Rheinland-Pfalz,49.94066,6.66275
Beilngries,Bayern,49.0053,11.4919
Beilrode,Sachsen,51.57648,13.08535
Beilstein,Baden-Württemberg,49.05284,9.34449
Beilstein,Rheinland-Pfalz,50.19369,7.15361
Beimerstetten,Baden-Württemberg,48.48227,9.97782
Beindersheim,Rheinland-Pfalz,49.56121,8.31984
Beinerstadt,Thüringen,50.50626,10.62202
Beinhausen,Rheinland-Pfalz,50.17706,6.88055
Bekdorf,Schlewig-Holstein,53.92699,9.36454
Bekmünde,Schlewig-Holstein,53.9367,9.5192
Bekond,Rheinland-Pfalz,49.83891,6.85195
Belau,Schlewig-Holstein,54.11993,10.2282
Beldorf,Schlewig-Holstein,54.12177,9.40193
Belg,Rheinland-Pfalz,50.08943,7.2844
Belgern,Sachsen,51.4824,13.12558
Belgershain,Sachsen,51.27875,12.59181
Belgweiler,Rheinland-Pfalz,49.98951,7.54625
Bell,Rheinland-Pfalz,50.23286,7.30894
Belleben,Sachsen-Anhalt,51.69948,11.67058
Bellenberg,Bayern,48.25794,10.09452
Bellers,Hessen,50.94996,10.0276
Bellevue,Baden-Württemberg,49.03343,9.07901
Bellheim,Rheinland-Pfalz,49.19468,8.29312
Bellin,Mecklenburg-Vorpommern,53.68244,12.36276
Belling,Mecklenburg-Vorpommern,53.50257,13.99953
Bellingen,Rheinland-Pfalz,50.55079,7.9309
Bellingen,Sachsen-Anhalt,52.62268,11.65093
Bellstedt,Thüringen,51.28627,10.73382
Belm,Niedersachsen,52.32551,8.15139
Below,Mecklenburg-Vorpommern,53.32468,12.45353
Belrieth,Thüringen,50.53061,10.35396
Belsch,Mecklenburg-Vorpommern,53.40188,11.24957
Belsdorf,Sachsen-Anhalt,52.32959,11.11053
Beltheim,Rheinland-Pfalz,50.10642,7.4625
Belum,Niedersachsen,53.79414,9.02653
Belzhof,Baden-Württemberg,49.02017,10.03239
Belzig,Brandenburg,52.17817,12.6006
Bembermühle,Rheinland-Pfalz,50.44196,7.67571
Bembsmühle,Rheinland-Pfalz,50.44237,7.59047
Bempflingen,Baden-Württemberg,48.57203,9.26821
Benckendorf,Mecklenburg-Vorpommern,53.9075,10.97564
Bendeleben,Thüringen,51.36577,10.89943
Bendelin,Brandenburg,52.96478,12.02786
Bendestorf,Niedersachsen,53.33622,9.9735
Bendfeld,Schlewig-Holstein,54.39513,10.36466
Bendhof,Mecklenburg-Vorpommern,53.67731,11.11736
Bendorf,Rheinland-Pfalz,50.44237,7.59047
Bendorf,Schlewig-Holstein,54.12177,9.40193
Benediktbeuern,Bayern,47.67634,11.45162
Bengel,Rheinland-Pfalz,50.02296,7.01439
Benitz,Mecklenburg-Vorpommern,53.93303,12.10239
Benjental,Rheinland-Pfalz,49.32814,8.21057
Benken,Brandenburg,52.17817,12.6006
Benkendorf,Sachsen-Anhalt,52.79643,11.33372
Benkendorf b Salzmünde,Sachsen-Anhalt,51.45646,11.81881
Benndorf,Sachsen-Anhalt,51.58307,11.49236
Benneckenstein,Sachsen-Anhalt,51.66413,10.72186
Bennewitz,Sachsen,51.36439,12.68831
Bennhausen,Rheinland-Pfalz,49.65376,7.87329
Bennin,Mecklenburg-Vorpommern,53.39957,10.9684
Benningen,Baden-Württemberg,48.94326,9.2399
Benningen,Bayern,47.96864,10.21794
Bennstedt,Sachsen-Anhalt,51.45646,11.81881
Bennungen,Sachsen-Anhalt,51.46302,11.06951
Benratherhof,Rheinland-Pfalz,49.60112,6.68743
Bensdorf,Brandenburg,52.36809,12.33949
Benshausen,Thüringen,50.64401,10.60505
Bensheim,Hessen,49.68704,8.62886
Bentwisch,Brandenburg,52.98856,11.7934
Bentwisch,Mecklenburg-Vorpommern,54.17438,12.23619
Bentzin,Mecklenburg-Vorpommern,53.91804,13.24177
Benz,Mecklenburg-Vorpommern,53.71231,12.21832
Benzin,Mecklenburg-Vorpommern,53.77944,11.04967
Benzweiler,Rheinland-Pfalz,50.02507,7.63355
Beratzhausen,Bayern,49.10504,11.81815
Berbisdorf,Sachsen,51.2012,13.74033
Berching,Bayern,49.10285,11.4373
Berchtesgaden,Bayern,47.63321,13.05171
Bereborn,Rheinland-Pfalz,50.2767,7.00707
Berenbach,Rheinland-Pfalz,50.18685,7.00246
Berenbrock,Sachsen-Anhalt,52.53867,11.40509
Berendshagen,Mecklenburg-Vorpommern,53.98913,11.89085
Berg,Baden-Württemberg,47.81026,9.60089
Berg,Bayern,48.745,11.91689
Berg,Rheinland-Pfalz,49.90749,7.65687
Berg im Gau,Bayern,48.63675,11.25524
Berga,Sachsen-Anhalt,51.46302,11.06951
Berga,Thüringen,50.7443,12.14674
Bergatreute,Baden-Württemberg,47.85464,9.75181
Berge,Brandenburg,52.87415,12.36908
Berge,Niedersachsen,52.60372,7.6829
Berge,Sachsen-Anhalt,52.53867,11.40509
Bergen,Bayern,48.42645,11.8598
Bergen,Brandenburg,51.70969,13.78458
Bergen,Mecklenburg-Vorpommern,54.41174,13.42585
Bergen,Niedersachsen,52.8335,10.47001
Bergen,Rheinland-Pfalz,49.781,7.41761
Bergen,Sachsen,50.4798,12.29066
Bergenhausen,Rheinland-Pfalz,49.98951,7.54625
Bergenhusen,Schlewig-Holstein,54.3764,9.31493
Bergerdamm,Brandenburg,52.63142,12.81202
Bergerhof,Rheinland-Pfalz,50.28074,7.83452
Bergewöhrden,Schlewig-Holstein,54.29485,9.15713
Bergfeld,Niedersachsen,52.54295,10.84795
Bergfelde,Brandenburg,52.67157,13.31745
Berghaupten,Baden-Württemberg,48.40731,7.98721
Berghausen,Rheinland-Pfalz,50.26865,7.97579
Bergheim,Bayern,48.7617,11.25672
Bergheim,Nordrhein-Westfalen,50.95887,6.67051
Berghof,Baden-Württemberg,48.69146,9.41793
Bergholz,Brandenburg,52.17817,12.6006
Bergholz,Mecklenburg-Vorpommern,53.51,14.21318
Bergholz-Rehbrücke,Brandenburg,52.3237,13.14108
Berghülen,Baden-Württemberg,48.4637,9.76167
Bergisch Gladbach,Nordrhein-Westfalen,50.98457,7.13531
Bergisdorf,Sachsen-Anhalt,51.01843,12.15186
Bergkamen,Nordrhein-Westfalen,51.61594,7.6168
Bergkirchen,Bayern,48.24867,11.34378
Berglage,Niedersachsen,52.52575,8.36743
Berglangenbach,Rheinland-Pfalz,49.61106,7.27337
Berglen,Baden-Württemberg,48.86127,9.46852
Berglern,Bayern,48.3834,11.92966
Berglicht,Rheinland-Pfalz,49.76052,6.9528
Bergmühle,Rheinland-Pfalz,49.72731,7.77112
Bergneustadt,Nordrhein-Westfalen,51.02214,7.66946
Bergrade Dorf,Mecklenburg-Vorpommern,53.5239,11.79548
Bergrheinfeld,Bayern,50.00055,10.16563
Bergschäferei,Brandenburg,52.568,14.07353
Bergsdorf,Brandenburg,53.05639,13.10828
Bergtheim,Bayern,49.89918,10.0815
Bergweiler,Rheinland-Pfalz,49.95221,6.81812
Bergwitz,Sachsen-Anhalt,51.72882,12.45493
Bergzow,Sachsen-Anhalt,52.37445,12.17608
Beringstedt,Schlewig-Holstein,54.1114,9.53474
Berka,Thüringen,50.92978,10.11216
Berka v d Hainich,Thüringen,51.07874,10.3351
Berkach,Thüringen,50.44895,10.44788
Berkatal,Hessen,51.23739,9.90866
Berkau,Sachsen-Anhalt,52.68707,11.4372
Berkenbrück,Brandenburg,52.38647,14.19504
Berkenthin,Schlewig-Holstein,53.72681,10.63734
Berkheim,Baden-Württemberg,48.042,10.08308
Berkholz-Meyenburg,Brandenburg,53.21125,14.20947
Berkoth,Rheinland-Pfalz,49.99551,6.23244
Berlin,Berlin,52.50427,13.38703
Berlinchen,Brandenburg,53.12115,12.51526
Berlingen,Rheinland-Pfalz,50.13325,6.7214
Berlingerode,Thüringen,51.45727,10.36357
Berlstedt,Thüringen,51.07341,11.29717
Bermatingen,Baden-Württemberg,47.72501,9.33753
Bermbach,Thüringen,50.71901,10.29295
Bermel,Rheinland-Pfalz,50.36912,7.15165
Bermersheim,Rheinland-Pfalz,49.70124,8.18727
Bernau,Baden-Württemberg,47.7928,8.06544
Bernau,Bayern,47.81906,12.3777
Bernau,Brandenburg,52.68748,13.56728
Bernbeuren,Bayern,47.73868,10.77569
Bernburg,Sachsen-Anhalt,51.7805,11.78196
Berndorf,Rheinland-Pfalz,50.30522,6.69693
Berndroth,Rheinland-Pfalz,50.29585,7.91754
Berne,Niedersachsen,53.16569,8.46313
Berneck,Baden-Württemberg,48.6108,9.83555
Berngau,Bayern,49.24257,11.37241
Bernhalden,Baden-Württemberg,49.00331,9.50248
Bernhardswald,Bayern,49.09319,12.25534
Bernheide,Brandenburg,53.08315,11.49815
Bernitt,Mecklenburg-Vorpommern,53.77814,12.01836
Bernkastel-Kues,Rheinland-Pfalz,49.91683,7.06457
Bernried,Bayern,48.38867,12.07771
Bernsbach,Sachsen,50.57667,12.77032
Bernsdorf,Brandenburg,51.72081,13.2298
Bernsdorf,Sachsen,51.10405,13.37342
Bernsdorf,Thüringen,50.63519,11.35947
Bernsgrün,Thüringen,50.59186,11.99433
Bernstadt,Baden-Württemberg,48.49953,10.0239
Bernstadt,Sachsen,51.04724,14.82708
Bernstorf,Mecklenburg-Vorpommern,53.70407,11.06719
Bernterode,Thüringen,51.37483,10.32382
Bernöwe,Brandenburg,52.74392,13.36149
Berod,Rheinland-Pfalz,50.56512,7.81842
Berscheid,Rheinland-Pfalz,49.99551,6.23244
Berschweiler,Rheinland-Pfalz,49.67911,7.35486
Bersenbrück,Niedersachsen,52.55469,7.93669
Berthelsdorf,Sachsen,51.02755,14.75427
Bertikow,Brandenburg,53.3194,13.87248
Bertingen,Sachsen-Anhalt,52.43399,11.81062
Bertkow,Sachsen-Anhalt,52.7276,11.95016
Bertsdorf-Hörnitz,Sachsen,50.92414,14.77012
Berumbur,Niedersachsen,53.61282,7.28932
Berzhahn,Rheinland-Pfalz,50.55079,7.9309
Berzhausen,Rheinland-Pfalz,50.64756,7.52776
Berßel,Sachsen-Anhalt,51.978,10.73566
Besandten,Brandenburg,53.08315,11.49815
Bescheid,Rheinland-Pfalz,49.72609,6.91586
Beschendorf,Schlewig-Holstein,54.21963,10.88332
Besdorf,Schlewig-Holstein,54.05511,9.3408
Beselich,Hessen,50.45757,8.12464
Besenthal,Schlewig-Holstein,53.55596,10.76661
Beseritz,Mecklenburg-Vorpommern,53.60399,13.28988
Besigheim,Baden-Württemberg,48.99666,9.15755
Besitz,Mecklenburg-Vorpommern,53.40359,10.76152
Bessenbach,Bayern,49.97659,9.25517
Bestenrade,Mecklenburg-Vorpommern,53.77944,11.04967
Bestensee,Brandenburg,52.2224,13.64438
Bestwig,Nordrhein-Westfalen,51.35167,8.38734
Bethanien,Sachsen,50.30514,12.3245
Bethau,Sachsen-Anhalt,51.73072,13.04439
Betheln,Niedersachsen,52.11195,9.79137
Bethenhausen,Thüringen,50.91442,12.13504
Betteldorf,Rheinland-Pfalz,50.13325,6.7214
Betten,Brandenburg,51.59657,13.74282
Bettendorf,Rheinland-Pfalz,50.20139,7.85813
Bettenfeld,Rheinland-Pfalz,50.07866,6.77218
Bettenhausen,Thüringen,50.53061,10.35396
Bettingen,Rheinland-Pfalz,49.94518,6.39373
Betzdorf,Rheinland-Pfalz,50.7728,7.87368
Betzendorf,Niedersachsen,53.12795,10.30756
Betzenhausen,Bayern,48.0866,10.28354
Betzenstein,Bayern,49.68005,11.41761
Betzenweiler,Baden-Württemberg,48.06185,9.60795
Betzigau,Bayern,47.71416,10.43751
Betzin,Brandenburg,52.76191,12.81194
Betzweiler-Wälde,Baden-Württemberg,51.16569,10.45153
Beucha,Sachsen,51.32281,12.56179
Beuchow,Mecklenburg-Vorpommern,54.35028,13.47676
Beuernfeld,Thüringen,50.91344,10.20282
Beughorst,Mecklenburg-Vorpommern,54.30752,12.61132
Beulbar-Ilmsdorf,Thüringen,50.93901,11.75028
Beulich,Rheinland-Pfalz,50.15862,7.48796
Beulwitz,Thüringen,50.63519,11.35947
Beuna,Sachsen-Anhalt,51.35483,11.9792
Beuren,Baden-Württemberg,48.57133,9.40348
Beuren,Rheinland-Pfalz,49.93479,6.9931
Beuren,Thüringen,51.38661,10.32291
Beurenermühle,Rheinland-Pfalz,50.07097,7.03559
Beuron,Baden-Württemberg,48.07903,9.0271
Beuster,Sachsen-Anhalt,52.88777,11.75233
Beutel,Brandenburg,53.18163,13.54788
Beutelsbach,Bayern,48.56985,13.06939
Beutelsdorf,Thüringen,50.73282,11.32871
Beutenmühle,Baden-Württemberg,48.80723,9.67042
Beutersitz,Brandenburg,51.53215,13.37895
Beveringen,Brandenburg,53.13447,12.18056
Bevern,Niedersachsen,51.85687,9.49551
Bevern,Schlewig-Holstein,53.80626,9.77566
Beverstedt,Niedersachsen,53.43477,8.79697
Beverungen,Nordrhein-Westfalen,51.66014,9.34661
Bexbach,Saarland,49.3718,7.25593
Beyern,Brandenburg,51.59237,13.22793
Beyernaumburg,Sachsen-Anhalt,51.45058,11.23554
Bias,Sachsen-Anhalt,52.00334,12.22069
Biberach,Baden-Württemberg,48.21436,8.91982
Biberau,Thüringen,50.50767,10.94296
Biberbach,Bayern,48.50466,10.78722
Bibersohl,Baden-Württemberg,48.74186,9.95954
Bibertal,Bayern,48.39167,10.20403
Biblis,Hessen,49.68388,8.39319
Bibow,Mecklenburg-Vorpommern,53.79131,11.64686
Bibra,Thüringen,50.62454,11.01582
Biburg,Bayern,48.46332,12.08117
Bichl,Bayern,49.4381,10.95528
Bicken,Schlewig-Holstein,54.64155,9.80308
Bickenbach,Hessen,49.75443,8.6113
Bickenbach,Rheinland-Pfalz,50.11304,7.57863
Bickendorf,Rheinland-Pfalz,49.99789,6.49627
Bickenriede,Thüringen,51.25626,10.35915
Bickhusen,Mecklenburg-Vorpommern,53.40359,10.76152
Bidingen,Bayern,47.8284,10.71075
Biebelnheim,Rheinland-Pfalz,49.7021,8.1389
Biebelried,Bayern,49.74513,10.18752
Biebelsheim,Rheinland-Pfalz,49.79997,7.90035
Bieberehren,Bayern,49.51506,10.00844
Biebergemünd,Hessen,50.162,9.29743
Biebern,Rheinland-Pfalz,49.99609,7.44468
Biebersdorf,Brandenburg,51.91288,14.12376
Bieberstein,Sachsen,51.00983,13.37793
Biebertal,Hessen,50.64445,8.57874
Biebesheim,Hessen,49.7827,8.44892
Biebing,Bayern,48.02156,12.03508
Biebrich,Rheinland-Pfalz,50.29585,7.91754
Biedenkopf,Hessen,50.9316,8.51839
Biederbach,Baden-Württemberg,48.17181,8.07187
Biederitz,Sachsen-Anhalt,52.14738,11.76182
Biedershausen,Rheinland-Pfalz,49.31719,7.52115
Biedesheim,Rheinland-Pfalz,49.64194,8.13416
Biegen,Brandenburg,52.29345,14.48893
Biehlen,Brandenburg,51.45661,13.86426
Biehlerhof,Rheinland-Pfalz,49.09014,7.67303
Bielefeld,Nordrhein-Westfalen,52.01676,8.54651
Bielen,Thüringen,51.47117,10.74226
Biendorf,Mecklenburg-Vorpommern,54.10838,11.67445
Biendorf,Sachsen-Anhalt,51.80198,11.66856
Bienenbüttel,Niedersachsen,53.13367,10.48963
Bienstädt,Thüringen,51.07449,10.85541
Biere,Sachsen-Anhalt,51.97447,11.65596
Biermühle,Rheinland-Pfalz,50.07866,6.77218
Biersackschlag,Bayern,49.10136,12.0007
Bierschbacher Mühle,Rheinland-Pfalz,50.42268,6.90756
Biersdorf am See,Rheinland-Pfalz,49.99789,6.49627
Bierstedt,Sachsen-Anhalt,52.79643,11.33372
Biesdorf,Rheinland-Pfalz,49.90874,6.31392
Biesenbrow,Brandenburg,53.04259,13.98426
Biesendahlshof,Brandenburg,53.21125,14.20947
Biesenrode,Sachsen-Anhalt,51.59819,11.45869
Biesenthal,Brandenburg,52.76525,13.64496
Biessenhofen,Bayern,47.82977,10.64116
Biesterholz,Brandenburg,53.13447,12.18056
Bietigheim,Baden-Württemberg,48.91034,8.25319
Bietigheim-Bissingen,Baden-Württemberg,48.95357,9.12418
Bietikow,Brandenburg,53.3194,13.87248
Bilkheim,Rheinland-Pfalz,50.48113,7.94372
Billeben,Thüringen,51.28627,10.73382
Billerbeck,Nordrhein-Westfalen,51.99482,7.33643
Billigheim,Baden-Württemberg,49.34222,9.23815
Billigheim-Ingenheim,Rheinland-Pfalz,49.13709,8.10188
Billroda,Sachsen-Anhalt,51.18797,11.53109
Bilsen,Schlewig-Holstein,53.77298,9.84693
Bilshausen,Niedersachsen,51.60763,10.22025
Bilzingsleben,Thüringen,51.29237,11.11387
Bimöhlen,Schlewig-Holstein,53.91034,9.84381
Binau,Baden-Württemberg,49.37312,9.0751
Binde,Sachsen-Anhalt,52.79643,11.33372
Bindfelde,Sachsen-Anhalt,52.56094,11.94126
Bindlach,Bayern,50.00457,11.60375
Bindow,Brandenburg,52.29584,13.7901
Bingen,Baden-Württemberg,48.11352,9.28359
Bingen,Rheinland-Pfalz,49.9437,7.92253
Bingenheimer Mühle,Hessen,50.35866,8.87399
Binnen,Niedersachsen,52.61933,9.13189
Binningen,Rheinland-Pfalz,50.21396,7.26913
Binnrot,Baden-Württemberg,48.042,10.08308
Binsfeld,Rheinland-Pfalz,49.95221,6.81812
Binswangen,Bayern,48.55565,10.67544
Binzen,Baden-Württemberg,47.6344,7.61822
Bippen,Niedersachsen,52.60372,7.6829
Birenbach,Baden-Württemberg,48.7476,9.66047
Birgel,Rheinland-Pfalz,50.31073,6.60346
Birgland,Bayern,49.43733,11.61688
Birkachhof,Baden-Württemberg,48.86979,9.40661
Birken-Honigsessen,Rheinland-Pfalz,50.81873,7.74218
Birkenau,Hessen,49.56296,8.70845
Birkenbeul,Rheinland-Pfalz,50.75832,7.64617
Birkenfeld,Baden-Württemberg,48.86692,8.60332
Birkenfeld,Bayern,49.85863,9.69502
Birkenfeld,Rheinland-Pfalz,49.64293,7.17356
Birkenfelde,Brandenburg,53.13447,12.18056
Birkenfelde,Thüringen,51.36287,10.07218
Birkenhain,Brandenburg,52.36873,13.31653
Birkenheide,Rheinland-Pfalz,49.48571,8.25994
Birkenhof,Rheinland-Pfalz,49.98951,7.54625
Birkenhördt,Rheinland-Pfalz,49.08987,7.96204
Birkenhügel,Thüringen,50.41323,11.69093
Birkenschäferei,Sachsen-Anhalt,51.45058,11.23554
Birkenstein,Brandenburg,52.50241,13.66124
Birkenstöcke,Hessen,50.35126,9.20546
Birkenteich,Baden-Württemberg,48.74186,9.95954
Birkenwerder,Brandenburg,52.70171,13.30185
Birkheim,Rheinland-Pfalz,50.11304,7.57863
Birkhof,Baden-Württemberg,48.46499,9.72589
Birkholz,Brandenburg,52.45134,13.2764
Birkholz,Sachsen-Anhalt,52.43399,11.81062
Birkhorst,Brandenburg,52.22866,12.92762
Birkigt,Thüringen,51.16569,10.45153
Birkungen,Thüringen,51.38661,10.32291
Birkweiler,Rheinland-Pfalz,49.13709,8.10188
Birlenbach,Rheinland-Pfalz,50.35528,7.99697
Birnbach,Bayern,48.27174,12.25877
Birnbach,Rheinland-Pfalz,50.7273,7.6948
Birresborn,Rheinland-Pfalz,50.17564,6.62522
Birstein,Hessen,50.35321,9.3081
Birtlingen,Rheinland-Pfalz,49.96812,6.54235
Birx,Thüringen,50.60617,10.1562
Bischberg,Bayern,49.90916,10.82977
Bischbrunn,Bayern,49.85988,9.5104
Bischdorf,Brandenburg,51.72805,13.9005
Bischhagen,Thüringen,51.38965,10.16816
Bischheim,Rheinland-Pfalz,49.6827,8.04919
Bischheim-Häslich,Sachsen,51.24067,14.03283
Bischoffen,Hessen,50.71353,8.4923
Bischofferode,Thüringen,51.5255,10.43203
Bischofrod,Thüringen,50.53675,10.74503
Bischofroda,Thüringen,51.07874,10.3351
Bischofrode,Sachsen-Anhalt,51.552,11.61145
Bischofsgrün,Bayern,50.05241,11.79701
Bischofsheim,Bayern,50.40579,9.99178
Bischofsheim,Hessen,49.98789,8.35588
Bischofsmais,Bayern,48.91805,13.08167
Bischofswerda,Sachsen,51.13443,14.20201
Bischofswiesen,Bayern,47.6339,12.95866
Bischweier,Baden-Württemberg,48.84018,8.2779
Bisingen,Baden-Württemberg,48.30128,8.94063
Bismarckquelle,Schlewig-Holstein,53.52543,10.31347
Bismark,Mecklenburg-Vorpommern,53.49892,14.30434
Bismark,Sachsen-Anhalt,52.66141,11.55543
Bispingen,Niedersachsen,53.12245,9.99208
Bissee,Schlewig-Holstein,54.159,10.02726
Bissendorf,Niedersachsen,52.25684,8.21531
Bissersheim,Rheinland-Pfalz,49.53795,8.18049
Bissingen,Baden-Württemberg,48.59903,9.49621
Bissingen,Bayern,48.71707,10.61756
Bistensee,Schlewig-Holstein,54.42433,9.6854
Bisterschied,Rheinland-Pfalz,49.62698,7.81437
Bitburg,Rheinland-Pfalz,49.96812,6.54235
Bitter,Niedersachsen,53.25568,10.94552
Bitterfeld,Sachsen-Anhalt,51.62096,12.33936
Bittkau,Sachsen-Anhalt,52.43399,11.81062
Bitz,Baden-Württemberg,48.24413,9.09265
Bitzen,Rheinland-Pfalz,50.78504,7.6908
Blaibach,Bayern,49.16673,12.81489
Blaichach,Bayern,47.49886,10.18142
Blandikow,Brandenburg,53.12115,12.51526
Blangenmoorfeld,Schlewig-Holstein,53.94999,9.13863
Blankenbach,Bayern,50.08885,9.23967
Blankenberg,Brandenburg,52.8583,12.43437
Blankenberg,Mecklenburg-Vorpommern,53.71009,11.68974
Blankenberg,Thüringen,50.41323,11.69093
Blankenburg,Brandenburg,53.3194,13.87248
Blankenburg,Sachsen-Anhalt,51.78685,10.95099
Blankenburg,Thüringen,51.16137,10.81909
Blankenfelde,Brandenburg,52.33054,13.41321
Blankenförde,Mecklenburg-Vorpommern,53.35873,13.24523
Blankenhagen,Mecklenburg-Vorpommern,54.17438,12.23619
Blankenhain,Thüringen,50.86088,11.34329
Blankenheim,Nordrhein-Westfalen,50.413,6.7376
Blankenheim,Sachsen-Anhalt,51.45058,11.23554
Blankenhof,Mecklenburg-Vorpommern,53.60399,13.28988
Blankenrath,Rheinland-Pfalz,50.03236,7.28014
Blankensee,Brandenburg,52.23178,13.1885
Blankensee,Mecklenburg-Vorpommern,53.42883,13.77478
Blankenstein,Thüringen,50.41323,11.69093
Blasdorf,Brandenburg,51.98339,14.29955
Blaubach,Rheinland-Pfalz,49.54649,7.40273
Blaubeuren,Baden-Württemberg,48.40174,9.80133
Blaueishütte,Bayern,47.57464,12.86485
Blaues Glück,Thüringen,50.58139,11.47863
Blaufelden,Baden-Württemberg,49.29118,9.9707
Blaustein,Baden-Württemberg,48.41867,9.90798
Blechhammer,Sachsen,50.49494,12.59966
Bleckede,Niedersachsen,53.32457,10.66957
Bleckederwerder,Mecklenburg-Vorpommern,53.25568,10.94552
Bleckenrode,Thüringen,51.45727,10.36357
Bleckhausen,Rheinland-Pfalz,50.13325,6.7214
Bleckhausener Mühle,Rheinland-Pfalz,50.13325,6.7214
Bleialf,Rheinland-Pfalz,50.24031,6.28701
Bleicherode,Thüringen,51.44177,10.57222
Blekendorf,Schlewig-Holstein,54.25914,10.65445
Blender,Niedersachsen,52.92481,9.13212
Blengow,Mecklenburg-Vorpommern,54.10838,11.67445
Blesendorf,Brandenburg,53.12115,12.51526
Blesewitz,Mecklenburg-Vorpommern,53.76275,13.56938
Bleyen,Brandenburg,52.55133,14.55333
Blick,Schlewig-Holstein,54.64155,9.80308
Bliedersdorf,Niedersachsen,53.50899,9.57798
Bliederstedt,Thüringen,51.23446,10.93052
Blieschendorf,Mecklenburg-Vorpommern,53.84653,11.18732
Bliesdorf,Brandenburg,52.70157,14.09171
Bliesendorf,Brandenburg,52.36479,12.87007
Blieskastel,Saarland,49.23903,7.25949
Bliestorf,Schlewig-Holstein,53.74593,10.48397
Blievenstorf,Mecklenburg-Vorpommern,53.40054,11.60276
Blindham,Bayern,51.16569,10.45153
Blindheim,Bayern,48.64768,10.61181
Blindow,Brandenburg,53.3194,13.87248
Blochwitz,Sachsen,51.28346,13.67654
Bloischdorf,Brandenburg,51.5838,14.37591
Blomberg,Niedersachsen,53.57061,7.53082
Blomberg,Nordrhein-Westfalen,51.94872,9.06234
Blomesche Wildnis,Schlewig-Holstein,53.78971,9.43747
Blossin,Brandenburg,52.29584,13.7901
Blowatz,Mecklenburg-Vorpommern,53.94583,11.58931
Blumberg,Baden-Württemberg,47.83174,8.54598
Blumberg,Brandenburg,52.9159,13.94176
Blumenaue,Brandenburg,52.8583,12.43437
Blumenhagen,Brandenburg,53.21125,14.20947
Blumenhagen,Mecklenburg-Vorpommern,53.4504,13.80473
Blumenholz,Mecklenburg-Vorpommern,53.35873,13.24523
Blumenow,Brandenburg,53.05639,13.10828
Blumenthal,Brandenburg,53.13447,12.18056
Blumenthal,Schlewig-Holstein,54.22617,10.0018
Blunk,Schlewig-Holstein,54.02179,10.34482
Blönsdorf,Brandenburg,51.95066,13.09874
Blüssen,Mecklenburg-Vorpommern,53.83187,10.87156
Blütenberg,Brandenburg,52.87955,13.8171
Blüthen,Brandenburg,53.1628,11.7454
Bobbau,Sachsen-Anhalt,51.66942,12.23527
Bobeck,Thüringen,50.85628,11.77906
Bobenheim am Berg,Rheinland-Pfalz,49.51237,8.15079
Bobenheim-Roxheim,Rheinland-Pfalz,49.57742,8.35991
Bobenneukirchen,Sachsen,50.36256,12.07973
Bobenthal,Rheinland-Pfalz,49.09935,7.80816
Boberow,Brandenburg,53.1628,11.7454
Bobingen,Bayern,48.2832,10.78077
Bobitz,Mecklenburg-Vorpommern,53.79058,11.4282
Boblitz,Brandenburg,51.85668,13.90489
Bobritzsch,Sachsen,50.89821,13.43621
Bobzin,Mecklenburg-Vorpommern,53.40188,11.24957
Bocholt,Nordrhein-Westfalen,51.83893,6.61251
Bochow,Brandenburg,52.17722,12.9397
Bochum,Nordrhein-Westfalen,51.4715,7.22019
Bocka,Thüringen,50.848,11.96203
Bockau,Sachsen,50.54225,12.68575
Bockelnhagen,Thüringen,51.5255,10.43203
Bockelwitz,Sachsen,51.15647,12.9271
Bockenau,Rheinland-Pfalz,49.86385,7.73176
Bockenem,Niedersachsen,52.00073,10.12167
Bockenheim,Rheinland-Pfalz,49.60651,8.18309
Bockhorn,Bayern,48.31434,11.98712
Bockhorn,Niedersachsen,53.37126,8.00281
Bockhorst,Niedersachsen,52.99275,7.63299
Bockstadt,Thüringen,50.42322,10.90786
Bockwitz,Sachsen,51.13223,12.80021
Boddin,Brandenburg,53.13447,12.18056
Boddin,Mecklenburg-Vorpommern,53.73924,11.89134
Bodelshausen,Baden-Württemberg,48.39935,8.97175
Bodelwitz,Thüringen,50.70572,11.60129
Boden,Rheinland-Pfalz,50.41991,7.93492
Bodenbach,Rheinland-Pfalz,50.3,6.87738
Bodenbach,Sachsen,51.07993,13.32311
Bodenfelde,Niedersachsen,51.64461,9.5385
Bodenheim,Rheinland-Pfalz,49.93239,8.30406
Bodenkirchen,Bayern,48.40176,12.39452
Bodenmais,Bayern,49.07015,13.10204
Bodenrode,Thüringen,51.38965,10.16816
Bodensee,Niedersachsen,51.60763,10.22025
Bodenwerder,Niedersachsen,51.95522,9.51824
Bodenwöhr,Bayern,49.302,12.28716
Bodman-Ludwigshafen,Baden-Württemberg,47.8178,9.05782
Bodnegg,Baden-Württemberg,47.69986,9.69851
Bodolz,Bayern,47.56271,9.67655
Bodstedt,Mecklenburg-Vorpommern,54.35401,12.6325
Boen,Niedersachsen,53.20341,7.23764
Boffzen,Niedersachsen,51.75039,9.39878
Bogel,Rheinland-Pfalz,50.19177,7.77045
Bogen,Bayern,48.92006,12.68142
Bohmstedt,Schlewig-Holstein,54.58074,9.04634
Bohmte,Niedersachsen,52.42279,8.29327
Bohnenburg,Niedersachsen,53.25568,10.94552
Bohsdorf,Brandenburg,51.5838,14.37591
Boienhagen,Mecklenburg-Vorpommern,53.84653,11.18732
Boiensdorf,Mecklenburg-Vorpommern,53.94583,11.58931
Boissow,Mecklenburg-Vorpommern,53.5616,10.94705
Boitin,Mecklenburg-Vorpommern,53.77814,12.01836
Boitin-Resdorf,Mecklenburg-Vorpommern,53.83187,10.87156
Boitze,Niedersachsen,53.18787,10.73983
Boitzenburger Land,Brandenburg,53.18163,13.54788
Boize,Mecklenburg-Vorpommern,53.5616,10.94705
Boizenburg,Mecklenburg-Vorpommern,53.40359,10.76152
Bokel,Niedersachsen,53.43477,8.79697
Bokel,Schlewig-Holstein,54.04507,9.78515
Bokelhoop,Schlewig-Holstein,54.20397,9.54518
Bokelrehm,Schlewig-Holstein,54.02257,9.37994
Bokensdorf,Niedersachsen,52.50268,10.69883
Bokholt-Hanredder,Schlewig-Holstein,53.75434,9.60588
Bokhorst,Schlewig-Holstein,54.04702,9.4811
Boklund,Schlewig-Holstein,54.40052,9.4998
Boksee,Schlewig-Holstein,54.24198,10.08912
Bolanden,Rheinland-Pfalz,49.63932,8.01159
Bolanderhof,Rheinland-Pfalz,49.66696,7.98012
Boldekow,Mecklenburg-Vorpommern,53.76275,13.56938
Boll,Baden-Württemberg,48.64057,9.61382
Bolland,Mecklenburg-Vorpommern,54.01771,11.69805
Bollberg,Thüringen,50.85628,11.77906
Bollbrücke,Mecklenburg-Vorpommern,54.09947,11.87608
Bollenbach,Rheinland-Pfalz,49.8793,7.33671
Bollendorf,Rheinland-Pfalz,49.85275,6.35991
Bollensdorf,Brandenburg,51.87042,13.42378
Bolleroda,Thüringen,50.91344,10.20282
Bollersdorf,Brandenburg,52.568,14.07353
Bollewick,Mecklenburg-Vorpommern,53.37563,12.59989
Bollingstedt,Schlewig-Holstein,54.55688,9.39823
Bollmannsruh,Brandenburg,52.48522,12.5601
Bollschweil,Baden-Württemberg,47.90813,7.82609
Bollweg,Schlewig-Holstein,53.87721,9.9833
Bolschwitz,Brandenburg,51.72805,13.9005
Bolsterlang,Bayern,47.44647,10.24027
Bolz,Mecklenburg-Vorpommern,53.69223,11.86932
Bomlitz,Niedersachsen,52.9046,9.65818
Boms,Baden-Württemberg,47.93356,9.52635
Bomsdorf,Brandenburg,52.0884,14.6454
Bondelum,Schlewig-Holstein,54.56395,9.22321
Bondorf,Baden-Württemberg,48.52631,8.82828
Bonefeld,Rheinland-Pfalz,50.51594,7.49875
Bonerath,Rheinland-Pfalz,49.67873,6.74208
Bonese,Sachsen-Anhalt,52.78368,10.87672
Bongard,Rheinland-Pfalz,50.3,6.87738
Bonn,Nordrhein-Westfalen,50.71453,7.11016
Bonndorf,Baden-Württemberg,47.81641,8.33739
Bonnhagen,Mecklenburg-Vorpommern,53.84653,11.18732
Bonsbeuern,Rheinland-Pfalz,50.07097,7.03559
Bonstetten,Bayern,48.44328,10.71458
Boock,Mecklenburg-Vorpommern,53.49892,14.30434
Boock,Sachsen-Anhalt,52.78907,11.72233
Boos,Bayern,48.08948,10.21049
Boos,Rheinland-Pfalz,50.11648,7.44171
Boostedt,Schlewig-Holstein,54.00208,10.06088
Bootz,Brandenburg,53.1628,11.7454
Bopfingen,Baden-Württemberg,48.85036,10.33899
Boppard,Rheinland-Pfalz,50.21468,7.58106
Borchen,Nordrhein-Westfalen,51.66766,8.72299
Bordelum,Schlewig-Holstein,54.64959,8.91716
Bordelumsiel,Schlewig-Holstein,54.61951,8.96577
Bordesholm,Schlewig-Holstein,54.159,10.02726
Boren,Schlewig-Holstein,54.64155,9.80308
Borgdorf-Seedorf,Schlewig-Holstein,54.16731,9.85163
Borgentreich,Nordrhein-Westfalen,51.59101,9.28119
Borgholzhausen,Nordrhein-Westfalen,52.10256,8.2813
Borgisdorf,Brandenburg,51.95066,13.09874
Borgsdorf,Brandenburg,52.7144,13.27626
Borgstedt,Schlewig-Holstein,54.33038,9.70798
Borgsum,Schlewig-Holstein,54.71822,8.5031
Borgwedel,Schlewig-Holstein,54.50448,9.60942
Bork-Lellichow,Brandenburg,52.98479,12.35979
Borken,Brandenburg,51.72081,13.2298
Borken,Hessen,51.05185,9.28132
Borken,Nordrhein-Westfalen,51.84413,6.85722
Borkheide,Brandenburg,52.20037,12.79268
Borkow,Mecklenburg-Vorpommern,53.69223,11.86932
Borkum,Niedersachsen,53.58762,6.6704
Borkwalde,Brandenburg,52.20037,12.79268
Borler,Rheinland-Pfalz,50.3,6.87738
Born,Mecklenburg-Vorpommern,54.42158,12.51888
Born,Sachsen-Anhalt,52.33737,11.36597
Borna,Sachsen,51.13041,12.49305
Borne,Brandenburg,52.17817,12.6006
Borne,Sachsen-Anhalt,51.941,11.42505
Bornhagen,Thüringen,51.36287,10.07218
Bornheim,Nordrhein-Westfalen,50.77309,6.96844
Bornheim,Rheinland-Pfalz,49.5069,8.10921
Bornholt,Schlewig-Holstein,54.10144,9.34553
Bornhöved,Schlewig-Holstein,54.05935,10.2283
Bornich,Rheinland-Pfalz,50.12677,7.76569
Bornitz,Sachsen-Anhalt,51.01843,12.15186
Bornow,Brandenburg,52.15111,14.14896
Bornower Ausbau,Brandenburg,52.15111,14.14896
Bornsdorf,Brandenburg,51.8536,13.75045
Bornsen,Sachsen-Anhalt,52.78368,10.87672
Bornsmühle,Rheinland-Pfalz,50.19225,7.68574
Bornstedt,Sachsen-Anhalt,51.88843,11.45799
Bornum,Sachsen-Anhalt,52.00334,12.22069
Borod,Rheinland-Pfalz,50.64911,7.69312
Borrentin,Mecklenburg-Vorpommern,53.83658,13.01175
Borrishaag,Schlewig-Holstein,54.67643,9.71462
Borsch,Thüringen,50.73072,9.98459
Borsdorf,Sachsen,51.34899,12.54607
Borsfleth,Schlewig-Holstein,53.8266,9.43121
Borstel,Niedersachsen,52.65522,8.93707
Borstel,Schlewig-Holstein,53.91801,10.01409
Borstel-Hohenraden,Schlewig-Holstein,53.68879,9.81116
Borstendorf,Sachsen,50.77278,13.18264
Borstorf,Schlewig-Holstein,53.60306,10.61165
Borxleben,Thüringen,51.36678,11.29191
Bosau,Schlewig-Holstein,54.09656,10.49726
Bosbüll,Schlewig-Holstein,54.75626,8.74507
Bosenbach,Rheinland-Pfalz,49.5803,7.51359
Botelsdorf,Mecklenburg-Vorpommern,53.67731,11.11736
Bothel,Niedersachsen,53.06664,9.48352
Bothenheilingen,Thüringen,51.09493,10.62322
Bothkamp,Schlewig-Holstein,54.17627,10.19297
Bottenbach,Rheinland-Pfalz,49.18773,7.50397
Bottendorf,Thüringen,51.28863,11.37115
Bottmersdorf,Sachsen-Anhalt,52.07002,11.36887
Bottrop,Nordrhein-Westfalen,51.54204,6.92483
Bous,Saarland,49.27885,6.8157
Bovenau,Schlewig-Holstein,54.32864,9.84345
Bovenden,Niedersachsen,51.59654,9.86087
Bowiesen,Baden-Württemberg,49.61231,9.83884
Boxberg,Baden-Württemberg,49.47235,9.6503
Boxberg,Rheinland-Pfalz,50.17706,6.88055
Boxberg,Sachsen,51.42693,14.5988
Boßdorf,Sachsen-Anhalt,51.89458,12.83063
Braak,Schlewig-Holstein,53.61549,10.2207
Brachbach,Rheinland-Pfalz,50.82548,7.94336
Brachems,Rheinland-Pfalz,50.32388,7.16785
Brachstedt,Sachsen-Anhalt,51.53243,12.11555
Brachtendorf,Rheinland-Pfalz,50.23911,7.19794
Brachttal,Hessen,50.30231,9.29707
Brachwitz,Brandenburg,52.20037,12.79268
Brachwitz,Sachsen-Anhalt,51.5252,11.82739
Brackel,Niedersachsen,53.29804,10.04466
Brackenberg,Niedersachsen,51.46829,9.74476
Brackenheim,Baden-Württemberg,49.0786,9.08713
Braderup,Schlewig-Holstein,54.87299,8.89749
Brahlstorf,Mecklenburg-Vorpommern,53.25568,10.94552
Brahmenau,Thüringen,50.91442,12.13504
Brahmow,Brandenburg,51.81359,14.1854
Brake,Niedersachsen,53.31841,8.45228
Brakel,Nordrhein-Westfalen,51.7282,9.15856
Bralitz,Brandenburg,52.79807,14.01577
Brambach,Sachsen-Anhalt,51.92402,12.25986
Brammer,Schlewig-Holstein,54.18121,9.75898
Bramsche,Niedersachsen,52.40945,8.02134
Bramstedt,Niedersachsen,53.35816,8.65486
Bramstedtlund,Schlewig-Holstein,54.83475,9.03312
Brand,Bayern,49.95926,11.90833
Brand-Erbisdorf,Sachsen,50.79881,13.32184
Brande-Hörnerkirchen,Schlewig-Holstein,53.85608,9.70268
Brandenburg,Brandenburg,52.40768,12.50618
Brandenstein,Sachsen-Anhalt,52.37445,12.17608
Branderoda,Sachsen-Anhalt,51.23826,11.76903
Brandfeld,Bayern,48.37516,10.27572
Brandhof,Baden-Württemberg,48.91266,9.98096
Brandhorst,Sachsen-Anhalt,51.79802,12.40465
Brandis,Brandenburg,51.72081,13.2298
Brandis,Sachsen,51.32997,12.61343
Brandmoor,Schlewig-Holstein,54.24257,9.1926
Brandscheid,Rheinland-Pfalz,50.39555,7.10896
Brandshagen,Mecklenburg-Vorpommern,54.19518,13.19044
Brannenburg,Bayern,47.73151,12.07554
Braschwitz,Sachsen-Anhalt,51.53243,12.11555
Brattendorf,Thüringen,50.42322,10.90786
Braubach,Rheinland-Pfalz,50.27725,7.64367
Brauneberg,Rheinland-Pfalz,49.89124,7.07324
Braunfels,Hessen,50.49076,8.39807
Braunichswalde,Thüringen,50.86449,12.18073
Braunlage,Niedersachsen,51.725,10.61146
Braunsbach,Baden-Württemberg,49.19883,9.79169
Braunsbedra,Sachsen-Anhalt,51.27917,11.88817
Braunsberg,Brandenburg,52.90326,12.72486
Braunschweig,Niedersachsen,52.26989,10.51733
Braunschwende,Sachsen-Anhalt,51.63498,11.31101
Braunsdorf,Brandenburg,52.38647,14.19504
Braunsdorf,Sachsen,50.97007,13.5362
Braunsdorf,Thüringen,50.70673,11.90109
Braunshorn,Rheinland-Pfalz,50.07132,7.44511
Braunsroda,Sachsen-Anhalt,51.12419,11.53323
Braunsroda,Thüringen,51.30077,11.21773
Braunweiler,Rheinland-Pfalz,49.86385,7.73176
Brauweiler,Rheinland-Pfalz,49.78701,7.49201
Brebel,Schlewig-Holstein,54.64155,9.80308
Brebelmoor,Schlewig-Holstein,54.59974,9.7439
Brechen,Hessen,50.36113,8.17366
Brecht,Rheinland-Pfalz,49.99789,6.49627
Breckerfeld,Nordrhein-Westfalen,51.26651,7.46777
Breddenberg,Niedersachsen,52.99275,7.63299
Breddin,Brandenburg,52.8583,12.43437
Breddorf,Niedersachsen,53.2239,9.07729
Breddorfermoor,Niedersachsen,53.23819,8.95342
Bredenbek,Schlewig-Holstein,54.32864,9.84345
Bredenfelde,Mecklenburg-Vorpommern,53.66892,12.93076
Bredereiche,Brandenburg,53.05639,13.10828
Bredow,Brandenburg,52.63142,12.81202
Bredstedt,Schlewig-Holstein,54.61951,8.96577
Breechen,Mecklenburg-Vorpommern,53.93365,13.42955
Breege,Mecklenburg-Vorpommern,54.64393,13.34539
Breese,Brandenburg,52.98856,11.7934
Breesen,Mecklenburg-Vorpommern,53.81323,12.29909
Breest,Mecklenburg-Vorpommern,53.76084,13.29507
Bregenstedt,Sachsen-Anhalt,52.22486,11.30453
Brehme,Thüringen,51.45727,10.36357
Brehna,Sachsen-Anhalt,51.56156,12.21199
Breidenbach,Hessen,50.88512,8.43658
Breiholz,Schlewig-Holstein,54.20397,9.54518
Breisach,Baden-Württemberg,48.01677,7.61804
Breit,Rheinland-Pfalz,49.76052,6.9528
Breitbrunn,Bayern,48.95559,11.56524
Breitenau,Brandenburg,51.70642,13.63103
Breitenau,Rheinland-Pfalz,49.9526,7.71309
Breitenbach,Hessen,50.77476,9.51739
Breitenbach,Rheinland-Pfalz,49.43751,7.26656
Breitenbach,Sachsen-Anhalt,51.23451,11.6937
Breitenbach,Thüringen,50.96168,10.53397
Breitenberg,Bayern,48.7037,13.79406
Breitenberg,Schlewig-Holstein,53.90589,9.62954
Breitenbrunn,Bayern,48.61497,11.0196
Breitenbrunn,Sachsen,50.46627,12.76985
Breitenburg,Schlewig-Holstein,53.9367,9.5192
Breitendeich,Niedersachsen,53.78444,9.22523
Breitenfeld,Sachsen,50.30514,12.3245
Breitenfeld,Sachsen-Anhalt,52.53867,11.40509
Breitenfelde,Schlewig-Holstein,53.60306,10.61165
Breitengüßbach,Bayern,49.97417,10.9067
Breitenhagen,Sachsen-Anhalt,51.90367,11.83496
Breitenhain,Thüringen,50.73505,11.72756
Breitenheerda,Thüringen,50.73282,11.32871
Breitenheim,Rheinland-Pfalz,49.71831,7.62871
Breitenstein,Rheinland-Pfalz,49.3734,8.07627
Breitenstein,Sachsen-Anhalt,51.16569,10.45153
Breitenthal,Bayern,48.23763,10.29428
Breitenthal,Rheinland-Pfalz,49.8124,7.25528
Breitenworbis,Thüringen,51.45727,10.36357
Breitingen,Baden-Württemberg,48.52035,10.00427
Breitnau,Baden-Württemberg,47.93939,8.07704
Breitreute,Baden-Württemberg,48.26684,8.40228
Breitscheid,Hessen,50.6887,8.18315
Breitscheid,Rheinland-Pfalz,50.31279,7.57442
Breitscheidt,Rheinland-Pfalz,50.78504,7.6908
Breitungen,Sachsen-Anhalt,51.46302,11.06951
Breitungen,Thüringen,50.76247,10.32943
Breitwies,Bayern,48.39861,13.31761
Brekendorf,Schlewig-Holstein,54.39098,9.61947
Breklum,Schlewig-Holstein,54.61951,8.96577
Bremberg,Rheinland-Pfalz,50.29585,7.91754
Bremen,Bremen,53.10078,8.79033
Bremen,Thüringen,50.73072,9.98459
Bremerhaven,Bremen,53.55223,8.59576
Bremervörde,Niedersachsen,53.49807,9.11349
Bremke,Niedersachsen,51.99054,9.56164
Bremm,Rheinland-Pfalz,50.19369,7.15361
Bremricherhof,Rheinland-Pfalz,49.74161,7.86568
Bremscheid,Rheinland-Pfalz,50.54968,7.41915
Bremsdorf,Brandenburg,52.16503,14.56099
Bremsnitz,Thüringen,50.85628,11.77906
Brenitz,Brandenburg,51.64717,13.49567
Brenk,Rheinland-Pfalz,50.46006,7.22208
Brennberg,Bayern,49.07473,12.39333
Brensbach,Hessen,49.77007,8.8909
Brenz,Mecklenburg-Vorpommern,53.40054,11.60276
Bresahn,Schlewig-Holstein,53.62052,10.8185
Bresch,Brandenburg,53.11688,11.92614
Bresegard,Mecklenburg-Vorpommern,53.30654,11.33219
Bresewitz,Mecklenburg-Vorpommern,54.35401,12.6325
Breslack,Brandenburg,52.0884,14.6454
Brest,Niedersachsen,53.45911,9.47201
Bretleben,Thüringen,51.36678,11.29191
Bretnig-Hauswalde,Sachsen,51.14655,14.02453
Bretsch,Sachsen-Anhalt,52.78907,11.72233
Bretten,Baden-Württemberg,49.04629,8.71604
Bretthausen,Rheinland-Pfalz,50.57669,8.04837
Brettin,Sachsen-Anhalt,52.37445,12.17608
Bretzenheim,Rheinland-Pfalz,49.87776,7.89642
Bretzfeld,Baden-Württemberg,49.17328,9.43031
Breuberg,Hessen,49.82041,9.03894
Breuna,Hessen,51.41532,9.18469
Breunigweiler,Rheinland-Pfalz,49.57725,7.94181
Brevörde,Niedersachsen,51.898,9.40266
Brey,Rheinland-Pfalz,50.27965,7.61553
Breydin,Brandenburg,52.87955,13.8171
Brickeln,Schlewig-Holstein,54.00258,9.23948
Briedel,Rheinland-Pfalz,49.98555,7.20375
Briedeler Heck,Rheinland-Pfalz,49.97307,7.15563
Brieden,Rheinland-Pfalz,50.17871,7.25353
Briedern,Rheinland-Pfalz,50.08592,7.21099
Briefer,Bayern,51.16569,10.45153
Brielow,Brandenburg,52.48522,12.5601
Briescht,Brandenburg,52.15111,14.14896
Brieselang,Brandenburg,52.58271,12.95817
Briesen,Brandenburg,52.10223,14.02744
Briesensee,Brandenburg,51.91288,14.12376
Brieske,Brandenburg,51.50503,13.96933
Brieskow-Finkenheerd,Brandenburg,52.25402,14.57547
Briest,Brandenburg,52.48522,12.5601
Briest,Mecklenburg-Vorpommern,53.30347,11.08369
Brietlingen,Niedersachsen,53.3336,10.44622
Brietz,Sachsen-Anhalt,52.78368,10.87672
Brietzig,Mecklenburg-Vorpommern,53.50257,13.99953
Brigachtal,Baden-Württemberg,48.01173,8.47033
Briggow,Mecklenburg-Vorpommern,53.66892,12.93076
Brille,Niedersachsen,51.85687,9.49551
Brilon,Nordrhein-Westfalen,51.41132,8.58411
Brimingen,Rheinland-Pfalz,49.94518,6.39373
Brinjahe,Schlewig-Holstein,54.17054,9.66336
Brinkum,Niedersachsen,53.30572,7.59382
Bristow,Mecklenburg-Vorpommern,53.75001,12.58823
Britz,Brandenburg,52.87955,13.8171
Brockau,Sachsen,50.61352,12.24518
Brockel,Niedersachsen,53.06664,9.48352
Brockscheid,Rheinland-Pfalz,50.17706,6.88055
Brockum,Niedersachsen,52.4618,8.37615
Brockwitz,Sachsen,51.28346,13.67654
Brodau,Sachsen,51.52335,12.30296
Brodenbach,Rheinland-Pfalz,50.24828,7.44801
Brodersby,Schlewig-Holstein,54.58277,9.84411
Brodersdorf,Schlewig-Holstein,54.40222,10.22559
Broderstorf,Mecklenburg-Vorpommern,54.07308,12.21219
Brodhagen,Mecklenburg-Vorpommern,54.09947,11.87608
Brodowin,Brandenburg,52.87955,13.8171
Brohl,Rheinland-Pfalz,50.21396,7.26913
Brohl-Lützing,Rheinland-Pfalz,50.48672,7.32599
Brohm,Mecklenburg-Vorpommern,53.60793,13.47528
Broichsdorf,Brandenburg,52.79807,14.01577
Brokdorf,Schlewig-Holstein,53.87,9.32221
Brokdorferlandscheide,Schlewig-Holstein,53.92699,9.36454
Brokstedt,Schlewig-Holstein,53.99809,9.84534
Brombach,Baden-Württemberg,49.4632,8.87234
Brombachtal,Hessen,49.72941,8.95036
Brome,Niedersachsen,52.59897,10.93306
Brommelund,Schlewig-Holstein,54.61951,8.96577
Bromskirchen,Hessen,51.11265,8.61964
Bronkow,Brandenburg,51.72805,13.9005
Bronnerlehe,Bayern,48.17294,10.47371
Broock,Mecklenburg-Vorpommern,53.46787,12.02471
Brook,Mecklenburg-Vorpommern,53.95172,11.12204
Brookhusen,Mecklenburg-Vorpommern,53.93303,12.10239
Brotterode,Thüringen,50.82852,10.42366
Brottewitz,Brandenburg,51.59237,13.22793
Brubbach,Rheinland-Pfalz,50.64911,7.69312
Bruch,Rheinland-Pfalz,49.95221,6.81812
Bruchertseifen,Rheinland-Pfalz,50.78504,7.6908
Bruchhagen,Brandenburg,53.04259,13.98426
Bruchhausen,Rheinland-Pfalz,50.60269,7.25255
Bruchhausen-Vilsen,Niedersachsen,52.82801,8.98913
Bruchheim,Sachsen,51.05507,12.68595
Bruchköbel,Hessen,50.1797,8.94187
Bruchmühlbach-Miesau,Rheinland-Pfalz,49.40088,7.44049
Bruchmühle,Brandenburg,52.52719,13.77215
Bruchmühle,Rheinland-Pfalz,49.53795,8.18049
Bruchsal,Baden-Württemberg,49.10642,8.59335
Bruchsiedlung,Rheinland-Pfalz,49.06854,8.1352
Bruchstedt,Thüringen,51.16137,10.81909
Bruchweiler,Rheinland-Pfalz,49.8124,7.25528
Bruchweiler-Bärenbach,Rheinland-Pfalz,49.09935,7.80816
Bruck,Bayern,48.64326,12.11674
Bruckberg,Bayern,48.94037,11.34536
Bruckerhof,Bayern,47.81435,11.06634
Bruckmaier,Bayern,47.91398,11.42458
Bruckmühl,Bayern,47.87601,11.93992
Brudersdorf,Mecklenburg-Vorpommern,53.94054,12.86979
Brumby,Sachsen-Anhalt,51.90367,11.83496
Brunau,Sachsen-Anhalt,52.68707,11.4372
Brunkau,Sachsen-Anhalt,52.43399,11.81062
Brunn,Bayern,48.68015,12.03222
Brunn,Brandenburg,52.8583,12.43437
Brunn,Mecklenburg-Vorpommern,53.60399,13.28988
Brunne,Brandenburg,52.76191,12.81194
Brunnen,Bayern,48.63339,11.34036
Brunnhartshausen,Thüringen,50.66473,10.14051
Brunnstadt,Bayern,47.86197,12.70615
Brunnthal,Bayern,48.86851,10.43048
Brunow,Brandenburg,52.79807,14.01577
Brunow,Mecklenburg-Vorpommern,53.40765,11.72243
Brunsbek,Schlewig-Holstein,53.60273,10.36774
Brunsbüttel,Schlewig-Holstein,53.90245,9.11506
Brunsleberfeld,Niedersachsen,52.27321,10.79297
Brunsmark,Schlewig-Holstein,53.62052,10.8185
Brunstorf,Schlewig-Holstein,53.49383,10.42465
Bruschied,Rheinland-Pfalz,49.78701,7.49201
Brusendorf,Brandenburg,52.25648,13.53819
Bruttig-Fankel,Rheinland-Pfalz,50.19369,7.15361
Brädikow,Brandenburg,52.63142,12.81202
Bräsen,Sachsen-Anhalt,51.92402,12.25986
Bräunlesrain,Baden-Württemberg,48.88763,9.87244
Bräunlingen,Baden-Württemberg,47.9294,8.44547
Bräunrode,Sachsen-Anhalt,51.66227,11.46802
Bräunsdorf,Sachsen,50.91687,13.01354
Bröbberow,Mecklenburg-Vorpommern,53.93303,12.10239
Bröckau,Sachsen-Anhalt,50.98938,12.25136
Bröckel,Niedersachsen,52.51327,10.21714
Bröhsen,Sachsen,51.21877,12.75372
Brömsenberg,Mecklenburg-Vorpommern,53.30347,11.08369
Bröthen,Schlewig-Holstein,53.47932,10.61596
Brößnitz,Sachsen,51.28346,13.67654
Brück,Brandenburg,52.20037,12.79268
Brücken,Rheinland-Pfalz,49.56859,7.2621
Brücken,Sachsen-Anhalt,51.45058,11.23554
Brückenmühle,Rheinland-Pfalz,50.21396,7.26913
Brückermark,Brandenburg,52.48522,12.5601
Brücktal,Rheinland-Pfalz,50.3,6.87738
Brüel,Mecklenburg-Vorpommern,53.71009,11.68974
Brügge,Brandenburg,53.13447,12.18056
Brügge,Schlewig-Holstein,54.159,10.02726
Brüggen,Niedersachsen,51.16569,10.45153
Brüggen,Nordrhein-Westfalen,51.25836,6.16494
Brüheim,Thüringen,50.8969,10.76719
Brühl,Baden-Württemberg,49.40353,8.50983
Brühl,Nordrhein-Westfalen,50.82041,6.87533
Brühlhof,Baden-Württemberg,48.23372,9.56986
Brünkendorf,Brandenburg,53.13447,12.18056
Brünn,Thüringen,50.42322,10.90786
Brünndling-Alm,Bayern,47.80698,12.5901
Brünzow,Mecklenburg-Vorpommern,54.08213,13.58567
Brüsewitz,Mecklenburg-Vorpommern,53.67241,11.28531
Brüssow,Brandenburg,53.39779,14.13781
Brützkow,Mecklenburg-Vorpommern,53.77944,11.04967
Bubach,Rheinland-Pfalz,50.07132,7.44511
Bubenheim,Rheinland-Pfalz,49.79494,8.14622
Bubenreuth,Bayern,49.62812,11.0162
Bubesheim,Bayern,48.43338,10.25351
Buborn,Rheinland-Pfalz,49.65219,7.59042
Bubsheim,Baden-Württemberg,48.11478,8.82546
Buch,Baden-Württemberg,49.15227,9.92144
Buch,Bayern,48.29416,11.40498
Buch,Rheinland-Pfalz,50.14909,7.61648
Buch,Sachsen-Anhalt,52.43399,11.81062
Buch a. Wald,Bayern,49.32112,10.32699
Bucha,Sachsen-Anhalt,51.25181,11.52892
Bucha,Thüringen,50.76868,11.59406
Buchbach,Bayern,48.31041,12.27473
Buchbach,Thüringen,50.5168,11.28297
Buchberg,Bayern,47.98775,12.55582
Buchbrunn,Bayern,49.77203,10.15207
Buchdorf,Bayern,48.78263,10.82804
Buchen,Baden-Württemberg,49.52411,9.32506
Buchenbach,Baden-Württemberg,47.96936,8.02051
Buchenberg,Bayern,47.69569,10.20191
Buchenberg,Rheinland-Pfalz,50.35051,7.72275
Buchenhaus,Brandenburg,52.90326,12.72486
Buchenhof,Mecklenburg-Vorpommern,53.77814,12.01836
Buchenhorst,Mecklenburg-Vorpommern,54.23283,12.6236
Buchet,Rheinland-Pfalz,50.24031,6.28701
Buchfart,Thüringen,50.89675,11.26789
Buchhain,Brandenburg,51.64717,13.49567
Buchheim,Baden-Württemberg,48.01077,8.98567
Buchhof,Baden-Württemberg,48.81105,9.95107
"Buchhof, Gem Hardthausen",Baden-Württemberg,49.30806,9.46913
"Buchhof, Gem Öhringen",Baden-Württemberg,49.30806,9.46913
Buchhofen,Bayern,48.70276,12.93225
Buchholz,Brandenburg,52.48912,13.18085
Buchholz,Mecklenburg-Vorpommern,53.32468,12.45353
Buchholz,Niedersachsen,52.7399,9.53817
Buchholz,Rheinland-Pfalz,50.48169,7.6264
Buchholz,Sachsen-Anhalt,52.62268,11.65093
Buchholz,Schlewig-Holstein,53.84399,10.06257
Buchholz,Thüringen,51.56962,10.87934
"Buchholz, Gem Eckfeld",Rheinland-Pfalz,50.09606,6.82754
"Buchholz, Gem Pantenburg",Rheinland-Pfalz,50.09606,6.82754
Buchholzbergerhof,Rheinland-Pfalz,49.18651,7.36522
Buchhorst,Brandenburg,53.13447,12.18056
Buchhorst,Schlewig-Holstein,53.3871,10.51981
Buchloe,Bayern,48.02629,10.73451
Buchmühle,Baden-Württemberg,49.05374,10.23152
Buchmühle,Thüringen,51.45727,10.36357
Buchow-Karpzow,Brandenburg,52.63142,12.81202
Buchwäldchen,Brandenburg,51.64968,14.0256
Buchwäldchen Ziegelei,Brandenburg,51.72805,13.9005
Buckau,Brandenburg,51.92989,12.75766
Buckenhof,Bayern,49.60241,11.00693
Buckow,Brandenburg,52.43166,13.54693
Buckow b Großwudicke,Brandenburg,52.5979,12.52041
Buckow b Nennhausen,Brandenburg,52.5979,12.52041
Buddenhagen,Mecklenburg-Vorpommern,53.98213,13.77864
Budenbach,Rheinland-Pfalz,49.98951,7.54625
Budenheim,Rheinland-Pfalz,50.02429,8.17399
Bufleben,Thüringen,50.8969,10.76719
Bugewitz,Mecklenburg-Vorpommern,53.79552,13.76374
Buggenhagen,Mecklenburg-Vorpommern,53.98213,13.77864
Buggingen,Baden-Württemberg,47.8481,7.63759
Bugk,Brandenburg,52.24406,13.91797
Buhla,Thüringen,51.45727,10.36357
Buhlenberg,Rheinland-Pfalz,49.70508,7.16398
Buhlendorf,Sachsen-Anhalt,52.00334,12.22069
Buko,Sachsen-Anhalt,51.93811,12.43055
Bullay,Rheinland-Pfalz,50.06018,7.12322
Bullendorf,Brandenburg,53.13447,12.18056
Bullenkuhlen,Schlewig-Holstein,53.80626,9.77566
Bunde,Niedersachsen,53.20341,7.23764
Bundenbach,Rheinland-Pfalz,49.85117,7.37425
Bundenthal,Rheinland-Pfalz,49.09935,7.80816
Bunderhee,Niedersachsen,53.20341,7.23764
Bundorf,Bayern,50.21251,10.52422
Bunsoh,Schlewig-Holstein,54.14287,9.27245
Burbach,Nordrhein-Westfalen,50.74167,8.09835
Burbach,Rheinland-Pfalz,50.13897,6.34764
Burg,Brandenburg,51.81359,14.1854
Burg,Rheinland-Pfalz,49.93727,6.79474
Burg,Sachsen,51.50538,14.22786
Burg,Sachsen-Anhalt,52.29785,11.87164
Burg,Schlewig-Holstein,54.23632,10.1862
Burg Hohenzollern,Baden-Württemberg,48.35817,8.98394
Burg Stargard,Mecklenburg-Vorpommern,53.49616,13.31651
Burgau,Bayern,48.42577,10.38515
Burgberg,Bayern,47.53763,10.28503
Burgbernheim,Bayern,49.45139,10.32405
Burgbretzingen,Baden-Württemberg,49.12576,9.75441
Burgbrohl,Rheinland-Pfalz,50.45825,7.26102
Burgdorf,Niedersachsen,52.31345,10.11297
Burgebrach,Bayern,49.82851,10.74748
Burgen,Rheinland-Pfalz,50.06976,7.26063
Burgerfeld,Schlewig-Holstein,54.00258,9.23948
Burggen,Bayern,47.77812,10.82011
Burghagen,Brandenburg,53.11688,11.92614
Burghammer,Sachsen,51.50538,14.22786
Burghaslach,Bayern,49.73446,10.53487
Burghaun,Hessen,50.6982,9.72625
Burghausen,Bayern,48.16714,12.82173
Burgheim,Bayern,48.70058,11.01684
Burgholzhausen,Sachsen-Anhalt,51.12419,11.53323
Burgk,Thüringen,50.59733,11.83993
Burgkirchen,Bayern,48.14148,12.73587
Burgkunstadt,Bayern,50.13921,11.29734
Burglahr,Rheinland-Pfalz,50.64756,7.52776
Burglauer,Bayern,50.27651,10.17907
Burglemnitz,Thüringen,50.44155,11.61814
Burglengenfeld,Bayern,49.24012,11.99873
Burgliebenau,Sachsen-Anhalt,51.45087,12.07967
Burgneudorf,Sachsen,51.50538,14.22786
Burgoberbach,Bayern,49.23696,10.59232
Burgpreppach,Bayern,50.13997,10.63411
Burgrieden,Baden-Württemberg,48.23829,9.93433
Burgsalach,Bayern,49.04592,11.12949
Burgscheidungen,Sachsen-Anhalt,51.21757,11.65896
Burgschwalbach,Rheinland-Pfalz,50.3549,8.04866
Burgsdorf,Sachsen-Anhalt,51.552,11.61145
Burgsinn,Bayern,50.14307,9.65449
Burgsponheim,Rheinland-Pfalz,49.86385,7.73176
Burgstall,Bayern,47.94403,12.69994
Burgstall,Sachsen-Anhalt,52.43399,11.81062
Burgstein,Sachsen,50.44742,12.05806
Burgstetten,Baden-Württemberg,48.9283,9.37103
Burgstädt,Sachsen,50.92614,12.80866
Burgthann,Bayern,49.32931,11.32618
Burgwald,Hessen,51.01957,8.75792
Burgwalde,Thüringen,51.36287,10.07218
Burgwall,Brandenburg,53.05639,13.10828
Burgwedel,Niedersachsen,52.52491,9.8924
Burgwerben,Sachsen-Anhalt,51.20958,11.94525
Burgwindheim,Bayern,49.82734,10.59814
Burgwitz,Thüringen,50.73505,11.72756
Burig,Brandenburg,52.42163,13.88462
Burk,Bayern,49.13334,10.47892
Burkardroth,Bayern,50.26787,9.99335
Burkau,Sachsen,51.17573,14.1796
Burkersdorf,Thüringen,50.71619,11.70203
"Burkersdorf, Mulde",Sachsen,51.00983,13.37793
Burkersroda,Sachsen-Anhalt,51.18797,11.53109
Burkhardtsdorf,Sachsen,50.73442,12.9225
Burkhardtsmühle,Baden-Württemberg,48.63389,9.12968
Burladingen,Baden-Württemberg,48.29845,9.10385
Burlage,Niedersachsen,52.52575,8.36743
Burow,Brandenburg,53.11688,11.92614
Burow,Mecklenburg-Vorpommern,53.76084,13.29507
Burrweiler,Rheinland-Pfalz,49.25011,8.0733
Burscheid,Nordrhein-Westfalen,51.07771,7.12452
Burscheid,Rheinland-Pfalz,49.99551,6.23244
Burtenbach,Bayern,48.33953,10.44824
Burtscheid,Rheinland-Pfalz,49.75083,7.0039
Burweg,Niedersachsen,53.61646,9.3104
Burxdorf,Brandenburg,51.59237,13.22793
Buschdorf,Brandenburg,52.55133,14.55333
Buschhaus,Niedersachsen,52.24301,11.00172
Buschkuhnsdorf,Sachsen-Anhalt,51.16569,10.45153
Buschow,Brandenburg,52.5979,12.52041
Buschvitz,Mecklenburg-Vorpommern,54.41174,13.42585
Busdorf,Schlewig-Holstein,54.48958,9.55487
Buseck,Hessen,50.60828,8.78288
Busenberg,Rheinland-Pfalz,49.09935,7.80816
Busendorf,Brandenburg,52.22866,12.92762
Busenhausen,Rheinland-Pfalz,50.7273,7.6948
Busenwurth,Schlewig-Holstein,54.01358,9.05739
Buskow,Brandenburg,52.90784,12.77249
Butjadingen,Niedersachsen,53.55718,8.3064
Buttelstedt,Thüringen,51.07341,11.29717
Buttenheim,Bayern,49.82402,11.06723
Buttenwiesen,Bayern,48.60253,10.71909
Buttlar,Thüringen,50.73072,9.98459
Buttstädt,Thüringen,51.12231,11.41758
Butzbach,Hessen,50.42159,8.63067
Butzen,Brandenburg,51.91288,14.12376
Butzow,Brandenburg,52.48522,12.5601
Butzow,Mecklenburg-Vorpommern,53.76275,13.56938
Buxheim,Bayern,48.40634,10.71139
Buxtehude,Niedersachsen,53.46391,9.68283
Byhleguhre,Brandenburg,51.91288,14.12376
Byhlen,Brandenburg,51.91288,14.12376
Bäbelin,Mecklenburg-Vorpommern,53.8647,11.68699
Bächingen,Bayern,48.54244,10.32398
Bäk,Schlewig-Holstein,53.69823,10.77178
Bälau,Schlewig-Holstein,53.60306,10.61165
Bälow,Brandenburg,52.98856,11.7934
Bärenbach,Baden-Württemberg,48.79721,9.60864
Bärenbach,Rheinland-Pfalz,49.87523,7.26144
Bärenbrunnerhof,Rheinland-Pfalz,49.09014,7.67303
Bärenbrunnermühle,Rheinland-Pfalz,49.09014,7.67303
Bärenhof,Baden-Württemberg,48.78999,9.87237
Bärenklau,Brandenburg,52.31447,13.8568
Bärenstein,Sachsen,50.70006,13.41419
Bärenthal,Baden-Württemberg,48.07368,8.92772
Bärnau,Bayern,49.80966,12.43777
Bärnsdorf,Sachsen,51.2012,13.74033
Bärwalde,Brandenburg,51.95066,13.09874
Bärweiler,Rheinland-Pfalz,49.78701,7.49201
Böbing,Bayern,47.76145,10.99396
Böbingen,Baden-Württemberg,48.82174,9.91611
Böbingen,Rheinland-Pfalz,49.28569,8.21153
Böblingen,Baden-Württemberg,48.67825,9.01625
Böbrach,Bayern,49.04738,13.05129
Böchingen,Rheinland-Pfalz,49.23721,8.0906
Böcke,Brandenburg,52.48522,12.5601
Böddensell,Sachsen-Anhalt,52.40715,11.20149
Bödingerhof,Rheinland-Pfalz,49.18651,7.36522
Böel,Schlewig-Holstein,54.64618,9.72316
Böelnorderfeld,Schlewig-Holstein,54.67643,9.71462
Böhen,Bayern,47.88006,10.31351
Böhl-Iggelheim,Rheinland-Pfalz,49.36094,8.32298
Böhla,Sachsen,51.28346,13.67654
Böhlen,Sachsen,51.23535,12.90167
Böhlen,Thüringen,50.59213,11.04641
Böhlendorf,Mecklenburg-Vorpommern,54.11052,12.65577
Böhme,Niedersachsen,52.76277,9.58332
Böhmenkirch,Baden-Württemberg,48.6848,9.93339
Böhmfeld,Bayern,48.86101,11.36678
Böhnhusen,Schlewig-Holstein,54.24198,10.08912
Böken,Mecklenburg-Vorpommern,53.72237,11.41783
Bökensberg,Schlewig-Holstein,54.16579,10.71081
Böklund,Schlewig-Holstein,54.62152,9.57061
Bölkendorf,Brandenburg,52.92156,14.07997
Böllen,Baden-Württemberg,47.77925,7.89383
Böllenborn,Rheinland-Pfalz,49.10351,7.9992
Bölsberg,Rheinland-Pfalz,50.65561,7.90708
Bölsdorf,Sachsen-Anhalt,52.43399,11.81062
Bölzke,Brandenburg,53.13447,12.18056
Bönebüttel,Schlewig-Holstein,54.07103,10.03939
Bönen,Nordrhein-Westfalen,51.58458,7.77168
Bönitz,Brandenburg,51.53215,13.37895
Bönnigheim,Baden-Württemberg,49.03343,9.07901
Bönningstedt,Schlewig-Holstein,53.68532,9.91334
Börfink,Rheinland-Pfalz,49.66692,7.03371
Börger,Niedersachsen,52.92568,7.53205
Börgerende,Mecklenburg-Vorpommern,54.13573,11.95561
Börm,Schlewig-Holstein,54.40398,9.38583
Börnecke,Brandenburg,52.17178,12.37473
Börnersdorf-Breitenau,Sachsen,50.86182,13.85219
Börnichen,Sachsen,50.7508,13.14127
Börnicke,Brandenburg,52.65945,13.18965
Börnsen,Schlewig-Holstein,53.45713,10.28193
Börrstadt,Rheinland-Pfalz,49.57725,7.94181
Börsborn,Rheinland-Pfalz,49.4321,7.36022
Börslingen,Baden-Württemberg,48.55435,10.08003
Börtlingen,Baden-Württemberg,48.75418,9.63261
Börzow,Mecklenburg-Vorpommern,53.84653,11.18732
Börßum,Niedersachsen,52.06714,10.57869
Bösby,Schlewig-Holstein,54.53159,9.79395
Bösbyfeld,Schlewig-Holstein,54.53159,9.79395
Bösdorf,Sachsen-Anhalt,52.40715,11.20149
Bösdorf,Schlewig-Holstein,54.1684,10.43229
Böseckendorf,Thüringen,51.45727,10.36357
Bösel,Niedersachsen,53.00591,7.95432
Bösenbrunn,Sachsen,50.36256,12.07973
Bösingen,Baden-Württemberg,48.2349,8.56244
Bösleben-Wüllersleben,Thüringen,50.8101,10.96409
Bösodenbacherhof,Rheinland-Pfalz,49.65219,7.59042
Bössow,Mecklenburg-Vorpommern,53.84653,11.18732
Bötersen,Niedersachsen,53.09871,9.21515
Böttingen,Baden-Württemberg,48.10016,8.8031
Bötzingen,Baden-Württemberg,48.07523,7.7132
Bötzow,Brandenburg,52.68143,13.14458
Böxlund,Schlewig-Holstein,54.8114,9.19547
Büchel,Rheinland-Pfalz,50.17875,7.08567
Büchel,Thüringen,51.25729,11.09259
Büchelborn,Rheinland-Pfalz,50.23464,7.67126
Bücheloh,Thüringen,50.69989,10.90656
Büchen,Schlewig-Holstein,53.47932,10.61596
Büchenbach,Bayern,49.26443,11.05331
Büchenbeuren,Rheinland-Pfalz,49.90981,7.26124
Büchlberg,Bayern,48.66798,13.51076
Bückeburg,Niedersachsen,52.28164,9.04406
Bücken,Niedersachsen,52.77967,9.13064
Bücknitz,Brandenburg,52.26741,12.28739
Bückwitz,Brandenburg,52.8583,12.43437
Büddenstedt,Niedersachsen,52.171,11.01943
Büdelsdorf,Schlewig-Holstein,54.32895,9.6703
Büden,Sachsen-Anhalt,52.14254,11.95492
Büdesheim,Rheinland-Pfalz,50.21723,6.5584
Büdingen,Hessen,50.30017,9.12813
Büdlich,Rheinland-Pfalz,49.76052,6.9528
Bühl,Baden-Württemberg,48.68246,8.15003
Bühlertal,Baden-Württemberg,48.68434,8.19456
Bühlertann,Baden-Württemberg,49.0409,9.90504
Bühlerzell,Baden-Württemberg,49.00229,9.91851
Bühlerzimmern,Baden-Württemberg,49.12576,9.75441
Bühne,Sachsen-Anhalt,51.978,10.73566
Bühnsdorf,Schlewig-Holstein,53.83793,10.18284
Bühren,Niedersachsen,52.14776,8.97313
Bülkau,Niedersachsen,53.75959,8.97744
Bülow,Mecklenburg-Vorpommern,53.69764,11.85662
Bülstedt,Niedersachsen,53.2239,9.07729
Bülstringen,Sachsen-Anhalt,52.33737,11.36597
Bülzig,Sachsen-Anhalt,51.89458,12.83063
Bünde,Nordrhein-Westfalen,52.19884,8.57775
Bünsche,Brandenburg,52.5979,12.52041
Bünsdorf,Schlewig-Holstein,54.33038,9.70798
Bürchau,Baden-Württemberg,51.16569,10.45153
Bürdenbach,Rheinland-Pfalz,50.58842,7.53101
Büren,Nordrhein-Westfalen,51.55819,8.60205
Bürgel,Thüringen,50.93901,11.75028
Bürgstadt,Bayern,49.72195,9.30446
Bürstadt,Hessen,49.6362,8.48295
Büschow,Mecklenburg-Vorpommern,53.79131,11.64686
Büsingen,Baden-Württemberg,47.69935,8.68751
Büste,Sachsen-Anhalt,52.68707,11.4372
Büsum,Schlewig-Holstein,54.16454,8.84074
Büsumer Deichhausen,Schlewig-Holstein,54.16454,8.84074
Bütow,Mecklenburg-Vorpommern,53.32468,12.45353
Büttel,Schlewig-Holstein,53.91479,9.23964
Büttelborn,Hessen,49.91555,8.53502
Büttelkow,Mecklenburg-Vorpommern,54.10838,11.67445
Bütthard,Bayern,49.59864,9.87991
Büttlingen,Mecklenburg-Vorpommern,53.84653,11.18732
Büttstedt,Thüringen,51.26597,10.24972
Bützer,Brandenburg,52.5979,12.52041
Bützow,Mecklenburg-Vorpommern,53.86087,11.94391
Büßholz,Schlewig-Holstein,54.62661,9.98461
Büßleben,Thüringen,50.96935,11.15475
Caan,Rheinland-Pfalz,50.49686,7.71056
Caaschwitz,Thüringen,50.92995,12.01063
Cadenberge,Niedersachsen,53.76588,9.05672
Cadolzburg,Bayern,49.45657,10.86168
Cahnsdorf,Brandenburg,51.8536,13.75045
Calau,Brandenburg,51.72805,13.9005
Calbe,Sachsen-Anhalt,51.90367,11.83496
Calberlah,Niedersachsen,52.42396,10.62185
Calden,Hessen,51.40965,9.40081
Callbach,Rheinland-Pfalz,49.69154,7.70594
Callenberg,Sachsen,50.8347,12.67893
Calmuth,Rheinland-Pfalz,50.58673,7.20277
Calvörde,Sachsen-Anhalt,52.40715,11.20149
Calw,Baden-Württemberg,48.72157,8.71774
Cambs,Mecklenburg-Vorpommern,53.69609,11.52711
Camburg,Thüringen,51.05419,11.70604
Camin,Mecklenburg-Vorpommern,53.5616,10.94705
Caminchen,Brandenburg,51.91288,14.12376
Cammer,Brandenburg,52.20037,12.79268
Cammin,Mecklenburg-Vorpommern,53.76218,12.89006
Campow,Mecklenburg-Vorpommern,53.77944,11.04967
Capelle,Hessen,50.79416,8.81454
Cappeln,Niedersachsen,52.81052,8.11404
Caputh,Brandenburg,52.30536,12.91826
Carlow,Mecklenburg-Vorpommern,53.77944,11.04967
Carlsberg,Rheinland-Pfalz,49.50079,8.03495
Carlsfeld,Sachsen,51.16569,10.45153
Carmzow,Brandenburg,53.3194,13.87248
Carolinenhof,Mecklenburg-Vorpommern,53.53678,12.93072
Carpin,Mecklenburg-Vorpommern,53.35873,13.24523
Carzig,Brandenburg,52.42677,14.46597
Casekirchen,Sachsen-Anhalt,51.10502,11.82778
Casekow,Brandenburg,53.21125,14.20947
Casel,Brandenburg,51.64968,14.0256
Castell,Bayern,49.75347,10.32548
Castrop-Rauxel,Nordrhein-Westfalen,51.5644,7.31536
Cattenstedt,Sachsen-Anhalt,51.78685,10.95099
Catterfeld,Thüringen,50.83189,10.66358
Cavertitz,Sachsen,51.34915,13.11114
Celle,Niedersachsen,52.62294,10.09504
Cham,Bayern,49.20818,12.67423
Chamerau,Bayern,49.19615,12.74764
Charlottenberg,Rheinland-Pfalz,50.28074,7.83452
Charlottenfelde,Mecklenburg-Vorpommern,53.8647,11.68699
Charlottenthal,Mecklenburg-Vorpommern,53.68244,12.36276
Chemnitz,Sachsen,50.82334,12.91971
Chieming,Bayern,47.89483,12.53692
Chiemsee,Bayern,47.89004,12.46224
Choren,Sachsen,51.13432,13.12724
Chorin,Brandenburg,52.87955,13.8171
Christdorf,Brandenburg,53.12115,12.51526
Christes,Thüringen,50.66639,10.55494
Christiansholm,Schlewig-Holstein,54.31935,9.4099
Christianslust,Schlewig-Holstein,53.99023,9.11455
Christinendorf,Brandenburg,52.22567,13.43068
Christinenfeld,Mecklenburg-Vorpommern,53.95172,11.12204
Christinenthal,Schlewig-Holstein,54.06597,9.57306
Christophruhe,Baden-Württemberg,48.6629,10.16581
Chursdorf,Sachsen,50.93845,12.69751
Chursdorf,Thüringen,50.59733,11.83993
Chörau,Sachsen-Anhalt,51.77197,12.07353
Clausdorf,Mecklenburg-Vorpommern,54.00342,11.79445
Clausen,Rheinland-Pfalz,49.26028,7.67464
Clausthal-Zellerfeld,Niedersachsen,51.81073,10.3389
Claußnitz,Sachsen,50.94093,12.89042
Cleebronn,Baden-Württemberg,49.04286,9.02393
Clenze,Niedersachsen,52.93572,10.95481
Clingen,Thüringen,51.23446,10.93052
Cloppenburg,Niedersachsen,52.85028,8.02265
Clöswitz,Thüringen,50.73282,11.32871
Cobbel,Sachsen-Anhalt,52.43399,11.81062
Cobbelsdorf,Sachsen-Anhalt,51.93811,12.43055
Coburg,Bayern,50.2557,10.95508
Cochem,Rheinland-Pfalz,50.13726,7.17183
Cochstedt,Sachsen-Anhalt,51.77931,11.47298
Coesfeld,Nordrhein-Westfalen,51.90975,7.16369
Colbitz,Sachsen-Anhalt,52.27958,11.62463
Colditz,Sachsen,51.13223,12.80021
Collenberg,Bayern,49.7719,9.3323
Collmen,Sachsen,51.13223,12.80021
Colmberg,Bayern,49.35676,10.4087
Colmnitz,Sachsen,51.115,13.47201
Colnrade,Niedersachsen,52.90915,8.58705
Commichau,Sachsen,51.13223,12.80021
Conow,Mecklenburg-Vorpommern,53.35109,13.4107
Contwig,Rheinland-Pfalz,49.24261,7.4429
Coppenbrügge,Niedersachsen,52.11806,9.54654
Coppengrave,Niedersachsen,51.98827,9.73315
Cornberg,Hessen,51.04162,9.85937
Cosa,Sachsen-Anhalt,51.71349,12.0183
Coschen,Brandenburg,52.0884,14.6454
Cospeda,Thüringen,50.87536,11.62055
Cossengrün,Thüringen,50.60956,12.17024
Coswig,Sachsen,51.13159,13.56381
Coswig,Sachsen-Anhalt,51.93811,12.43055
Cottbus,Brandenburg,51.76713,14.34595
Cottendorf,Thüringen,50.75397,11.11105
Crailsheim,Baden-Württemberg,49.14113,10.04932
Cramberg,Rheinland-Pfalz,50.3549,8.04866
Cramme,Niedersachsen,52.06714,10.57869
Cramonshagen,Mecklenburg-Vorpommern,53.67241,11.28531
Craupe,Brandenburg,51.72805,13.9005
Crawinkel,Thüringen,50.75315,10.787
Creglingen,Baden-Württemberg,49.47144,10.02997
Cremlingen,Niedersachsen,52.27194,10.68968
Creuzburg,Thüringen,51.0525,10.24825
Creußen,Bayern,49.84446,11.62467
Criewen,Brandenburg,53.21125,14.20947
Crimla,Thüringen,50.81461,12.03238
Crimmitschau,Sachsen,50.80733,12.3476
Crinitz,Brandenburg,51.70969,13.78458
Crinitzberg,Sachsen,50.56228,12.51854
Crispendorf,Thüringen,50.5998,11.71302
Crivitz,Mecklenburg-Vorpommern,53.5778,11.69466
Crock,Thüringen,50.42322,10.90786
Cronenberg,Rheinland-Pfalz,49.6671,7.61116
Crossen,Thüringen,50.96331,11.98367
Crostau,Sachsen,51.09724,14.39358
Crostwitz,Sachsen,51.24067,14.03283
Crottendorf,Sachsen,50.51179,12.93933
Crussow,Brandenburg,53.04259,13.98426
Cröchern,Sachsen-Anhalt,52.43399,11.81062
Crölpa-Löbschütz,Sachsen-Anhalt,51.13382,11.72678
Crösten,Thüringen,50.63519,11.35947
Cumlosen,Brandenburg,52.98856,11.7934
Cunewalde,Sachsen,51.09836,14.52084
Cunnersdorf,Sachsen,50.99023,13.72441
Cursdorf,Thüringen,50.57293,11.13701
Cuxhaven,Niedersachsen,53.84256,8.68298
Czorneboh,Sachsen,51.09836,14.52084
Cölbe,Hessen,50.85103,8.78238
Cölpin,Mecklenburg-Vorpommern,53.49616,13.31651
Cörmigk,Sachsen-Anhalt,51.80198,11.66856
Cösitz,Sachsen-Anhalt,51.71349,12.0183
Cöthen,Brandenburg,52.79807,14.01577
Daaden,Rheinland-Pfalz,50.7349,7.96956
Daasdorf a Berge,Thüringen,50.9603,11.25562
Daasdorf b Buttelstedt,Thüringen,51.07341,11.29717
Dabel,Mecklenburg-Vorpommern,53.69223,11.86932
Dabendorf,Brandenburg,52.22567,13.43068
Dabergotz,Brandenburg,52.90326,12.72486
Daberkow,Mecklenburg-Vorpommern,53.91804,13.24177
Dabrun,Sachsen-Anhalt,51.84618,12.63547
Dachau,Bayern,48.2579,11.45298
Dachrieden,Thüringen,51.23744,10.45112
Dachsbach,Bayern,49.63805,10.70787
Dachsberg,Baden-Württemberg,47.71114,8.08763
Dachsbergau,Bayern,48.39323,13.0143
Dachsborn,Rheinland-Pfalz,50.23464,7.67126
Dachsenhausen,Rheinland-Pfalz,50.23464,7.67126
Dachshof,Baden-Württemberg,48.70017,8.66668
Dachwig,Thüringen,51.07449,10.85541
Dackenheim,Rheinland-Pfalz,49.51237,8.15079
Dackscheid,Rheinland-Pfalz,50.11142,6.30098
Dadow,Mecklenburg-Vorpommern,53.21121,11.41481
Dagebüll,Schlewig-Holstein,54.75626,8.74507
Dahlem,Niedersachsen,53.18787,10.73983
Dahlem,Nordrhein-Westfalen,50.38636,6.54641
Dahlem,Rheinland-Pfalz,49.99789,6.49627
Dahlen,Brandenburg,52.26741,12.28739
Dahlen,Sachsen,51.37363,12.98896
Dahlen,Sachsen-Anhalt,52.62268,11.65093
Dahlenburg,Niedersachsen,53.18787,10.73983
Dahlenwarsleben,Sachsen-Anhalt,52.27958,11.62463
Dahlewitz,Brandenburg,52.33054,13.41321
Dahlhausen,Brandenburg,53.13447,12.18056
Dahlheim,Rheinland-Pfalz,50.12677,7.76569
Dahlum,Niedersachsen,52.14356,10.80059
Dahlwitz-Hoppegarten,Brandenburg,52.50241,13.66124
Dahme,Brandenburg,51.87042,13.42378
Dahme,Schlewig-Holstein,54.22397,11.0813
Dahmen,Mecklenburg-Vorpommern,53.75001,12.58823
Dahmker,Schlewig-Holstein,53.60273,10.36774
Dahmsdorf,Brandenburg,52.21586,14.00835
Dahn,Rheinland-Pfalz,49.15589,7.75415
Dahnen,Rheinland-Pfalz,50.07016,6.18582
Dahnsdorf,Brandenburg,52.17817,12.6006
Daisendorf,Baden-Württemberg,47.71082,9.26968
Daiting,Bayern,48.8337,10.848
Dalberg,Rheinland-Pfalz,49.86385,7.73176
Dalberg-Wendelstorf,Mecklenburg-Vorpommern,53.67241,11.28531
Daldorf,Schlewig-Holstein,53.9997,10.16949
Daleiden,Rheinland-Pfalz,50.07016,6.18582
Dalheim,Rheinland-Pfalz,49.83783,8.25653
Dalichow,Brandenburg,51.95066,13.09874
Dalkendorf,Mecklenburg-Vorpommern,53.75001,12.58823
Dalldorf,Schlewig-Holstein,53.43479,10.5472
Dallgow,Brandenburg,52.51651,13.06501
Dalliendorf,Mecklenburg-Vorpommern,53.79058,11.4282
Dallmin,Brandenburg,53.1628,11.7454
Dambach,Rheinland-Pfalz,49.64293,7.17356
Dambeck,Mecklenburg-Vorpommern,53.47669,11.5868
Dambeck,Sachsen-Anhalt,52.79643,11.33372
Damelang,Brandenburg,52.20037,12.79268
Damendorf,Schlewig-Holstein,54.40276,9.74704
Damerow,Mecklenburg-Vorpommern,53.75016,13.57711
Damerow,Sachsen-Anhalt,52.83068,12.16724
Damflos,Rheinland-Pfalz,49.72609,6.91586
Damlos,Schlewig-Holstein,54.21963,10.88332
Damm,Mecklenburg-Vorpommern,53.76883,12.00567
Dammbach,Bayern,49.86468,9.32539
Damme,Brandenburg,52.95865,13.19645
Damme,Niedersachsen,52.52421,8.22466
Dammendorf,Brandenburg,52.25235,14.42095
Dammereez,Mecklenburg-Vorpommern,53.25568,10.94552
Dammersbach,Bayern,48.85624,12.91309
Dammeshof,Hessen,50.79494,9.18421
Dammesmühle,Hessen,50.79494,9.18421
Dammfleth,Schlewig-Holstein,53.92699,9.36454
Dammsfeld,Schlewig-Holstein,54.3446,9.08258
Dammühle,Rheinland-Pfalz,50.66661,8.01375
Damnatz,Niedersachsen,53.14242,11.16521
Damp,Schlewig-Holstein,54.58139,9.92882
Damscheid,Rheinland-Pfalz,50.10209,7.6825
Damsdorf,Brandenburg,52.34271,12.67683
Damsdorf,Schlewig-Holstein,54.05165,10.31776
Damshagen,Mecklenburg-Vorpommern,53.95172,11.12204
Danewitz,Brandenburg,52.68748,13.56728
Dangelsdorf,Brandenburg,52.17178,12.37473
Dankerath,Rheinland-Pfalz,50.42268,6.90756
Dankerode,Sachsen-Anhalt,51.64225,11.12517
Dankmarshausen,Thüringen,50.92978,10.11216
Danna,Brandenburg,51.95066,13.09874
Dannau,Schlewig-Holstein,54.19808,10.49366
Danndorf,Niedersachsen,52.44,10.91071
Danneborth,Mecklenburg-Vorpommern,54.06316,11.7968
Dannefeld,Sachsen-Anhalt,52.49571,11.17824
Dannenberg,Brandenburg,52.79807,14.01577
Dannenberg,Niedersachsen,53.09869,11.10934
Dannenfels,Rheinland-Pfalz,49.6293,7.93078
Dannenreich,Brandenburg,52.29584,13.7901
Dannenwalde,Brandenburg,53.02059,12.73403
Dannewerk,Schlewig-Holstein,54.47331,9.48706
Dannhof,Brandenburg,53.11688,11.92614
Dannigkow,Sachsen-Anhalt,52.07482,11.82359
Dannstadt-Schauernheim,Rheinland-Pfalz,49.41738,8.32037
Danstedt,Sachsen-Anhalt,51.84375,10.79931
Darchau,Niedersachsen,53.25568,10.94552
Dardesheim,Sachsen-Anhalt,52.00893,10.86441
Dargardt,Brandenburg,53.1628,11.7454
Dargelin,Mecklenburg-Vorpommern,54.11842,13.37624
Dargen,Mecklenburg-Vorpommern,53.93924,14.18758
Dargow,Schlewig-Holstein,53.62052,10.8185
Dargun,Mecklenburg-Vorpommern,53.94054,12.86979
Darlingerode,Sachsen-Anhalt,51.89536,10.70342
Darmstadt,Hessen,49.87321,8.65774
Darritz,Brandenburg,52.90326,12.72486
Darsband,Mecklenburg-Vorpommern,54.35028,13.47676
Darscheid,Rheinland-Pfalz,50.17706,6.88055
Darsikow,Brandenburg,52.90326,12.72486
Darstein,Rheinland-Pfalz,49.20934,7.87957
Darze,Mecklenburg-Vorpommern,53.40765,11.72243
Dasburg,Rheinland-Pfalz,50.07016,6.18582
Dasing,Bayern,48.38461,11.04847
Daskow,Mecklenburg-Vorpommern,54.23283,12.6236
Dassel,Niedersachsen,51.81257,9.69616
Dassendorf,Schlewig-Holstein,53.52543,10.31347
Dassow,Mecklenburg-Vorpommern,53.9075,10.97564
Datteln,Nordrhein-Westfalen,51.65553,7.32842
Dattenberg,Rheinland-Pfalz,50.56516,7.3806
Datzeroth,Rheinland-Pfalz,50.53012,7.41903
Daubach,Rheinland-Pfalz,50.1086,7.79197
Daubiansmühle,Rheinland-Pfalz,50.42268,6.90756
Dauchingen,Baden-Württemberg,48.09605,8.54534
Dauer,Brandenburg,53.3194,13.87248
Daun,Rheinland-Pfalz,50.20093,6.80176
Dausenau,Rheinland-Pfalz,50.31612,7.69362
Dautmergen,Baden-Württemberg,48.24062,8.7519
Dautphetal,Hessen,50.83444,8.55626
Dauwelshausen,Rheinland-Pfalz,49.99551,6.23244
Daxberg,Bayern,47.96918,12.56712
Daxweiler,Rheinland-Pfalz,49.97605,7.74977
Dechow,Mecklenburg-Vorpommern,53.77944,11.04967
Dechtow,Brandenburg,52.76191,12.81194
Deckelstein,Bayern,49.0249,11.95465
Deckenpfronn,Baden-Württemberg,48.6505,8.82337
Dedeleben,Sachsen-Anhalt,52.00893,10.86441
Dedelow,Brandenburg,53.3194,13.87248
Dedelstorf,Niedersachsen,52.72824,10.60375
Dedenbach,Rheinland-Pfalz,50.49565,7.15123
Dederstedt,Sachsen-Anhalt,51.552,11.61145
Deensen,Niedersachsen,51.85165,9.61033
Deersheim,Sachsen-Anhalt,51.978,10.73566
Deesbach,Thüringen,50.57293,11.13701
Deesen,Rheinland-Pfalz,50.49686,7.71056
Deetz,Brandenburg,52.40377,12.78065
Deetz,Sachsen-Anhalt,52.31236,11.96947
Deggendorf,Bayern,48.84568,12.97793
Deggenhausertal,Baden-Württemberg,47.78257,9.39104
Deggingen,Baden-Württemberg,48.59808,9.7227
Dehlitz,Sachsen-Anhalt,51.25559,12.14097
Deibow,Mecklenburg-Vorpommern,53.27783,11.6271
Deidesheim,Rheinland-Pfalz,49.40785,8.18742
Deilingen,Baden-Württemberg,48.17424,8.78512
Deimberg,Rheinland-Pfalz,49.65219,7.59042
Deining,Bayern,50.19071,10.99471
Deiningen,Bayern,48.86438,10.57496
Deinste,Niedersachsen,53.52372,9.39802
Deinstedt,Niedersachsen,53.39969,9.25824
Deisenhausen,Bayern,48.2564,10.32564
Deisenhofen,Bayern,48.02485,11.56815
Deizisau,Baden-Württemberg,48.71192,9.38704
Deißlingen,Baden-Württemberg,48.11195,8.59994
Delbrück,Nordrhein-Westfalen,51.77371,8.55787
Delingsdorf,Schlewig-Holstein,53.72155,10.26084
Delitz,Sachsen-Anhalt,51.3882,11.86378
Delitzsch,Sachsen,51.52335,12.30296
Dellfeld,Rheinland-Pfalz,49.23273,7.47348
Dellien,Niedersachsen,53.25568,10.94552
Delligsen,Niedersachsen,51.92311,9.77797
Dellingen,Rheinland-Pfalz,50.77426,7.77423
Dellstedt,Schlewig-Holstein,54.23833,9.38924
Delmenhorst,Niedersachsen,53.04543,8.6377
Delve,Schlewig-Holstein,54.30468,9.24434
Demen,Mecklenburg-Vorpommern,53.5778,11.69466
Demerath,Rheinland-Pfalz,50.17706,6.88055
Demern,Mecklenburg-Vorpommern,53.77944,11.04967
Demerthin,Brandenburg,52.98479,12.35979
Demitz-Thumitz,Sachsen,51.13443,14.20201
Demker,Sachsen-Anhalt,52.62268,11.65093
Demmin,Mecklenburg-Vorpommern,53.91171,13.03221
Demnitz,Brandenburg,52.38647,14.19504
Demsin,Sachsen-Anhalt,52.37445,12.17608
Denkendorf,Baden-Württemberg,48.6898,9.31453
Denkendorf,Bayern,48.92682,11.45973
Denkingen,Baden-Württemberg,48.10887,8.73912
Denklingen,Bayern,47.89615,10.83972
Denkte,Niedersachsen,52.14489,10.61272
Dennewitz,Brandenburg,51.95066,13.09874
Dennheritz,Sachsen,50.85587,12.48523
Dennweiler-Frohnbach,Rheinland-Pfalz,49.56984,7.35799
Densborn,Rheinland-Pfalz,50.13325,6.7214
Densow,Brandenburg,53.18163,13.54788
Denterhof,Rheinland-Pfalz,50.13897,6.34764
Dentlein,Bayern,49.14791,10.42377
Denzlingen,Baden-Württemberg,48.07357,7.88422
Derben,Sachsen-Anhalt,52.3835,11.98413
Derenburg,Sachsen-Anhalt,51.8707,10.90885
Derental,Niedersachsen,51.75039,9.39878
Dergenthin,Brandenburg,53.11688,11.92614
Dermbach,Thüringen,50.71447,10.11907
Dermsdorf,Thüringen,51.21247,11.28237
Dernau,Rheinland-Pfalz,50.53391,7.04568
Dernbach,Rheinland-Pfalz,50.05459,7.78152
Dersau,Schlewig-Holstein,54.15081,10.34118
Derschen,Rheinland-Pfalz,50.70793,7.98185
Dersekow,Mecklenburg-Vorpommern,54.11842,13.37624
Dersenow,Mecklenburg-Vorpommern,53.39957,10.9684
Dersum,Niedersachsen,52.96598,7.23158
Derwitz,Brandenburg,52.40377,12.78065
Desloch,Rheinland-Pfalz,49.71831,7.62871
Despetal,Niedersachsen,52.08254,9.84416
Dessau,Sachsen-Anhalt,51.82522,12.22557
Dessighofen,Rheinland-Pfalz,50.19177,7.77045
Dessin,Mecklenburg-Vorpommern,53.69223,11.86932
Dessow,Brandenburg,52.8583,12.43437
Detern,Niedersachsen,53.2156,7.64813
Detershagen,Sachsen-Anhalt,52.14254,11.95492
Detmold,Nordrhein-Westfalen,51.9338,8.86253
Dettelbach,Bayern,49.8121,10.13099
Dettenhausen,Baden-Württemberg,48.59549,9.10449
Dettenheim,Baden-Württemberg,49.17016,8.42028
Dettighofen,Baden-Württemberg,47.62349,8.48351
Dettingen,Baden-Württemberg,48.41855,9.63425
Dettmannsdorf,Mecklenburg-Vorpommern,54.11052,12.65577
Dettum,Niedersachsen,52.21634,10.63707
Detzel Gut,Sachsen-Anhalt,52.33737,11.36597
Detzel Schloß,Sachsen-Anhalt,52.33737,11.36597
Detzem,Rheinland-Pfalz,49.83891,6.85195
Deuben,Sachsen,51.36439,12.68831
Deuben,Sachsen-Anhalt,51.12305,12.0267
Deudesfeld,Rheinland-Pfalz,50.13325,6.7214
Deuerling,Bayern,49.03431,11.90661
Deuna,Thüringen,51.36002,10.47949
Deuselbach,Rheinland-Pfalz,49.65667,6.94885
Deutenried,Bayern,47.7133,10.87229
Deutsch Bork,Brandenburg,52.20037,12.79268
Deutsch Evern,Niedersachsen,53.18682,10.44249
Deutschhof,Brandenburg,52.90326,12.72486
Deutschneudorf,Sachsen,50.64835,13.45242
Deutzen,Sachsen,51.1234,12.43507
Dexheim,Rheinland-Pfalz,49.83783,8.25653
Deyelsdorf,Mecklenburg-Vorpommern,54.06675,12.93058
Dhronecken,Rheinland-Pfalz,49.76052,6.9528
Dichtelbach,Rheinland-Pfalz,50.02507,7.63355
Dickdamm,Brandenburg,52.24406,13.91797
Dickel,Niedersachsen,52.59262,8.47289
Dickendorf,Rheinland-Pfalz,50.70793,7.98185
Dickenschied,Rheinland-Pfalz,49.93805,7.2676
Dickesbach,Rheinland-Pfalz,49.8124,7.25528
Dickte,Brandenburg,52.72889,12.41213
Didderse,Niedersachsen,52.38155,10.39836
Diebach,Bayern,49.28723,10.26237
Dieblich,Rheinland-Pfalz,50.24828,7.44801
Dieburg,Hessen,49.90435,8.82128
Diebzig,Sachsen-Anhalt,51.71349,12.0183
Diedenberg,Rheinland-Pfalz,50.80842,7.88198
Diedersdorf,Brandenburg,52.42435,13.87729
Diedorf,Bayern,48.36579,10.76018
Diedorf,Thüringen,50.91295,10.18982
Diedrichshagen,Mecklenburg-Vorpommern,53.98248,12.28178
Diefenbach,Rheinland-Pfalz,50.02296,7.01439
Diekhof,Mecklenburg-Vorpommern,53.90807,12.34444
Diekholzen,Niedersachsen,52.10055,9.95638
Diekhusen-Fahrstedt,Schlewig-Holstein,53.95633,8.98282
Dieler,Rheinland-Pfalz,50.15862,7.48796
Dielheim,Baden-Württemberg,49.28176,8.7699
Dielkirchen,Rheinland-Pfalz,49.66727,7.82559
Dielmissen,Niedersachsen,51.97381,9.61734
Diemelsee,Hessen,51.33533,8.75319
Diemelstadt,Hessen,51.47478,9.00547
Diemitz,Mecklenburg-Vorpommern,53.27538,12.81752
Dienethal,Rheinland-Pfalz,50.28074,7.83452
Dienheim,Rheinland-Pfalz,49.83598,8.35386
Diensdorf-Radlow,Brandenburg,52.21586,14.00835
Dienstedt-Hettstedt,Thüringen,50.75397,11.11105
Dienstweiler,Rheinland-Pfalz,49.64293,7.17356
Diepenau,Niedersachsen,52.45357,8.75736
Diepensee,Brandenburg,52.3544,13.39417
Diepholz,Niedersachsen,52.60058,8.36134
Diepoldsburg,Baden-Württemberg,48.59903,9.49621
Diepoltstatt,Bayern,47.83296,12.74977
Diera,Sachsen,51.09541,13.46418
Dierbach,Rheinland-Pfalz,49.08987,7.96204
Dierberg,Brandenburg,52.9669,12.98502
Dierdorf,Rheinland-Pfalz,50.54119,7.67005
Dierfeld,Rheinland-Pfalz,50.07866,6.77218
Dierhagen,Mecklenburg-Vorpommern,54.27395,12.33747
Dierscheid,Rheinland-Pfalz,49.8866,6.79586
Diesbar-Seußlitz,Sachsen,51.29918,13.39009
Diesburgerhof,Rheinland-Pfalz,49.8721,6.41906
Diesdorf,Sachsen-Anhalt,52.78368,10.87672
Dieskau,Sachsen-Anhalt,51.45087,12.07967
Diespeck,Bayern,49.59717,10.62502
Diestelow,Mecklenburg-Vorpommern,53.58385,12.07135
Dietenborn,Thüringen,51.28627,10.73382
Dietenheim,Baden-Württemberg,48.21211,10.07158
Dietenhofen,Bayern,49.41172,10.68252
Dieterode,Thüringen,51.36287,10.07218
Dietersburg,Bayern,48.49337,12.92862
Dietersdorf,Brandenburg,51.95066,13.09874
Dietersdorf,Sachsen-Anhalt,51.46302,11.06951
Dietersheim,Bayern,49.55802,10.54012
Dieterskirchen,Bayern,49.40723,12.40993
Dietfurt,Bayern,49.0367,11.58594
Diethardt,Rheinland-Pfalz,50.20139,7.85813
Dietingen,Baden-Württemberg,48.2057,8.64608
Dietlas,Thüringen,50.85724,10.09967
Dietmannsried,Bayern,47.80877,10.28935
Dietramszell,Bayern,47.85456,11.58882
Dietrichingen,Rheinland-Pfalz,49.19984,7.46936
Dietrichsdorf,Sachsen-Anhalt,51.84618,12.63547
Dietzenbach,Hessen,50.00563,8.78042
Dietzenrode/Vatterode,Thüringen,51.36287,10.07218
Dietzhausen,Thüringen,50.58263,10.53498
Dietzhölztal,Hessen,50.83427,8.30988
Diez,Rheinland-Pfalz,50.37754,8.01323
Dießen,Bayern,47.96255,11.08577
Dill,Rheinland-Pfalz,49.93234,7.30882
Dillenburg,Hessen,50.74826,8.29938
Dillendorf,Rheinland-Pfalz,49.94321,7.40837
Dillingen,Bayern,48.56976,10.52348
Dillingen,Saarland,49.36306,6.72675
Dillstädt,Thüringen,50.58263,10.53498
Dimbach,Rheinland-Pfalz,49.20934,7.87957
Dingdorf,Rheinland-Pfalz,50.15848,6.45936
Dingelstedt,Sachsen-Anhalt,52.0123,11.03547
Dingelstädt,Thüringen,51.32506,10.29995
Dingen,Schlewig-Holstein,53.94999,9.13863
Dingolfing,Bayern,48.61477,12.48922
Dingolshausen,Bayern,49.90682,10.4027
Dingsleben,Thüringen,50.40422,10.70779
Dingwatt,Schlewig-Holstein,54.63823,9.63865
Dinkelsbühl,Bayern,49.07652,10.31665
Dinkelscherben,Bayern,48.34099,10.59423
Dinklage,Niedersachsen,52.65066,8.10625
Dinnies,Mecklenburg-Vorpommern,53.69223,11.86932
Dinslaken,Nordrhein-Westfalen,51.57337,6.75941
Dintesheim,Rheinland-Pfalz,49.7021,8.1389
Dippach,Thüringen,50.92978,10.11216
Dipperz,Hessen,50.53099,9.8103
Dippmannsdorf,Brandenburg,52.17817,12.6006
Dippoldiswalde,Sachsen,50.87331,13.63656
Dirlewang,Bayern,48.00206,10.50376
Dirmstein,Rheinland-Pfalz,49.56466,8.24991
Dirrfelden,Bayern,48.3168,10.1963
Dischingen,Baden-Württemberg,48.70357,10.38988
Dissen,Brandenburg,51.81359,14.1854
Dissen,Niedersachsen,52.11463,8.19933
Ditfurt,Sachsen-Anhalt,51.81207,11.13572
Ditscheid,Rheinland-Pfalz,50.36912,7.15165
Dittelbrunn,Bayern,50.07241,10.2193
Dittelsdorf,Sachsen,50.94361,14.88479
Dittelsheim-Heßloch,Rheinland-Pfalz,49.74101,8.24571
Dittenheim,Bayern,49.05523,10.79253
Dittersdorf,Thüringen,50.62158,11.5454
Dittmannsdorf,Sachsen,50.96527,13.12932
Dittrichshütte,Thüringen,50.64584,11.25088
Dittweiler,Rheinland-Pfalz,49.44211,7.31975
Ditzingen,Baden-Württemberg,48.83875,9.03567
Divitz-Spoldershagen,Mecklenburg-Vorpommern,54.30752,12.61132
Dixförda,Sachsen-Anhalt,51.85088,13.03348
Dobberkau,Sachsen-Anhalt,52.78907,11.72233
Dobbertin,Mecklenburg-Vorpommern,53.58385,12.07135
Dobbin,Mecklenburg-Vorpommern,53.68244,12.36276
Dobbrun,Sachsen-Anhalt,52.78907,11.72233
Dobel,Baden-Württemberg,48.79414,8.49226
Dobelgraben,Bayern,47.94403,12.69994
Doberburg,Brandenburg,51.98339,14.29955
Doberenz,Sachsen,51.04474,12.79055
Doberlug-Kirchhain,Brandenburg,51.64717,13.49567
Dobernitz,Sachsen,51.26068,13.23232
Doberschau,Sachsen,51.12224,14.44063
Doberschütz,Sachsen,51.4869,12.6412
Dobersdorf,Schlewig-Holstein,54.33916,10.22265
Dobian,Thüringen,50.66201,11.56757
Dobitschen,Thüringen,50.88529,12.31009
Dobra,Brandenburg,51.53215,13.37895
Dobra,Sachsen,51.28346,13.67654
Dobra Bad,Sachsen,51.28346,13.67654
Dobritz,Sachsen-Anhalt,52.00334,12.22069
Dockendorf,Rheinland-Pfalz,49.99789,6.49627
Dockweiler,Rheinland-Pfalz,50.17706,6.88055
Dodenburg,Rheinland-Pfalz,49.95221,6.81812
Dodendorf,Sachsen-Anhalt,52.03183,11.51991
Dodow,Mecklenburg-Vorpommern,53.50693,11.07801
Dogern,Baden-Württemberg,47.60641,8.16714
Dohm-Lammersdorf,Rheinland-Pfalz,50.29159,6.67185
Dohma,Sachsen,50.93971,13.96715
Dohna,Sachsen,50.95333,13.85478
Dohndorf,Sachsen-Anhalt,51.71349,12.0183
Dohnsen,Niedersachsen,51.99054,9.56164
Dohr,Rheinland-Pfalz,50.13726,7.17183
Dohren,Niedersachsen,52.97999,8.64685
Dolgelin,Brandenburg,52.4943,14.36042
Dolgen,Mecklenburg-Vorpommern,53.35109,13.4107
Dolgenbrodt,Brandenburg,52.29584,13.7901
Dolgesheim,Rheinland-Pfalz,49.83783,8.25653
Dolglas,Mecklenburg-Vorpommern,53.98913,11.89085
Dollart,Niedersachsen,53.20341,7.23764
Dolle,Sachsen-Anhalt,52.43399,11.81062
Dollenchen,Brandenburg,51.59657,13.74282
Dollern,Niedersachsen,53.53946,9.54753
Dollerup,Schlewig-Holstein,54.77923,9.67999
Dollgen,Brandenburg,51.91288,14.12376
Dollgow,Brandenburg,53.05639,13.10828
Dollnstein,Bayern,48.87262,11.0742
Dollrottfeld,Schlewig-Holstein,54.64155,9.80308
Dombühl,Bayern,49.25724,10.29682
Domersleben,Sachsen-Anhalt,52.07002,11.36887
Dommershausen,Rheinland-Pfalz,50.10642,7.4625
Dommitzsch,Sachsen,51.63867,12.87917
Domnitz,Sachsen-Anhalt,51.67516,11.76621
Domsdorf,Brandenburg,51.59395,13.80156
Domsühl,Mecklenburg-Vorpommern,53.5239,11.79548
Donaueschingen,Baden-Württemberg,47.95402,8.50871
Donaustauf,Bayern,49.03244,12.20737
Donauwörth,Bayern,48.72944,10.76812
Donndorf,Thüringen,51.28863,11.37115
Donnersdorf,Bayern,49.97277,10.4197
Donsieders,Rheinland-Pfalz,49.26028,7.67464
Donzdorf,Baden-Württemberg,48.69374,9.8127
Dorf Gutow,Mecklenburg-Vorpommern,53.95172,11.12204
Dorf Mecklenburg,Mecklenburg-Vorpommern,53.84194,11.45942
Dorf Reppenhagen,Mecklenburg-Vorpommern,53.95172,11.12204
Dorf Wahrsow,Mecklenburg-Vorpommern,53.83187,10.87156
Dorf Zechlin,Brandenburg,53.1613,12.75199
Dorfchemnitz,Sachsen,50.76124,13.41921
Dorfen,Bayern,48.29418,12.1727
Dorfhain,Sachsen,50.93083,13.55392
Dorfilm,Thüringen,50.58139,11.47863
Dorfprozelten,Bayern,49.78908,9.36664
Dormagen,Nordrhein-Westfalen,51.10316,6.80821
Dormettingen,Baden-Württemberg,48.24143,8.7741
Dormitz,Bayern,49.6152,11.14153
Dorn-Dürkheim,Rheinland-Pfalz,49.76804,8.26699
Dorna,Sachsen-Anhalt,51.78455,12.65939
Dornbock,Sachsen-Anhalt,51.71349,12.0183
Dornburg,Hessen,50.50542,8.02512
Dornburg,Sachsen-Anhalt,52.00334,12.22069
Dornburg,Thüringen,50.99595,11.622
Dorndorf,Thüringen,50.79503,10.71419
Dorndorf-Steudnitz,Thüringen,50.99595,11.622
Dornhan,Baden-Württemberg,48.35275,8.5293
Dornhecken,Bayern,48.17294,12.31377
Dornheim,Thüringen,50.8101,10.96409
Dornholzhausen,Rheinland-Pfalz,50.19177,7.77045
Dornreichenbach,Sachsen,51.38083,12.82912
Dornstadt,Baden-Württemberg,48.48446,9.89465
Dornstedt,Sachsen-Anhalt,51.45646,11.81881
Dornstetten,Baden-Württemberg,48.4807,8.49887
Dornswalde,Brandenburg,52.03348,13.50421
Dornum,Niedersachsen,53.64593,7.43051
Dorotheenhof,Brandenburg,52.78381,13.008
Dorsel,Rheinland-Pfalz,50.41461,6.8077
Dorsheim,Rheinland-Pfalz,49.89159,7.84458
Dorst,Sachsen-Anhalt,52.53867,11.40509
Dorstadt,Niedersachsen,52.06714,10.57869
Dorsten,Nordrhein-Westfalen,51.69326,6.97059
Dortmund,Nordrhein-Westfalen,51.51042,7.47544
Dossenheim,Baden-Württemberg,49.45039,8.668
Dossow,Brandenburg,53.12115,12.51526
Dotternhausen,Baden-Württemberg,48.22707,8.79786
Drachhausen,Brandenburg,51.85744,14.41276
Drachselsried,Bayern,49.10741,13.01279
Drackendorf,Thüringen,50.87536,11.62055
Drackenstedt,Sachsen-Anhalt,52.14756,11.22068
Drackenstein,Baden-Württemberg,48.54436,9.66359
Drage,Niedersachsen,53.3658,10.2022
Drage,Schlewig-Holstein,54.17748,9.34591
Dragensdorf,Thüringen,50.59733,11.83993
Dragun,Mecklenburg-Vorpommern,53.67731,11.11736
Drahendorf,Brandenburg,52.15111,14.14896
Drahnsdorf,Brandenburg,51.97487,13.59976
Drakenburg,Niedersachsen,52.68737,9.21756
Drangstedt,Niedersachsen,53.6247,8.84154
Dranse,Brandenburg,53.12115,12.51526
Dransfeld,Niedersachsen,51.46829,9.74476
Dranske,Mecklenburg-Vorpommern,54.64393,13.34539
Drantum,Niedersachsen,52.82722,8.2015
Draschwitz,Sachsen,51.21877,12.75372
Draschwitz,Sachsen-Anhalt,51.01843,12.15186
Drasdo,Brandenburg,51.5951,13.3007
Dreba,Thüringen,50.73505,11.72756
Drebach,Sachsen,50.67605,13.02002
Drebber,Niedersachsen,52.67332,8.39782
Drebkau,Brandenburg,51.65575,14.22417
Drebsdorf,Sachsen-Anhalt,51.45058,11.23554
Drechow,Mecklenburg-Vorpommern,54.09133,12.76019
Dreeker Fladder,Niedersachsen,52.67332,8.39782
Drees,Rheinland-Pfalz,50.42268,6.90756
Dreetz,Brandenburg,52.8583,12.43437
Dreetz,Mecklenburg-Vorpommern,53.77814,12.01836
Drefahl,Mecklenburg-Vorpommern,53.40765,11.72243
Dreggers,Schlewig-Holstein,53.83793,10.18284
Drehfeld,Sachsen,51.00983,13.37793
Drehnow,Brandenburg,51.85744,14.41276
Drei Annen Hohne,Sachsen-Anhalt,51.74239,10.76526
Dreieich,Hessen,50.02951,8.69492
"Dreifaltigkeitsberg, Gem Weng",Bayern,48.67585,12.4893
Dreifelden,Rheinland-Pfalz,50.69809,7.81941
Dreihof,Rheinland-Pfalz,49.22817,8.18145
Dreikirchen,Rheinland-Pfalz,50.48113,7.94372
Dreileben,Sachsen-Anhalt,52.14756,11.22068
Dreilützow,Mecklenburg-Vorpommern,53.50693,11.07801
Dreis,Rheinland-Pfalz,49.95221,6.81812
Dreis-Brück,Rheinland-Pfalz,50.17706,6.88055
Dreisbach,Rheinland-Pfalz,50.66661,8.01375
Dreisen,Rheinland-Pfalz,49.59387,7.99801
Dreitzsch,Thüringen,50.72386,11.83699
Dreißig,Sachsen,51.13432,13.12724
Drelsdorf,Schlewig-Holstein,54.58074,9.04634
Drenkow,Mecklenburg-Vorpommern,53.31812,11.92791
Drense,Brandenburg,53.3194,13.87248
Drensteinfurt,Nordrhein-Westfalen,51.79992,7.72243
Drentwede,Niedersachsen,52.71494,8.56809
Dreschvitz,Mecklenburg-Vorpommern,54.35521,13.28997
Dresden,Sachsen,51.0499,13.75817
Drestedt,Niedersachsen,53.37202,9.73968
Drestedt-Valzik,Niedersachsen,53.27799,9.69117
Dretzen,Brandenburg,52.26741,12.28739
Drewelow,Mecklenburg-Vorpommern,53.76275,13.56938
Drewen,Brandenburg,52.98479,12.35979
Drewitz,Brandenburg,51.863,14.50936
Drewitz,Sachsen-Anhalt,52.14254,11.95492
Driedorf,Hessen,50.63401,8.18597
Drieschnitz-Kahsel,Brandenburg,51.5838,14.37591
Driftsethe,Niedersachsen,53.35816,8.65486
Drispeth,Mecklenburg-Vorpommern,53.72237,11.41783
Drochow,Brandenburg,51.56111,13.89658
Drochtersen,Niedersachsen,53.7068,9.3786
Drogen,Thüringen,50.88529,12.31009
Drognitz,Thüringen,50.58139,11.47863
Drohndorf,Sachsen-Anhalt,51.67669,11.56713
Drolshagen,Nordrhein-Westfalen,51.03577,7.78042
Dromigt,Rheinland-Pfalz,50.13772,6.21658
Drosa,Sachsen-Anhalt,51.71349,12.0183
Droschka,Thüringen,50.93901,11.75028
Droyßig,Sachsen-Anhalt,51.00979,12.03229
Droßdorf,Sachsen,50.36256,12.07973
Droßdorf,Sachsen-Anhalt,51.01843,12.15186
Druxberge,Sachsen-Anhalt,52.14756,11.22068
Dröbischau,Thüringen,50.65898,11.11527
Drönnewitz,Mecklenburg-Vorpommern,53.50693,11.07801
Drübeck,Sachsen-Anhalt,51.89536,10.70342
Drüsedau,Sachsen-Anhalt,52.88777,11.75233
Drüsen,Schlewig-Holstein,53.61163,10.69908
Duben,Brandenburg,51.8536,13.75045
Dubrau,Brandenburg,51.72938,14.23866
Dubro,Brandenburg,51.72081,13.2298
Ducherow,Mecklenburg-Vorpommern,53.79552,13.76374
Duchroth,Rheinland-Pfalz,49.78745,7.83201
Duckow,Mecklenburg-Vorpommern,53.73868,12.76657
Dudeldorf,Rheinland-Pfalz,49.98275,6.64732
Dudenbacherhof,Rheinland-Pfalz,49.48545,7.73402
Dudenhofen,Rheinland-Pfalz,49.31622,8.38935
Dudenroth,Rheinland-Pfalz,50.07132,7.44511
Duderstadt,Niedersachsen,51.513,10.21366
Duggendorf,Bayern,49.1114,11.93227
Duingen,Niedersachsen,52.00495,9.69715
Duisburg,Nordrhein-Westfalen,51.44134,6.74558
Dummerstorf,Mecklenburg-Vorpommern,54.01376,12.21585
Dunningen,Baden-Württemberg,48.2261,8.47868
Dunsum,Schlewig-Holstein,54.71822,8.5031
Dunum,Niedersachsen,53.64487,7.60792
Dunzweiler,Rheinland-Pfalz,49.43751,7.26656
Duppach,Rheinland-Pfalz,50.13897,6.34764
Durach,Bayern,47.69402,10.3855
Durbach,Baden-Württemberg,48.4847,8.02459
Durchhausen,Baden-Württemberg,48.03938,8.67503
Durlangen,Baden-Württemberg,48.85809,9.79316
Durmersheim,Baden-Württemberg,48.93492,8.29943
Durrhausen,Bayern,48.03278,12.30562
Dusenbrücken,Rheinland-Pfalz,49.24535,7.55723
Duten,Schlewig-Holstein,54.32895,9.6703
Dutzenthal,Bayern,49.5199,10.40057
Dutzow,Mecklenburg-Vorpommern,53.67731,11.11736
Duvennest,Mecklenburg-Vorpommern,53.83187,10.87156
Duvensee,Schlewig-Holstein,53.69829,10.52664
Dußlingen,Baden-Württemberg,48.4588,9.04776
Dwergte,Niedersachsen,52.88863,7.93397
Dyrotz,Brandenburg,52.63142,12.81202
Dägeling,Schlewig-Holstein,53.8783,9.53127
Dähre,Sachsen-Anhalt,52.78368,10.87672
Dämelow,Mecklenburg-Vorpommern,53.79131,11.64686
Dänischenhagen,Schlewig-Holstein,54.46116,10.10955
Dätgen,Schlewig-Holstein,54.16731,9.85163
Döbbersen,Mecklenburg-Vorpommern,53.50693,11.07801
Döbeln,Sachsen,51.13432,13.12724
Döberitz,Brandenburg,52.53946,12.35643
Döbern,Brandenburg,51.63818,14.59961
Döbernitz,Sachsen,51.52335,12.30296
Döblitz,Sachsen-Anhalt,51.5252,11.82739
Döbrichau,Sachsen,51.57648,13.08535
Döbris,Sachsen-Anhalt,51.16569,10.45153
Döbritschen,Thüringen,50.94415,11.42979
Döbritz,Thüringen,50.70572,11.60129
Döhlau,Bayern,50.28526,11.96832
Döhlen,Thüringen,50.52977,11.3828
Döhren,Sachsen-Anhalt,52.32959,11.11053
Dölbau,Sachsen-Anhalt,51.45087,12.07967
Döllen,Brandenburg,52.98479,12.35979
Döllingen,Brandenburg,51.46716,13.61974
Döllnitz,Sachsen-Anhalt,51.45087,12.07967
Döllstädt,Thüringen,51.07449,10.85541
Dömitz,Mecklenburg-Vorpommern,53.23371,11.17997
Dönges,Thüringen,50.85724,10.09967
Dönitz,Sachsen-Anhalt,52.62603,11.17187
Dönkendorf,Mecklenburg-Vorpommern,53.9075,10.97564
Dörentrup,Nordrhein-Westfalen,52.02691,9.01731
Dörfles-Esbach,Bayern,50.2855,10.99807
Döringsdorf,Thüringen,51.38965,10.16816
Dörna,Thüringen,51.25626,10.35915
Dörnberg,Rheinland-Pfalz,50.28074,7.83452
Dörnfeld a d Ilm,Thüringen,50.75397,11.11105
Dörnick,Schlewig-Holstein,54.15081,10.34118
Dörnitz,Sachsen-Anhalt,52.14254,11.95492
Dörpen,Niedersachsen,52.95914,7.34285
Dörphof,Schlewig-Holstein,54.62661,9.98461
Dörpling,Schlewig-Holstein,54.26766,9.29564
Dörpstedt,Schlewig-Holstein,54.42897,9.34851
Dörpum,Schlewig-Holstein,54.61951,8.96577
Dörpumfeld,Schlewig-Holstein,54.61951,8.96577
Dörrebach,Rheinland-Pfalz,49.96077,7.71575
Dörrenbach,Rheinland-Pfalz,49.08987,7.96204
Dörrmoschel,Rheinland-Pfalz,49.62698,7.81437
Dörrwalde,Brandenburg,51.58798,14.01097
Dörscheid,Rheinland-Pfalz,50.12677,7.76569
Dörsdorf,Rheinland-Pfalz,50.29585,7.91754
Dörth,Rheinland-Pfalz,50.15582,7.55578
Dörverden,Niedersachsen,52.84694,9.22767
Dörzbach,Baden-Württemberg,49.35298,9.728
Döschnitz,Thüringen,50.61378,11.20268
Döschwitz,Sachsen-Anhalt,51.01843,12.15186
Dösitz,Sachsen,51.26068,13.23232
Dötlingen,Niedersachsen,52.97298,8.43248
Döttesfeld,Rheinland-Pfalz,50.59881,7.61149
Döttinger Höhe,Rheinland-Pfalz,50.42268,6.90756
Dößel,Sachsen-Anhalt,51.5252,11.82739
Düben,Sachsen-Anhalt,51.93811,12.43055
Dübrichen,Brandenburg,51.64717,13.49567
Düchelsdorf,Schlewig-Holstein,53.74593,10.48397
Düdenbüttel,Niedersachsen,53.61646,9.3104
Dülmen,Nordrhein-Westfalen,51.85798,7.31388
Dümmer,Mecklenburg-Vorpommern,53.57352,11.3027
Dümpelfeld,Rheinland-Pfalz,50.42268,6.90756
Dünfus,Rheinland-Pfalz,50.21396,7.26913
Düngenheim,Rheinland-Pfalz,50.23911,7.19794
Dünsen,Niedersachsen,52.90915,8.58705
Düpow,Brandenburg,53.11688,11.92614
Dürach,Baden-Württemberg,48.21211,10.07158
Dürbheim,Baden-Württemberg,48.0563,8.79197
Düren,Nordrhein-Westfalen,50.80248,6.47054
Dürmentingen,Baden-Württemberg,48.11812,9.53176
Dürnau,Baden-Württemberg,48.3525,9.62075
Dürnberg,Bayern,49.3139,12.83391
Dürrenhofe,Brandenburg,51.99014,13.77779
Dürrenuhlsdorf,Sachsen,50.88713,12.58658
Dürrhennersdorf,Sachsen,51.0774,14.65558
Dürrholz,Rheinland-Pfalz,50.54499,7.59857
Dürrlauingen,Bayern,48.47231,10.42841
Dürrröhrsdorf-Dittersbach,Sachsen,51.04885,14.07909
Dürrwangen,Bayern,49.10856,10.38627
Dürrweitzschen,Sachsen,51.21877,12.75372
Düsedau,Sachsen-Anhalt,52.78907,11.72233
Düsseldorf,Nordrhein-Westfalen,51.21969,6.80713
Dütschow,Mecklenburg-Vorpommern,53.40765,11.72243
Düvier,Mecklenburg-Vorpommern,53.99776,13.1547
Düßnitz,Sachsen-Anhalt,51.83464,12.98299
Ebeleben,Thüringen,51.28627,10.73382
Ebelsbach,Bayern,49.9867,10.6736
Ebendorf,Sachsen-Anhalt,52.20582,11.6082
Ebenhausen,Bayern,47.97868,11.45417
Ebenheiderhof,Bayern,49.74787,9.36614
Ebenheim,Thüringen,50.8969,10.76719
Ebensfeld,Bayern,50.06741,10.96395
Ebenshausen,Thüringen,51.07874,10.3351
Ebenweiler,Baden-Württemberg,47.90009,9.50877
Ebenwies,Bayern,49.0249,11.95465
Eberbach,Baden-Württemberg,49.47331,9.00613
Eberdingen,Baden-Württemberg,48.87977,8.96536
Ebereschenhof,Brandenburg,52.63142,12.81202
Eberfing,Bayern,47.78046,11.20828
Ebergötzen,Niedersachsen,51.54071,10.16298
Eberhardzell,Baden-Württemberg,47.98829,9.8235
Eberholzen,Niedersachsen,52.04113,9.91319
Ebermannsdorf,Bayern,49.39363,11.93485
Ebermannstadt,Bayern,49.78156,11.17907
Ebern,Bayern,50.08995,10.72488
Ebernhahn,Rheinland-Pfalz,50.47165,7.83528
Ebersbach,Baden-Württemberg,48.7192,9.51102
Ebersbach,Sachsen,51.14101,13.79938
Ebersbach-Musbach,Baden-Württemberg,47.98773,9.5952
Ebersberg,Bayern,48.08186,11.98799
Ebersbrunn,Sachsen,50.62304,12.46217
Ebersburg,Hessen,50.45999,9.78532
Ebersdorf,Bayern,50.22353,11.06241
Ebersdorf,Niedersachsen,53.49807,9.11349
Ebersdorf,Thüringen,50.54763,11.60602
Ebershausen,Bayern,48.20457,10.31619
Ebersroda,Sachsen-Anhalt,51.23826,11.76903
Eberstadt,Baden-Württemberg,49.18008,9.32364
Eberstedt,Thüringen,51.0879,11.62857
Ebersteinerhof,Baden-Württemberg,48.09605,8.54534
Eberswalde,Brandenburg,52.83841,13.76877
Ebertshausen,Rheinland-Pfalz,50.29585,7.91754
Ebertsheim,Rheinland-Pfalz,49.56582,8.10594
Ebhausen,Baden-Württemberg,48.60311,8.68119
Ebing,Bayern,47.91056,12.8186
Ebnath,Bayern,49.94465,11.93427
Ebnisee,Baden-Württemberg,48.91566,9.6492
Eborn,Rheinland-Pfalz,49.64293,7.17356
Ebrach,Bayern,49.84809,10.49486
Ebringen,Baden-Württemberg,47.95616,7.77698
Ebsdorfergrund,Hessen,50.72879,8.84803
Ebstorf,Niedersachsen,53.0311,10.42026
Echem,Niedersachsen,53.29346,10.50807
Eching,Bayern,48.28829,11.59846
Echternacherbrück,Rheinland-Pfalz,49.8721,6.41906
Echtershausen,Rheinland-Pfalz,49.99789,6.49627
Echzell,Hessen,50.38637,8.88385
Eck,Bayern,48.03278,12.30562
Eckardtshausen,Thüringen,50.91344,10.20282
Eckardtsleben,Thüringen,51.09378,10.75017
Eckarrot,Baden-Württemberg,49.07274,10.13028
Eckartsberg,Sachsen,50.92414,14.77012
Eckartsberga,Sachsen-Anhalt,51.12419,11.53323
Eckelsheim,Rheinland-Pfalz,49.78207,7.96296
Eckenroth,Rheinland-Pfalz,49.96077,7.71575
Eckental,Bayern,49.58507,11.23873
Eckernförde,Schlewig-Holstein,54.44078,9.82271
Eckersdorf,Bayern,49.94078,11.41071
Eckersweiler,Rheinland-Pfalz,49.57721,7.29211
Eckfeld,Rheinland-Pfalz,50.09606,6.82754
Eckhütt,Bayern,48.9275,12.84327
Ecklak,Schlewig-Holstein,53.91479,9.23964
Ecklingerode,Thüringen,51.45727,10.36357
Eckmannsdorf,Brandenburg,51.95066,13.09874
Eckolstädt,Thüringen,51.01108,11.50044
Eckstedt,Thüringen,51.09237,11.09922
Eddelak,Schlewig-Holstein,53.94999,9.13863
Edderitz,Sachsen-Anhalt,51.68128,11.91583
Edelsfeld,Bayern,49.57863,11.69394
Edemissen,Niedersachsen,52.40239,10.31473
Edenkoben,Rheinland-Pfalz,49.29331,8.05331
Eder,Bayern,47.86197,12.70615
Ederheim,Bayern,48.79279,10.46898
Edermünde,Hessen,51.21949,9.38641
Edersleben,Sachsen-Anhalt,51.45058,11.23554
Edertal,Hessen,51.17362,9.07339
Edesheim,Rheinland-Pfalz,49.26177,8.13443
Edewecht,Niedersachsen,53.1122,7.98469
Ediger-Eller,Rheinland-Pfalz,50.19369,7.15361
Edingen-Neckarhausen,Baden-Württemberg,49.44794,8.60104
Edlau,Sachsen-Anhalt,51.67516,11.76621
Edling,Bayern,48.05882,12.15731
Effelder,Thüringen,50.83108,10.62761
Effeltrich,Bayern,49.66007,11.10477
Efringen-Kirchen,Baden-Württemberg,47.66225,7.57148
Egelinde,Brandenburg,52.17817,12.6006
Egeln,Sachsen-Anhalt,51.941,11.42505
Egelsbach,Hessen,49.9675,8.66945
Egenhausen,Baden-Württemberg,48.56658,8.61814
Egenhofen,Bayern,48.25947,11.18375
Egerdach,Bayern,47.91476,12.71913
Egesheim,Baden-Württemberg,48.11415,8.86593
Egestorf,Niedersachsen,53.19491,10.06325
Egg,Bayern,48.0866,10.28354
Eggebek,Schlewig-Holstein,54.62064,9.37061
Eggenfelden,Bayern,48.4033,12.7469
Eggenstedt,Sachsen-Anhalt,52.14756,11.22068
Eggenstein-Leopoldshafen,Baden-Württemberg,49.09227,8.37146
Eggenthal,Bayern,47.91403,10.51122
Eggerdach,Bayern,47.99853,12.40544
Eggerkamp,Niedersachsen,53.78444,9.22523
Eggermühlen,Niedersachsen,52.54109,7.87143
Eggersdorf,Brandenburg,52.50583,14.05295
Eggersdorf,Sachsen-Anhalt,51.97447,11.65596
Eggersdorf Siedlung,Brandenburg,52.51119,14.13387
Eggesin,Mecklenburg-Vorpommern,53.65297,14.12686
Eggingen,Baden-Württemberg,47.70459,8.38502
Egglham,Bayern,48.53122,13.05132
Egglkofen,Bayern,48.39448,12.45076
Eggolsheim,Bayern,49.78466,11.09959
Eggstedt,Schlewig-Holstein,54.05358,9.25742
Eggstätt,Bayern,47.93399,12.38194
Eging,Bayern,48.70684,13.25097
Eglfing,Bayern,47.73089,11.17628
Egling,Bayern,48.0575,11.24033
Egloffstein,Bayern,49.7069,11.26045
Eglsee,Bayern,47.94403,12.69994
Egmating,Bayern,48.0046,11.79701
Egonmühle,Baden-Württemberg,49.10565,8.80525
Egsdorf,Brandenburg,51.99416,13.68252
Egstedt a Steiger,Thüringen,50.9143,11.15061
Egweil,Bayern,48.78573,11.2317
Ehbruch,Mecklenburg-Vorpommern,54.13573,11.95561
Ehekirchen,Bayern,48.63801,11.10532
Ehgarten,Bayern,51.16569,10.45153
Ehingen,Baden-Württemberg,48.2929,9.66123
Ehingen,Bayern,48.8823,10.62281
Ehlenz,Rheinland-Pfalz,49.99789,6.49627
Ehlscheid,Rheinland-Pfalz,50.51412,7.46685
Ehndorf,Schlewig-Holstein,54.07249,9.89598
Ehningen,Baden-Württemberg,48.65848,8.94616
Ehr,Rheinland-Pfalz,50.19177,7.77045
Ehra-Lessien,Niedersachsen,52.57494,10.79386
Ehrenberg,Hessen,50.53196,9.98216
Ehrenberg,Thüringen,50.50626,10.62202
Ehrenburg,Niedersachsen,52.73937,8.67629
Ehrenfriedersdorf,Sachsen,50.64812,12.96868
Ehrenkirchen,Baden-Württemberg,47.90244,7.7636
Ehrensberg,Bayern,48.48673,11.50191
Ehrenstein,Thüringen,50.75397,11.11105
Ehringshausen,Hessen,50.61891,8.35638
Ehweiler,Rheinland-Pfalz,49.56984,7.35799
Eibau,Sachsen,50.98784,14.65085
Eibau-Neueibau,Sachsen,50.98784,14.65085
Eibau-Walddorf,Sachsen,50.98784,14.65085
Eibelstadt,Bayern,49.72553,10.00149
Eibenhof,Baden-Württemberg,48.89043,9.64704
Eibenstock,Sachsen,50.49494,12.59966
Eich,Rheinland-Pfalz,49.74977,8.4064
Eich,Sachsen,50.53712,12.31343
Eichbichl,Bayern,48.02156,12.03508
Eiche,Brandenburg,52.62056,13.67405
Eichelborn,Thüringen,50.96935,11.15475
Eichelhardt,Rheinland-Pfalz,50.7273,7.6948
Eichen,Rheinland-Pfalz,50.64756,7.52776
Eichenau,Bayern,48.17226,11.32228
Eichenbach,Rheinland-Pfalz,50.41461,6.8077
Eichenbachermühle,Rheinland-Pfalz,49.52784,7.91503
Eichenbarleben,Sachsen-Anhalt,52.13518,11.50131
Eichenberg,Thüringen,50.66843,11.1644
Eichenbühl,Bayern,49.66659,9.35223
Eichendorf,Bayern,48.63175,12.8536
Eichenzell,Hessen,50.47122,9.71413
Eichholz-Drößig,Brandenburg,51.59657,13.74282
Eichhorst,Brandenburg,52.84992,13.68287
Eichhorst,Mecklenburg-Vorpommern,53.60793,13.47528
Eichigt,Sachsen,50.34531,12.24269
Eichstedt,Sachsen-Anhalt,52.7276,11.95016
Eichstegen,Baden-Württemberg,47.93356,9.52635
Eichstetten,Baden-Württemberg,48.09402,7.73056
Eichstruth,Thüringen,51.36287,10.07218
Eichstädt,Brandenburg,52.68143,13.14458
Eichstätt,Bayern,48.89103,11.2037
Eichwalde,Brandenburg,52.3546,13.57938
Eickelberg,Mecklenburg-Vorpommern,53.77814,12.01836
Eickeloh,Niedersachsen,52.76277,9.58332
Eickendorf,Sachsen-Anhalt,52.19081,11.42873
Eickhof,Mecklenburg-Vorpommern,54.00549,12.32098
Eicklingen,Niedersachsen,52.54962,10.1856
Eickstedt,Brandenburg,53.3194,13.87248
Eigeltingen,Baden-Württemberg,47.85821,8.89742
Eigenrode,Thüringen,51.25626,10.35915
Eilenburg,Sachsen,51.4869,12.6412
Eilenstedt,Sachsen-Anhalt,52.0123,11.03547
Eilscheid,Rheinland-Pfalz,50.08513,6.38539
Eilsdorf,Sachsen-Anhalt,52.0123,11.03547
Eilsleben,Sachsen-Anhalt,52.14756,11.22068
Eime,Niedersachsen,52.07272,9.7231
Eimeldingen,Baden-Württemberg,47.63059,7.59519
Eimen,Niedersachsen,51.92971,9.63804
Eimersleben,Sachsen-Anhalt,52.22486,11.30453
Eimke,Niedersachsen,52.96469,10.31292
Eimsheim,Rheinland-Pfalz,49.83783,8.25653
Einbeck,Niedersachsen,51.84008,9.87689
Eineborn,Thüringen,50.85628,11.77906
Einemhof,Niedersachsen,53.27166,10.21941
Einhaus,Schlewig-Holstein,53.68539,10.88566
Einhausen,Hessen,49.67231,8.54478
Einhausen,Thüringen,50.53061,10.35396
Einhusen,Mecklenburg-Vorpommern,54.06316,11.7968
Einig,Rheinland-Pfalz,50.30021,7.29804
Einkorn,Baden-Württemberg,49.12576,9.75441
Einsbach,Bayern,48.29018,11.26449
Einselthum,Rheinland-Pfalz,49.64194,8.13416
Einöllen,Rheinland-Pfalz,49.61068,7.67519
Eisdorf,Niedersachsen,51.77586,10.18957
Eiselfing,Bayern,48.03962,12.24133
Eisenach,Rheinland-Pfalz,49.85309,6.5694
Eisenach,Thüringen,50.98566,10.31446
Eisenbach,Baden-Württemberg,47.95984,8.26751
Eisenberg,Bayern,47.63818,10.61318
Eisenberg,Rheinland-Pfalz,49.56478,8.04765
Eisenberg,Thüringen,50.96627,11.89079
Eisendorf,Schlewig-Holstein,54.16731,9.85163
Eisenhammer,Thüringen,50.73505,11.72756
Eisenheim,Bayern,49.88368,10.15759
Eisenhüttenstadt,Brandenburg,52.16503,14.56099
Eisenschmelz,Rheinland-Pfalz,49.35895,7.77433
Eisenschmitt,Rheinland-Pfalz,50.07866,6.77218
Eiserhof,Hessen,50.35866,8.87399
Eisfeld,Thüringen,50.42322,10.90786
Eishausen,Thüringen,50.40422,10.70779
Eisighofen,Rheinland-Pfalz,50.29585,7.91754
Eisingen,Baden-Württemberg,48.9464,8.66935
Eisingen,Bayern,49.75912,9.83467
Eislingen,Baden-Württemberg,48.70232,9.71204
Eitelborn,Rheinland-Pfalz,50.37664,7.72122
Eitensheim,Bayern,48.81942,11.32039
Eiterfeld,Hessen,50.76095,9.80698
Eitleshof,Baden-Württemberg,48.72853,9.70165
Eitorf,Nordrhein-Westfalen,50.76477,7.44014
Eitting,Bayern,48.35887,11.89076
Eixen,Mecklenburg-Vorpommern,54.11052,12.65577
Ekebergkrug,Schlewig-Holstein,54.63823,9.63865
Ekenis,Schlewig-Holstein,54.64155,9.80308
Elbe,Niedersachsen,52.08887,10.27716
Elben,Rheinland-Pfalz,50.74555,7.81277
Elbenschwand,Baden-Württemberg,47.71972,7.7956
Elbingen,Rheinland-Pfalz,50.55079,7.9309
Elbingerode,Niedersachsen,51.62015,10.32479
Elbingerode,Sachsen-Anhalt,51.74239,10.76526
Elbisbach,Sachsen,51.13544,12.64179
Elbrechting,Bayern,48.17294,12.31377
Elbtal,Hessen,50.50496,8.06502
Elchesheim-Illingen,Baden-Württemberg,48.93132,8.21066
Elchingen,Bayern,48.44735,10.08822
Elchweiler,Rheinland-Pfalz,49.64293,7.17356
Eldena,Mecklenburg-Vorpommern,53.21121,11.41481
Eldenburg,Brandenburg,53.08315,11.49815
Eldingen,Niedersachsen,52.68529,10.3441
Elend,Sachsen-Anhalt,51.74239,10.76526
Elende,Thüringen,51.40537,10.58608
Elfershausen,Bayern,50.14526,9.96439
Elgersburg,Thüringen,50.71812,10.84674
Eliasbrunn,Thüringen,50.44155,11.61814
Elisabeth-Sophien-Koog,Schlewig-Holstein,54.5131,8.89483
Elisabethhöhe,Brandenburg,52.36479,12.87007
Elkenroth,Rheinland-Pfalz,50.7274,7.88309
Elleben,Thüringen,50.87842,10.97212
Ellefeld,Sachsen,50.48535,12.3861
Ellenberg,Baden-Württemberg,49.0021,10.23654
Ellenberg,Rheinland-Pfalz,49.64293,7.17356
Ellenberg,Sachsen-Anhalt,52.78368,10.87672
Ellenhausen,Rheinland-Pfalz,50.53048,7.75282
Ellenz-Poltersdorf,Rheinland-Pfalz,50.11497,7.23294
Ellerau,Schlewig-Holstein,53.75898,9.924
Ellerbek,Schlewig-Holstein,53.68532,9.91334
Ellerdorf,Schlewig-Holstein,54.16731,9.85163
Ellerhoop,Schlewig-Holstein,53.72746,9.77201
Ellern,Rheinland-Pfalz,49.98832,7.64297
Ellershagen,Brandenburg,53.13447,12.18056
Ellersleben,Thüringen,51.12231,11.41758
Ellerstadt,Rheinland-Pfalz,49.46337,8.26065
Ellgau,Bayern,48.61399,10.86225
Ellhofen,Baden-Württemberg,49.14406,9.3195
Ellhöft,Schlewig-Holstein,54.87299,8.89749
Ellingen,Bayern,49.06098,10.97188
Ellingshausen,Thüringen,50.53061,10.35396
Ellingstedt,Schlewig-Holstein,54.47921,9.41216
Ellrich,Thüringen,51.55161,10.61365
Ellrichsbronn,Baden-Württemberg,48.94885,10.37532
Ellscheid,Rheinland-Pfalz,50.17706,6.88055
Ellwangen,Baden-Württemberg,48.96717,10.17115
Ellweiler,Rheinland-Pfalz,49.64293,7.17356
Ellzee,Bayern,48.33807,10.32074
Elmau,Bayern,47.48608,11.21365
Elmenhorst,Mecklenburg-Vorpommern,54.09506,12.11227
Elmenhorst,Schlewig-Holstein,53.66014,10.38993
Elmenhorst/Lichtenhagen,Mecklenburg-Vorpommern,54.13953,12.03302
Elmlohe,Niedersachsen,53.6247,8.84154
Elmshorn,Schlewig-Holstein,53.74679,9.66098
Elmstein,Rheinland-Pfalz,49.35158,7.93598
Elpersbüttel,Schlewig-Holstein,54.10401,9.06229
Elschbacherhof,Rheinland-Pfalz,49.40088,7.44049
Elsdorf,Niedersachsen,53.26798,9.27257
Elsdorf,Nordrhein-Westfalen,50.92226,6.55957
Elsdorf,Sachsen-Anhalt,51.71349,12.0183
Elsdorf-Westermühlen,Schlewig-Holstein,54.26704,9.51397
Elsendorf,Bayern,48.70909,11.80995
Elsenfeld,Bayern,49.82827,9.20041
Elsfleth,Niedersachsen,53.20458,8.37351
Elsholz,Brandenburg,52.22866,12.92762
Elskop,Schlewig-Holstein,53.83242,9.52029
Elslaake,Brandenburg,52.5979,12.52041
Elsnig,Sachsen,51.63867,12.87917
Elsnigk,Sachsen-Anhalt,51.77197,12.07353
Elsoff,Rheinland-Pfalz,50.57669,8.04837
Elstal,Brandenburg,51.16569,10.45153
Elster,Sachsen-Anhalt,51.16569,10.45153
Elsterberg,Sachsen,50.60956,12.17024
Elsterheide,Sachsen,51.50538,14.22786
Elstertrebnitz,Sachsen,51.16777,12.24784
Elsterwerda,Brandenburg,51.46332,13.5105
Elstra,Sachsen,51.24067,14.03283
Elterlein,Sachsen,50.57713,12.86819
Eltmann,Bayern,49.97208,10.65227
Eltville,Hessen,50.04681,8.08893
Elxleben,Thüringen,50.96179,10.96121
Elz,Hessen,50.41211,8.03603
Elzach,Baden-Württemberg,48.17181,8.07187
Elze,Niedersachsen,52.12166,9.70502
Elztal,Baden-Württemberg,49.39517,9.21629
Elzweiler,Rheinland-Pfalz,49.5803,7.51359
Embsen,Niedersachsen,53.1747,10.33279
Embühren,Schlewig-Holstein,54.1304,9.55545
Emden,Niedersachsen,53.36667,7.20935
Emden,Sachsen-Anhalt,52.22486,11.30453
Emeringen,Baden-Württemberg,48.14915,9.45981
Emerkingen,Baden-Württemberg,48.21052,9.65534
Emersacker,Bayern,48.47943,10.67925
Emersleben,Sachsen-Anhalt,51.93746,11.05498
Emishalden,Baden-Württemberg,47.99268,10.00315
Emkendorf,Schlewig-Holstein,54.23406,9.86763
Emleben,Thüringen,50.8969,10.76719
Emlichheim,Niedersachsen,52.61218,6.84698
Emmelbaum,Rheinland-Pfalz,49.99551,6.23244
Emmelsbüll-Horsbüll,Schlewig-Holstein,54.86126,8.67161
Emmelshausen,Rheinland-Pfalz,50.15582,7.55578
Emmendingen,Baden-Württemberg,48.11973,7.86638
Emmendorf,Niedersachsen,53.02141,10.57341
Emmerich,Nordrhein-Westfalen,51.84551,6.24301
Emmering,Bayern,48.08263,11.68447
Emmerthal,Niedersachsen,52.01727,9.41142
Emmerting,Bayern,48.2032,12.77073
Emmerzhausen,Rheinland-Pfalz,50.70793,7.98185
Emmingen-Liptingen,Baden-Württemberg,47.92636,8.87253
Empfertshausen,Thüringen,50.66473,10.14051
Empfingen,Baden-Württemberg,48.39875,8.71917
Emsbüren,Niedersachsen,52.41376,7.29567
Emsdetten,Nordrhein-Westfalen,52.17493,7.52265
Emseloh,Sachsen-Anhalt,51.45058,11.23554
Emskirchen,Bayern,49.55323,10.70966
Emstal,Brandenburg,52.34271,12.67683
Emstek,Niedersachsen,52.82722,8.2015
Emtinghausen,Niedersachsen,52.95019,9.03392
Emtmannsberg,Bayern,49.88703,11.68675
Endingen,Baden-Württemberg,48.13279,7.6738
Endlichhofen,Rheinland-Pfalz,50.20139,7.85813
Endorf,Sachsen-Anhalt,51.66227,11.46802
Endschütz,Thüringen,50.77886,12.01822
Engden,Niedersachsen,52.34423,7.20805
Enge-Sande,Schlewig-Holstein,54.76989,9.01126
Engedey,Bayern,47.63321,13.05171
Engelbrechtsche Wildnis,Schlewig-Holstein,53.78971,9.43747
Engelhof,Baden-Württemberg,48.59903,9.49621
Engeln,Niedersachsen,52.82801,8.98913
Engelsberg,Bayern,48.11646,12.5432
Engelsberg,Rheinland-Pfalz,50.02296,7.01439
Engelsbrand,Baden-Württemberg,48.82261,8.65345
Engelschoff,Niedersachsen,53.6629,9.31101
Engelskirchen,Nordrhein-Westfalen,50.97557,7.41673
Engelstadt,Rheinland-Pfalz,49.94794,8.15828
Engelthal,Bayern,49.44536,11.40061
Engen,Baden-Württemberg,47.85416,8.77546
Enger,Nordrhein-Westfalen,52.14756,8.54772
Engerda,Thüringen,50.73282,11.32871
Engersen,Sachsen-Anhalt,52.53867,11.40509
Englertshofen,Bayern,51.16569,10.45153
Englstetten,Bayern,48.03278,12.30562
Engstingen,Baden-Württemberg,48.38721,9.29055
Eningen,Baden-Württemberg,48.4758,9.27592
Enkenbach-Alsenborn,Rheinland-Pfalz,49.49311,7.89885
Enkirch,Rheinland-Pfalz,49.97307,7.15563
Enklarn,Bayern,49.3139,12.83391
Ennepetal,Nordrhein-Westfalen,51.27322,7.36217
Ennigerloh,Nordrhein-Westfalen,51.85384,8.02704
Ensch,Rheinland-Pfalz,49.83891,6.85195
Ensdorf,Bayern,48.75704,12.12563
Ensdorf,Saarland,49.30847,6.77794
Ense,Nordrhein-Westfalen,51.50785,7.96834
Ensheim,Rheinland-Pfalz,49.74599,8.09975
Enspel,Rheinland-Pfalz,50.6249,7.89838
Entrischenbrunn,Bayern,48.47446,11.56381
Enzen,Rheinland-Pfalz,49.94518,6.39373
Enzersdorf,Bayern,47.94403,12.69994
Enzklösterle,Baden-Württemberg,48.66546,8.47217
Epenwöhrden,Schlewig-Holstein,54.10401,9.06229
Epfach,Bayern,47.89615,10.83972
Epfenbach,Baden-Württemberg,49.34188,8.91854
Epfendorf,Baden-Württemberg,48.26508,8.62789
Eppelborn,Saarland,49.40874,6.98833
Eppelheim,Baden-Württemberg,49.39506,8.6237
Eppelsheim,Rheinland-Pfalz,49.7021,8.1389
Eppenberg,Rheinland-Pfalz,50.25166,7.07828
Eppenbrunn,Rheinland-Pfalz,49.1291,7.54499
Eppendorf,Sachsen,50.79224,13.24328
Eppenrod,Rheinland-Pfalz,50.3549,8.04866
Eppenschlag,Bayern,48.88936,13.29955
Eppertshausen,Hessen,49.9528,8.86302
Eppingen,Baden-Württemberg,49.13416,8.89806
Eppishausen,Bayern,48.18108,10.52773
Eppstein,Hessen,50.14497,8.36733
Erbach,Baden-Württemberg,48.3258,9.86473
Erbach,Hessen,49.63758,9.00644
Erbach,Rheinland-Pfalz,50.02507,7.63355
Erbendorf,Bayern,49.83551,12.03399
Erbenhausen,Thüringen,50.60617,10.1562
Erbes-Büdesheim,Rheinland-Pfalz,49.7021,8.1389
Erbmühle,Bayern,49.0367,11.58594
Erdeborn,Sachsen-Anhalt,51.46083,11.67133
Erden,Rheinland-Pfalz,49.96595,7.01934
Erdesbach,Rheinland-Pfalz,49.5803,7.51359
Erdfunkstelle Usingen,Hessen,50.35522,8.54355
Erding,Bayern,48.31025,11.92577
Erdmannhausen,Baden-Württemberg,48.94248,9.29617
Erdweg,Bayern,48.33633,11.27368
Eresing,Bayern,48.08873,11.02284
Erfde,Schlewig-Holstein,54.30487,9.31311
Erfderdamm,Schlewig-Holstein,54.35838,9.26281
Erfenstein,Rheinland-Pfalz,49.3734,8.07627
Erftstadt,Nordrhein-Westfalen,50.79481,6.77746
Erfurt,Thüringen,50.98346,11.03684
Erfweiler,Rheinland-Pfalz,49.09014,7.67303
Ergersheim,Bayern,49.51074,10.32796
Ergeshausen,Rheinland-Pfalz,50.26865,7.97579
Ergolding,Bayern,48.59291,12.12756
Ergoldsbach,Bayern,48.68457,12.22151
Erharting,Bayern,48.26465,12.58274
Ering,Bayern,48.30018,13.14731
Eriskirch,Baden-Württemberg,47.62893,9.52914
Erkelenz,Nordrhein-Westfalen,51.07165,6.31954
Erkelshäuserhof,Rheinland-Pfalz,49.38948,7.61506
Erkenbrechtsweiler,Baden-Württemberg,48.54962,9.42186
Erkerode,Niedersachsen,52.21634,10.63707
Erkheim,Bayern,48.0415,10.35348
Erkner,Brandenburg,52.42163,13.88462
Erkrath,Nordrhein-Westfalen,51.22085,6.92827
Erlabrunn,Bayern,49.85541,9.8403
Erlabrunn,Sachsen,50.43236,12.69667
Erlachskirchen,Bayern,49.53282,10.76268
Erlangen,Bayern,49.58587,10.99786
Erlau,Sachsen,51.04474,12.79055
Erlau,Thüringen,50.53675,10.74503
Erlbach,Bayern,48.30714,12.78643
Erlbach,Sachsen,50.69641,12.64222
Erlbach-Kirchberg,Sachsen,50.73995,12.74666
Erlenbach,Baden-Württemberg,49.17305,9.26479
Erlenbach,Bayern,49.81725,9.39532
Erlenbach,Rheinland-Pfalz,49.08394,7.97168
Erlenbacher Forsthaus,Rheinland-Pfalz,49.43227,7.96496
Erlenborn,Rheinland-Pfalz,50.23464,7.67126
Erlenfurt,Bayern,49.86823,9.60348
Erlenhof,Baden-Württemberg,48.69146,9.41793
Erlenmoos,Baden-Württemberg,48.06822,9.94061
Erlenmühle,Baden-Württemberg,48.09574,8.6822
Erlenmühle,Rheinland-Pfalz,49.31719,7.52115
Erlensee,Hessen,50.16098,8.98257
Erlenwasen,Baden-Württemberg,48.64057,9.61382
Erligheim,Baden-Württemberg,49.01978,9.09075
Ermershausen,Bayern,50.19782,10.68377
Ermke,Niedersachsen,52.88863,7.93397
Ermlitz,Sachsen-Anhalt,51.45087,12.07967
Ermsleben,Sachsen-Anhalt,51.74035,11.32522
Ermstedt,Thüringen,50.91055,10.91512
Erndtebrück,Nordrhein-Westfalen,50.98914,8.25453
Ernsgaden,Bayern,48.73238,11.57615
Ernst,Rheinland-Pfalz,50.19369,7.15361
Ernstroda,Thüringen,50.85798,10.56414
Ernstthal,Thüringen,50.49399,11.14041
Ernzen,Rheinland-Pfalz,49.8721,6.41906
Erolzheim,Baden-Württemberg,48.0876,10.06247
Erpel,Rheinland-Pfalz,50.58619,7.23683
Erpolzheim,Rheinland-Pfalz,49.48842,8.22205
Ersfeld,Rheinland-Pfalz,50.717,7.53308
Ertingen,Baden-Württemberg,48.09735,9.48043
Erwitte,Nordrhein-Westfalen,51.61178,8.30075
Erxleben,Sachsen-Anhalt,52.50697,11.51343
Erzenhausen,Rheinland-Pfalz,49.48062,7.63106
Erzhausen,Hessen,49.95218,8.63885
Esch,Rheinland-Pfalz,50.1574,6.71048
Eschach,Baden-Württemberg,48.88763,9.87244
Eschau,Bayern,49.82192,9.25511
Eschbach,Baden-Württemberg,47.89014,7.65082
Eschbach,Rheinland-Pfalz,49.66443,7.93617
Eschborn,Hessen,50.15008,8.58033
Eschbronn,Baden-Württemberg,48.1949,8.47701
Eschdorf,Thüringen,50.73282,11.32871
Esche,Niedersachsen,52.55701,7.05515
Escheburg,Schlewig-Holstein,53.45713,10.28193
Eschede,Niedersachsen,52.73391,10.23385
Eschelbronn,Baden-Württemberg,49.31921,8.86443
Eschenbach,Baden-Württemberg,48.65599,9.6701
Eschenbach,Bayern,49.76419,11.82242
Eschenbergen,Thüringen,50.8969,10.76719
Eschenburg,Hessen,50.8069,8.35906
Eschenlohe,Bayern,47.80935,11.61124
Eschenrode,Sachsen-Anhalt,52.32959,11.11053
Eschenthal,Thüringen,50.44146,11.19634
Eschershausen,Niedersachsen,51.92971,9.63804
Eschfeld,Rheinland-Pfalz,50.13772,6.21658
Eschlhof,Bayern,49.37832,12.70581
Eschlkam,Bayern,49.29932,12.91507
Eschwege,Hessen,51.17783,10.04851
Eschweiler,Nordrhein-Westfalen,50.82357,6.26364
Eselhöfe,Baden-Württemberg,48.56212,9.62526
Esens,Niedersachsen,53.64487,7.60792
Esgrus,Schlewig-Holstein,54.71794,9.79259
Eslarn,Bayern,49.58212,12.51937
Eslingholz,Schlewig-Holstein,54.63823,9.63865
Eslohe,Nordrhein-Westfalen,51.25037,8.17968
Espelkamp,Nordrhein-Westfalen,52.36638,8.63014
Espenau,Hessen,51.39848,9.47389
Espenhain,Sachsen,51.16569,10.45153
Esperstedt,Sachsen-Anhalt,51.42958,11.61077
Esperstedt,Thüringen,51.35633,11.11089
Essel,Niedersachsen,52.67635,9.61784
Esselbach,Bayern,49.86105,9.52749
Esselborn,Rheinland-Pfalz,49.7021,8.1389
Essen,Niedersachsen,52.71571,7.9408
Essen,Nordrhein-Westfalen,51.44497,7.01763
Essenbach,Bayern,48.61515,12.20475
Essenheim,Rheinland-Pfalz,49.94794,8.15828
Essing,Bayern,48.93524,11.78864
Essingen,Baden-Württemberg,48.79649,10.03112
Essingen,Rheinland-Pfalz,49.22817,8.18145
Esslingen,Baden-Württemberg,48.74076,9.32123
Estedt,Sachsen-Anhalt,52.53867,11.40509
Estenfeld,Bayern,49.82719,10.00632
Esterwegen,Niedersachsen,52.99275,7.63299
Esthal,Rheinland-Pfalz,49.35862,7.99525
Estorf,Niedersachsen,53.07879,9.16193
Etgersleben,Sachsen-Anhalt,51.98727,11.42751
Etgert,Rheinland-Pfalz,49.75083,7.0039
Etingen,Sachsen-Anhalt,52.40715,11.20149
Etschberg,Rheinland-Pfalz,49.56984,7.35799
Ettal,Bayern,47.54543,10.9612
Etteldorf,Rheinland-Pfalz,50.05755,6.60138
Ettendorf,Bayern,51.16569,10.45153
Ettenhausen a d Nesse,Thüringen,50.91344,10.20282
Ettenhausen a d Suhl,Thüringen,50.91344,10.20282
Ettenheim,Baden-Württemberg,48.26047,7.85626
Ettenstatt,Bayern,49.07394,11.05529
Ettersburg,Thüringen,51.07341,11.29717
Ettinghausen,Rheinland-Pfalz,50.553,7.80532
Ettlingen,Baden-Württemberg,48.92769,8.39892
Ettringen,Bayern,48.10445,10.65397
Ettringen,Rheinland-Pfalz,50.36912,7.15165
Etzbach,Rheinland-Pfalz,50.78504,7.6908
Etzelsrode,Thüringen,51.47117,10.74226
Etzelwang,Bayern,49.52782,11.58582
Etzenbachermühle,Rheinland-Pfalz,49.3575,7.47965
Etzenricht,Bayern,49.62608,12.10339
Etzin,Brandenburg,52.63142,12.81202
Etzleben,Thüringen,51.30077,11.21773
Etzoldshain,Sachsen-Anhalt,51.07623,12.20646
Euerbach,Bayern,50.06209,10.13667
Euerdorf,Bayern,50.15195,10.03705
Eulau,Sachsen-Anhalt,51.10502,11.82778
Eulenberg,Rheinland-Pfalz,50.64756,7.52776
Eulenbis,Rheinland-Pfalz,49.48062,7.63106
Eulenhof,Baden-Württemberg,48.79721,9.60864
Eulenkrug,Mecklenburg-Vorpommern,53.89179,10.9968
Eulenmühle,Baden-Württemberg,49.07274,10.13028
Eulgem,Rheinland-Pfalz,50.23911,7.19794
Eulowitz,Sachsen,51.12224,14.44063
Eurasburg,Bayern,48.09565,11.24481
Eurastetten,Bayern,51.16569,10.45153
Euscheid,Rheinland-Pfalz,50.13897,6.34764
Euskirchen,Nordrhein-Westfalen,50.6443,6.80935
Euteneuen,Rheinland-Pfalz,50.82548,7.94336
Eutin,Schlewig-Holstein,54.10458,10.65541
Eutingen,Baden-Württemberg,48.47107,8.76047
Eutzsch,Sachsen-Anhalt,51.84618,12.63547
Eußenheim,Bayern,50.00485,9.82485
Eußerthal,Rheinland-Pfalz,49.16228,7.95873
Evenhausen,Bayern,48.03278,12.30562
Everingen,Sachsen-Anhalt,52.40715,11.20149
Everode,Niedersachsen,51.94945,9.90902
Eversdorf,Sachsen-Anhalt,52.79643,11.33372
Evershorst,Niedersachsen,52.52575,8.36743
Eversmeer,Niedersachsen,53.59025,7.45803
Everstorf,Mecklenburg-Vorpommern,53.84653,11.18732
Everswinkel,Nordrhein-Westfalen,51.91023,7.82223
Evessen,Niedersachsen,52.21634,10.63707
Ewighausen,Rheinland-Pfalz,50.553,7.80532
Exdorf,Thüringen,50.44895,10.44788
Extertal,Nordrhein-Westfalen,52.07367,9.10351
Eyba,Thüringen,50.63519,11.35947
Eydelstedt,Niedersachsen,52.71494,8.56809
Eyendorf,Niedersachsen,53.20871,10.12842
Eyrain,Bayern,51.16569,10.45153
Eystrup,Niedersachsen,52.77924,9.22168
Eßbach,Thüringen,50.5998,11.71302
Eßbaum,Bayern,48.03278,12.30562
Eßleben,Thüringen,51.12231,11.41758
Eßlingen,Rheinland-Pfalz,49.99789,6.49627
Eßweiler,Rheinland-Pfalz,49.56069,7.57851
Fach,Baden-Württemberg,48.91266,9.98096
Fachbach,Rheinland-Pfalz,50.33945,7.68948
Fachingen,Rheinland-Pfalz,50.35528,7.99697
Fahlhorst,Brandenburg,52.36147,13.19002
Fahrbinde,Mecklenburg-Vorpommern,53.33713,11.46798
Fahrdorf,Schlewig-Holstein,54.50448,9.60942
Fahren,Mecklenburg-Vorpommern,53.8647,11.68699
Fahren,Schlewig-Holstein,54.36348,10.29197
Fahrenbach,Baden-Württemberg,49.4309,9.14984
Fahrendorf,Schlewig-Holstein,53.45713,10.28193
Fahrenhorst,Schlewig-Holstein,54.4108,9.9788
Fahrenkamp,Mecklenburg-Vorpommern,54.35401,12.6325
Fahrenkrug,Schlewig-Holstein,53.92727,10.29327
Fahrenwalde,Mecklenburg-Vorpommern,53.50257,13.99953
Fahrenzhausen,Bayern,48.36909,11.55146
Fahrland,Brandenburg,52.46992,12.99658
Fahrnpoint,Bayern,47.75847,12.4621
Faid,Rheinland-Pfalz,50.19369,7.15361
Falken,Thüringen,51.12597,10.21909
Falkenau,Sachsen,50.87366,13.17955
Falkenauel,Rheinland-Pfalz,49.99551,6.23244
Falkenbach,Sachsen,50.65586,13.07033
Falkenberg,Bayern,49.16673,12.47536
Falkenberg,Brandenburg,52.15633,13.86763
Falkenberg,Sachsen-Anhalt,52.88777,11.75233
Falkenfels,Bayern,49.01679,12.59444
Falkenhagen,Brandenburg,52.98272,13.47115
Falkenhain,Brandenburg,51.97487,13.59976
Falkenhain,Sachsen,51.38083,12.82912
Falkenmühle,Rheinland-Pfalz,49.09935,7.80816
Falkenrehde,Brandenburg,52.63142,12.81202
Falkensee,Brandenburg,52.56966,13.07517
Falkenstein,Bayern,49.10527,12.48953
Falkenstein,Rheinland-Pfalz,49.65376,7.87329
Falkenstein,Sachsen,50.44813,12.35966
Falkenthal,Brandenburg,53.05639,13.10828
Falkenwalde,Brandenburg,53.3194,13.87248
Fallingbostel,Niedersachsen,52.89587,9.71783
Fambach,Thüringen,50.76247,10.32943
Farchant,Bayern,47.52867,11.1342
Farchau,Schlewig-Holstein,53.69823,10.77178
Farchauermühle,Schlewig-Holstein,53.69823,10.77178
Fargau-Pratjau,Schlewig-Holstein,54.31826,10.37861
Farnstädt,Sachsen-Anhalt,51.42958,11.61077
Farschweiler,Rheinland-Pfalz,49.71485,6.79303
Farsleben,Sachsen-Anhalt,52.27958,11.62463
Farven,Niedersachsen,53.39969,9.25824
Fasanenhof,Baden-Württemberg,49.15364,8.58454
Fasanenjäger,Bayern,47.98775,12.55582
Fasanerie,Sachsen,51.28346,13.67654
Fattigsmühle,Bayern,50.33199,11.8485
Faulbach,Bayern,49.78343,9.44502
Faulbach,Rheinland-Pfalz,50.47003,7.7229
Faulenrost,Mecklenburg-Vorpommern,53.73868,12.76657
Faulungen,Thüringen,51.25626,10.35915
Faustenbach,Hessen,49.64952,8.78383
Faustermühle,Rheinland-Pfalz,49.24198,7.37344
Faßberg,Niedersachsen,52.88744,10.20212
Fedderingen,Schlewig-Holstein,54.29485,9.15713
Feddersdeich,Schlewig-Holstein,54.38985,9.06735
Fehl-Ritzhausen,Rheinland-Pfalz,50.66661,8.01375
Fehrbellin,Brandenburg,52.76191,12.81194
Fehrow,Brandenburg,51.81359,14.1854
Feichten,Bayern,48.062,12.45226
Feilbingert,Rheinland-Pfalz,49.77877,7.80319
Feilitzsch,Bayern,50.36194,11.9347
Feilsdorf,Rheinland-Pfalz,49.99789,6.49627
Felchow,Brandenburg,53.04259,13.98426
Feldafing,Bayern,47.94625,11.28895
Feldatal,Hessen,50.65096,9.1697
Feldberg,Baden-Württemberg,47.85896,8.037
Feldberg,Mecklenburg-Vorpommern,53.35109,13.4107
Felde,Schlewig-Holstein,54.30578,9.91989
Feldengel,Thüringen,51.23446,10.93052
Feldheim,Brandenburg,51.95066,13.09874
Feldhorst,Schlewig-Holstein,53.83343,10.4873
Feldhusen,Mecklenburg-Vorpommern,53.9075,10.97564
Feldkirchen,Bayern,48.48709,12.1269
Feldkirchen-Westerham,Bayern,47.91406,11.86387
Feldmühle,Bayern,48.55695,11.4957
Fell,Rheinland-Pfalz,49.77356,6.78019
Fellbach,Baden-Württemberg,48.82293,9.27763
Fellen,Bayern,50.13161,9.54266
Fellheim,Bayern,48.07252,10.15157
Felm,Schlewig-Holstein,54.40538,10.04975
Fels,Bayern,50.28388,11.62287
Felsberg,Hessen,51.14357,9.45056
Felsbergerhof,Rheinland-Pfalz,49.62698,7.81437
Felsenhagen,Brandenburg,53.13447,12.18056
Fensdorf,Rheinland-Pfalz,50.74555,7.81277
Fensterbach,Bayern,49.40742,12.0226
Ferbitz,Brandenburg,53.08315,11.49815
Ferch,Brandenburg,52.30536,12.91826
Ferchels,Sachsen-Anhalt,52.5979,12.52041
Ferchesar,Brandenburg,52.5979,12.52041
Ferchland,Sachsen-Anhalt,52.3835,11.98413
Ferdinandshof,Mecklenburg-Vorpommern,53.6605,13.8872
Ferdinandshorst,Brandenburg,53.3194,13.87248
Fermerswalde,Brandenburg,51.59237,13.22793
Ferna,Thüringen,51.45727,10.36357
Fernwald,Hessen,50.55046,8.77957
Ferschweiler,Rheinland-Pfalz,49.8721,6.41906
Feucht,Bayern,49.37485,11.22911
Feuchtwangen,Bayern,49.16668,10.33659
Feuerscheid,Rheinland-Pfalz,50.13897,6.34764
Feusdorf,Rheinland-Pfalz,50.3319,6.59561
Fichtelberg,Bayern,49.99939,11.85107
Fichtenau,Baden-Württemberg,49.05374,10.23152
Fichtenberg,Baden-Württemberg,48.98829,9.70696
Fichtenberg,Brandenburg,51.4344,13.22132
Fichtenhusen,Mecklenburg-Vorpommern,53.79058,11.4282
Fichtenwalde,Brandenburg,52.22866,12.92762
Fiefbergen,Schlewig-Holstein,54.39513,10.36466
Fienstedt,Sachsen-Anhalt,51.5252,11.82739
Fiersbach,Rheinland-Pfalz,50.717,7.53308
Filderstadt,Baden-Württemberg,48.66289,9.20948
Filsen,Rheinland-Pfalz,50.227,7.63003
Filsum,Niedersachsen,53.24256,7.62478
Filz,Rheinland-Pfalz,50.18685,7.00246
Fincken,Mecklenburg-Vorpommern,53.32468,12.45353
Finkenbach-Gersweiler,Rheinland-Pfalz,49.74161,7.86568
Finkenberg,Baden-Württemberg,49.05374,10.23152
Finkenhaus,Baden-Württemberg,49.05374,10.23152
Finkenthal,Mecklenburg-Vorpommern,53.97155,12.70468
Finnentrop,Nordrhein-Westfalen,51.2089,8.01829
Finning,Bayern,48.01934,11.0171
Finningen,Bayern,48.64843,10.49395
Finowfurt,Brandenburg,52.84992,13.68287
Finsing,Bayern,48.21606,11.82463
Finsterbrunnertal,Rheinland-Pfalz,49.35895,7.77433
Finsterwalde,Brandenburg,51.59657,13.74282
Fintel,Niedersachsen,53.20986,9.59277
Firrel,Niedersachsen,53.30572,7.59382
Fisch,Rheinland-Pfalz,49.60041,6.50744
Fischach,Bayern,48.29503,10.65498
Fischbach,Rheinland-Pfalz,49.41971,7.64311
Fischbach,Sachsen,51.09461,13.98915
Fischbach,Thüringen,50.77159,10.32602
Fischbach-Oberraden,Rheinland-Pfalz,49.90874,6.31392
Fischbachau,Bayern,47.75571,11.94138
Fischbachtal,Hessen,49.76958,8.81341
Fischbeck,Sachsen-Anhalt,52.58293,12.03886
Fischen,Bayern,47.44647,10.24027
Fischerbach,Baden-Württemberg,48.28288,8.1099
Fischingen,Baden-Württemberg,47.64793,7.60077
Fischwasser,Brandenburg,51.59657,13.74282
Fischweier,Baden-Württemberg,48.84285,8.44979
Fitzbek,Schlewig-Holstein,54.00539,9.75647
Fitzen,Schlewig-Holstein,53.47932,10.61596
Fißmühle,Rheinland-Pfalz,50.30929,7.45533
Flachslanden,Bayern,49.39956,10.51266
Flacht,Rheinland-Pfalz,50.3549,8.04866
Fladungen,Bayern,50.52102,10.14453
Flammersfeld,Rheinland-Pfalz,50.64756,7.52776
Flarchheim,Thüringen,51.16569,10.42104
Flarupholz,Schlewig-Holstein,54.64155,9.80308
Flatow,Brandenburg,52.78381,13.008
Flechtingen,Sachsen-Anhalt,52.33737,11.36597
Fleckeby,Schlewig-Holstein,54.48599,9.70994
Flecken Zechlin,Brandenburg,53.1613,12.75199
Fleckenbacher Sägmühle,Baden-Württemberg,49.02017,10.03239
Fleethof,Mecklenburg-Vorpommern,53.60793,13.47528
Fleetmark,Sachsen-Anhalt,52.79643,11.33372
Flein,Baden-Württemberg,49.10213,9.2117
Fleischwangen,Baden-Württemberg,47.88272,9.47776
Flemlingen,Rheinland-Pfalz,49.25011,8.0733
Flemsdorf,Brandenburg,53.21125,14.20947
Flensburg,Schlewig-Holstein,54.7896,9.4417
Fleringen,Rheinland-Pfalz,50.13897,6.34764
Flessau,Sachsen-Anhalt,52.78907,11.72233
Flieden,Hessen,50.42283,9.56557
Fliegenberg,Schlewig-Holstein,53.72681,10.63734
Flieth,Brandenburg,53.18163,13.54788
Fließem,Rheinland-Pfalz,49.99789,6.49627
Flintbek,Schlewig-Holstein,54.24198,10.08912
Flintsbach,Bayern,47.70702,12.1176
Floh-Seligenthal,Thüringen,50.76217,10.47511
Flohkraut,Bayern,47.89607,10.41483
Flomborn,Rheinland-Pfalz,49.7021,8.1389
Flonheim,Rheinland-Pfalz,49.78563,8.03697
Florstadt,Hessen,50.32767,8.90893
Flossenbürg,Bayern,49.73901,12.35529
Floß,Bayern,49.72676,12.27796
Fluorn-Winzeln,Baden-Württemberg,48.29307,8.4934
Flurstedt,Thüringen,51.01108,11.50044
Fluterschen,Rheinland-Pfalz,50.64911,7.69312
Flußbach,Rheinland-Pfalz,49.98838,6.90348
Flögeln,Niedersachsen,53.6247,8.84154
Flöha,Sachsen,50.85149,13.09562
Flörsbachtal,Hessen,50.11574,9.48342
Flörsheim,Hessen,50.027,8.42415
Flörsheim-Dalsheim,Rheinland-Pfalz,49.65615,8.20485
Flöthe,Niedersachsen,52.06714,10.57869
Flößberg,Sachsen,51.13544,12.64179
Fockbek,Schlewig-Holstein,54.30517,9.58881
Fockendorf,Thüringen,51.01804,12.35491
Fohrde,Brandenburg,52.50645,12.46318
Fohren-Linden,Rheinland-Pfalz,49.57721,7.29211
Forbach,Baden-Württemberg,48.68083,8.35984
Forchheim,Baden-Württemberg,48.16406,7.70332
Forchheim,Bayern,49.72488,11.07584
Forchtenberg,Baden-Württemberg,49.28729,9.56343
Forheim,Bayern,48.75783,10.46253
Forst,Baden-Württemberg,49.15364,8.58454
Forst,Brandenburg,51.7307,14.57682
Forst,Rheinland-Pfalz,50.12556,7.62797
Forstern,Bayern,48.17945,11.96991
Forsthaus Heide,Hessen,49.59415,8.49624
Forsthaus Ivendorf,Mecklenburg-Vorpommern,54.13573,11.95561
Forsthof Satow,Mecklenburg-Vorpommern,53.98913,11.89085
Forstinning,Bayern,48.16915,11.91353
Forstmehren,Rheinland-Pfalz,50.717,7.53308
Forstwolfersdorf,Thüringen,50.77886,12.01822
Framersheim,Rheinland-Pfalz,49.7021,8.1389
Frammersbach,Bayern,50.06161,9.38458
Frankelbach,Rheinland-Pfalz,49.53559,7.64833
Frankena,Brandenburg,51.64717,13.49567
Frankenau,Hessen,51.09971,8.93936
Frankenberg,Hessen,51.08009,8.7824
Frankenberg,Sachsen,50.9181,13.06856
Frankendorf,Brandenburg,52.90326,12.72486
Frankendorf,Thüringen,50.94415,11.42979
Frankeneck,Rheinland-Pfalz,49.43227,7.96496
Frankenfeld,Niedersachsen,52.78509,9.37894
Frankenhain,Brandenburg,51.74171,13.42121
Frankenhain,Sachsen,51.05507,12.68595
Frankenhain,Thüringen,50.75315,10.787
Frankenhardt,Baden-Württemberg,49.07519,9.98625
Frankenheim,Thüringen,50.60617,10.1562
Frankenroda,Thüringen,51.07874,10.3351
Frankenstein,Rheinland-Pfalz,49.43227,7.96496
Frankenstein,Sachsen,50.87366,13.17955
Frankenthal,Rheinland-Pfalz,49.54319,8.35123
Frankenthal,Sachsen,51.10808,14.1053
Frankenwinheim,Bayern,49.8983,10.32486
Frankfurt,Brandenburg,52.3274,14.51339
Frankfurt,Hessen,50.1196,8.65327
Frankleben,Sachsen-Anhalt,51.31296,11.93314
Frankweiler,Rheinland-Pfalz,49.23721,8.0906
Franzburg,Mecklenburg-Vorpommern,54.18562,12.88176
Franzenheim,Rheinland-Pfalz,49.67873,6.74208
Franzenmühle,Rheinland-Pfalz,50.24828,7.44801
Frasdorf,Bayern,47.80305,12.28513
Frauenau,Bayern,48.98966,13.30095
Frauenberg,Bayern,48.22839,11.24358
Frauenberg,Rheinland-Pfalz,49.61106,7.27337
Frauenchiemsee,Bayern,47.89004,12.46224
Frauendorf,Brandenburg,51.60016,14.14085
Frauendorf,Sachsen,51.21877,12.75372
Frauenhagen,Brandenburg,53.04259,13.98426
Frauenholz,Baden-Württemberg,48.69374,9.8127
Frauenhurt,Bayern,47.94545,12.60182
Frauenmark,Mecklenburg-Vorpommern,53.5239,11.79548
Frauenneuharting,Bayern,48.03851,12.04747
Frauenprießnitz,Thüringen,51.05419,11.70604
Frauensee,Thüringen,50.85724,10.09967
Frauenstein,Sachsen,50.76279,13.54376
Frauenwald,Thüringen,50.60376,10.81291
Fraulund,Schlewig-Holstein,54.67643,9.71462
Fraunberg,Bayern,48.36836,11.99275
Fraureuth,Sachsen,50.70077,12.35768
Frauwalde,Brandenburg,51.37793,13.7576
Fraßdorf,Sachsen-Anhalt,51.77197,12.07353
Frechen,Nordrhein-Westfalen,50.90894,6.7921
Freckenfeld,Rheinland-Pfalz,49.06854,8.1352
Freckleben,Sachsen-Anhalt,51.67669,11.56713
Fredeburg,Schlewig-Holstein,53.69823,10.77178
Freden,Niedersachsen,51.16569,10.45153
Fredenbeck,Niedersachsen,53.52372,9.39802
Fredersdorf,Brandenburg,52.63887,13.52741
Fredesdorf,Schlewig-Holstein,53.89319,10.17631
Freesdorf,Brandenburg,51.8536,13.75045
Frehne,Brandenburg,53.31257,12.24274
Frei-Laubersheim,Rheinland-Pfalz,49.79997,7.90035
Freiamt,Baden-Württemberg,48.17939,7.88555
Freiberg,Baden-Württemberg,48.93319,9.18852
Freiberg,Bayern,48.84568,12.97793
Freiberg,Sachsen,50.90939,13.32919
Freiburg,Baden-Württemberg,47.99685,7.82827
Freiburg,Niedersachsen,53.82388,9.28797
Freidorf,Brandenburg,52.10664,13.70189
Freienbessingen,Thüringen,51.28627,10.73382
Freienhagen,Brandenburg,52.74392,13.36149
Freienhagen,Thüringen,51.36287,10.07218
Freienhufen,Brandenburg,51.58798,14.01097
Freienorla,Thüringen,50.80012,11.58376
Freiensteinau,Hessen,50.42423,9.40332
Freienthal,Brandenburg,52.20037,12.79268
Freienwill,Schlewig-Holstein,54.70889,9.51642
Freigericht,Hessen,50.14315,9.14381
Freihung,Bayern,49.62015,11.91357
Freilassing,Bayern,47.84801,12.97079
Freileben,Brandenburg,51.74171,13.42121
Freilingen,Rheinland-Pfalz,50.553,7.80532
Freimersheim,Rheinland-Pfalz,49.4939,8.17521
Freinberg,Bayern,48.03278,12.30562
Freinsheim,Rheinland-Pfalz,49.51213,8.21287
Freirachdorf,Rheinland-Pfalz,50.553,7.80532
Freisbach,Rheinland-Pfalz,49.27502,8.27515
Freisen,Saarland,49.53586,7.24761
Freising,Bayern,48.38883,11.72909
Freist,Sachsen-Anhalt,51.63335,11.62495
Freistatt,Niedersachsen,52.63152,8.69069
Freital,Sachsen,51.00026,13.64017
Freiwalde,Brandenburg,51.99014,13.77779
Frellstedt,Niedersachsen,52.22801,10.90589
Frelsdorf,Niedersachsen,53.43477,8.79697
Fremdingen,Bayern,48.97019,10.45626
Frensdorf,Bayern,49.81579,10.86604
Freren,Niedersachsen,52.48427,7.53764
Fresdorf,Brandenburg,52.30971,13.07311
Fresenboje,Schlewig-Holstein,54.42433,9.6854
Fresenbrügge,Mecklenburg-Vorpommern,53.27783,11.6271
Fresenburg,Niedersachsen,52.88228,7.36462
Fresendelf,Schlewig-Holstein,54.40229,9.19377
Frestedt,Schlewig-Holstein,54.04992,9.19518
Frettenheim,Rheinland-Pfalz,49.74101,8.24571
Fretterode,Thüringen,51.36287,10.07218
Fretzdorf,Brandenburg,53.12115,12.51526
Freudenberg,Baden-Württemberg,49.74787,9.36614
Freudenberg,Bayern,49.48009,11.97949
Freudenberg,Brandenburg,52.79807,14.01577
Freudenberg,Nordrhein-Westfalen,50.90162,7.90346
Freudenberg,Schlewig-Holstein,54.17054,9.66336
Freudenburg,Rheinland-Pfalz,49.54267,6.53298
Freudenheim,Bayern,48.56985,13.06939
Freudenstadt,Baden-Württemberg,48.46198,8.41166
Freudental,Baden-Württemberg,49.00788,9.04818
Freyburg,Sachsen-Anhalt,51.23826,11.76903
Freyenstein,Brandenburg,53.28028,12.35521
Freystadt,Bayern,49.18342,11.34838
Freyung,Bayern,48.83937,13.55757
Frickenhausen,Baden-Württemberg,48.59331,9.3571
Frickenhausen,Bayern,49.67173,10.09465
Frickingen,Baden-Württemberg,47.81405,9.27309
Friderikenhof,Brandenburg,52.36873,13.31653
Fridingen,Baden-Württemberg,48.01989,8.92243
Fridolfing,Bayern,47.98996,12.82811
Friedberg,Bayern,48.36112,11.02038
Friedberg,Hessen,50.32489,8.74087
Friedbüsch,Rheinland-Pfalz,50.05755,6.60138
Friedebach,Thüringen,50.70572,11.60129
Friedeburg,Niedersachsen,53.45633,7.86805
Friedeburg,Sachsen-Anhalt,51.63335,11.62495
Friedeburgerhütte,Sachsen-Anhalt,51.63335,11.62495
Friedelshausen,Thüringen,50.60617,10.1562
Friedelsheim,Rheinland-Pfalz,49.4474,8.22293
Friedenfelde,Brandenburg,53.18163,13.54788
Friedenfels,Bayern,49.88522,12.10449
Friedensau,Sachsen-Anhalt,52.14254,11.95492
Friedensdorf,Sachsen-Anhalt,51.35911,12.08754
Friedenthal,Rheinland-Pfalz,50.75832,7.64617
Friedenweiler,Baden-Württemberg,47.89275,8.29406
Friedersdorf,Brandenburg,52.03953,13.719
Friedersdorf,Sachsen,50.95571,14.08211
Friedersdorf,Sachsen-Anhalt,51.62096,12.33936
Friedersdorf,Thüringen,50.59213,11.04641
Friedewald,Hessen,50.8815,9.85663
Friedewald,Rheinland-Pfalz,50.70793,7.98185
Friedland,Brandenburg,52.15111,14.14896
Friedland,Mecklenburg-Vorpommern,53.67573,13.55755
Friedland,Niedersachsen,51.43718,9.92931
Friedland,Sachsen,51.03903,13.35511
Friedrich-Wilhelm-Lübke-Koog,Schlewig-Holstein,54.86126,8.67161
Friedrichroda,Thüringen,50.85798,10.56414
Friedrichsaue,Brandenburg,52.55133,14.55333
Friedrichsaue,Sachsen-Anhalt,51.77931,11.47298
Friedrichsbrunn,Sachsen-Anhalt,51.16569,10.45153
Friedrichsdorf,Hessen,50.26067,8.62763
Friedrichsdorf,Sachsen-Anhalt,51.77197,12.07353
Friedrichsgabekoog,Schlewig-Holstein,54.20311,8.91386
Friedrichsgraben,Schlewig-Holstein,54.31935,9.4099
Friedrichshafen,Baden-Württemberg,47.66007,9.48246
Friedrichshagen,Mecklenburg-Vorpommern,53.84653,11.18732
Friedrichshain,Brandenburg,51.5838,14.37591
Friedrichshof,Bayern,50.04335,11.66531
Friedrichshof,Brandenburg,52.54696,13.90294
Friedrichshof,Mecklenburg-Vorpommern,53.65563,12.87432
Friedrichsholm,Schlewig-Holstein,54.31935,9.4099
Friedrichshöhe,Thüringen,50.47463,11.06966
Friedrichskoog,Schlewig-Holstein,54.01391,8.89767
Friedrichsrode,Thüringen,51.28627,10.73382
Friedrichsruh,Schlewig-Holstein,53.52543,10.31347
Friedrichsruhe,Mecklenburg-Vorpommern,53.5239,11.79548
Friedrichstadt,Schlewig-Holstein,54.38985,9.06735
Friedrichsthal,Brandenburg,52.97758,13.78548
Friedrichsthal,Saarland,49.32241,7.09724
Friedrichsthal,Thüringen,51.47117,10.74226
Friedrichswalde,Brandenburg,52.97212,12.88636
Friedrichswalde,Mecklenburg-Vorpommern,53.71009,11.68974
Friedrichswerth,Thüringen,50.8969,10.76719
Frielendorf,Hessen,50.97312,9.32429
Friemar,Thüringen,50.8969,10.76719
Frienstedt,Thüringen,50.91055,10.91512
Friesack,Brandenburg,52.73483,12.57911
Friesdorf,Sachsen-Anhalt,51.63498,11.31101
Friesenhagen,Rheinland-Pfalz,50.90307,7.81041
Friesenheim,Baden-Württemberg,48.37853,7.88913
Friesenheim,Rheinland-Pfalz,49.83783,8.25653
Friesenried,Bayern,47.87484,10.5324
Friesoythe,Niedersachsen,53.02327,7.85854
Frießnitz,Thüringen,50.77886,12.01822
Frimberg,Bayern,48.17294,12.31377
Friolzheim,Baden-Württemberg,48.8356,8.83317
Frittlingen,Baden-Württemberg,48.1232,8.7156
Fritzenweng,Bayern,47.91476,12.71913
Fritzlar,Hessen,51.13823,9.25495
Frohburg,Sachsen,51.05764,12.5769
Frohndorf,Thüringen,51.17087,11.16515
Frohnhofen,Rheinland-Pfalz,49.44211,7.31975
Frohnloh,Bayern,48.07644,11.34893
Frohnsdorf,Brandenburg,52.06461,12.85014
Frohnsdorf,Thüringen,50.95966,12.58894
Froitshub,Bayern,48.03278,12.30562
Fronderode,Thüringen,51.47117,10.74226
Fronhausen,Hessen,50.70252,8.71127
Fronhofen,Rheinland-Pfalz,49.99609,7.44468
Fronreute,Baden-Württemberg,47.85914,9.52113
Frontenhausen,Bayern,48.54468,12.52595
Frose,Sachsen-Anhalt,51.7948,11.36962
Fränkisch-Crumbach,Hessen,49.74578,8.85919
Fräulein-Steinfort,Mecklenburg-Vorpommern,53.84653,11.18732
Fröhden,Brandenburg,51.95066,13.09874
Fröhnd,Baden-Württemberg,47.77925,7.89383
Frömmstedt,Thüringen,51.25729,11.09259
Fröndenberg,Nordrhein-Westfalen,51.50148,7.74843
Fröttstädt,Thüringen,50.93185,10.56086
Frücht,Rheinland-Pfalz,50.31612,7.69362
Fuchsberg,Bayern,48.29018,11.26449
Fuchsenmühle,Bayern,49.84446,9.57192
Fuchshain,Sachsen,51.27875,12.59181
Fuchshof,Bayern,49.84774,11.34686
Fuchshofen,Rheinland-Pfalz,50.41461,6.8077
Fuchshäusle,Baden-Württemberg,48.91266,9.98096
Fuchsmühl,Bayern,49.92355,12.13522
Fuchsmühle,Rheinland-Pfalz,49.1941,8.19017
Fuchsstadt,Bayern,50.10679,9.93334
Fuchssteig,Bayern,47.83296,12.74977
Fuchstal,Bayern,47.93433,10.82704
Fuhlendorf,Mecklenburg-Vorpommern,54.35401,12.6325
Fuhlendorf,Schlewig-Holstein,53.95778,9.90463
Fuhlenhagen,Schlewig-Holstein,53.55673,10.51734
Fulda,Hessen,50.55911,9.67042
Fuldabrück,Hessen,51.24546,9.48231
Fuldatal,Hessen,51.35028,9.52629
Fulgenkoppel,Mecklenburg-Vorpommern,54.09947,11.87608
Furt,Bayern,51.16569,10.45153
Furth,Bayern,48.21541,11.96613
Furth im Wald,Bayern,49.3139,12.83391
Furtwangen,Baden-Württemberg,48.04449,8.22658
Fußgönheim,Rheinland-Pfalz,49.46293,8.29193
Fußstall,Bayern,47.79891,11.81535
Föckelberg,Rheinland-Pfalz,49.5803,7.51359
Föhrden-Barl,Schlewig-Holstein,53.93066,9.75057
Föhren,Rheinland-Pfalz,49.85875,6.76572
Förderstedt,Sachsen-Anhalt,51.89816,11.63385
Föritz,Thüringen,50.31548,11.20149
Förtha,Thüringen,50.91344,10.20282
Förthen,Thüringen,50.62924,12.03912
Fünfeichen,Brandenburg,52.16503,14.56099
Fünfmühlen,Schlewig-Holstein,54.3764,9.31493
Fünfstetten,Bayern,48.83289,10.76688
Fürfeld,Rheinland-Pfalz,49.79997,7.90035
Fürnsbach,Bayern,48.42644,11.9753
Fürst,Bayern,47.94403,12.69994
Fürstenau,Niedersachsen,52.50791,7.67019
Fürstenau,Sachsen,50.75693,13.79231
Fürstenberg,Brandenburg,53.18071,13.14428
Fürstenberg,Niedersachsen,51.73271,9.40294
Fürsteneck,Bayern,48.7336,13.45762
Fürstenfeldbruck,Bayern,48.17871,11.23683
Fürstenstein,Bayern,48.71648,13.32953
Fürstental,Hessen,51.20522,8.94419
Fürstenwalde,Brandenburg,52.36802,14.05947
Fürstenwalde,Sachsen,50.75693,13.79231
Fürstenwerder,Brandenburg,53.3194,13.87248
Fürstenzell,Bayern,48.52025,13.32069
Fürstlich Drehna,Brandenburg,51.70969,13.78458
Fürth,Bayern,49.48141,10.9736
Fürth,Hessen,49.64952,8.78383
Fürthen,Rheinland-Pfalz,50.78504,7.6908
Füssen,Bayern,47.57364,10.66535
Gaarz,Brandenburg,53.08315,11.49815
Gaarzerhof,Mecklenburg-Vorpommern,54.10838,11.67445
Gabermühle,Bayern,49.6152,11.14153
Gaberndorf,Thüringen,50.9603,11.25562
Gablenz,Brandenburg,51.7437,14.41743
Gablenz,Sachsen,51.53308,14.66234
Gablenz-Kromlau,Sachsen,51.53308,14.66234
Gablingen,Bayern,48.45657,10.81466
Gabsheim,Rheinland-Pfalz,49.83958,8.15934
Gachenbach,Bayern,48.5062,11.2427
Gackenbach,Rheinland-Pfalz,50.41991,7.93492
Gadebusch,Mecklenburg-Vorpommern,53.67731,11.11736
Gadegast,Sachsen-Anhalt,51.16569,10.45153
Gadow,Brandenburg,53.12115,12.51526
Gadsdorf,Brandenburg,52.22567,13.43068
Gagel,Sachsen-Anhalt,52.78907,11.72233
Gager,Mecklenburg-Vorpommern,54.34211,13.69412
Gaggenau,Baden-Württemberg,48.81046,8.33874
Gagzow,Mecklenburg-Vorpommern,53.94583,11.58931
Gahlenz,Sachsen,50.87366,13.17955
Gahma,Thüringen,50.44155,11.61814
Gahro,Brandenburg,51.70969,13.78458
Gahry,Brandenburg,51.7307,14.57682
Gaiberg,Baden-Württemberg,49.36324,8.74023
Gaienhofen,Baden-Württemberg,47.69757,8.99898
Gaildorf,Baden-Württemberg,49.00044,9.7894
Gailingen,Baden-Württemberg,47.69685,8.75505
Gaimersheim,Bayern,48.81442,11.36025
Gaisberg,Bayern,48.17294,12.31377
Gaißach,Bayern,47.73429,11.57146
Galenbeck,Mecklenburg-Vorpommern,53.55966,13.36774
Galenberg,Rheinland-Pfalz,50.46006,7.22208
Gallentin,Mecklenburg-Vorpommern,53.79058,11.4282
Gallin,Mecklenburg-Vorpommern,53.43573,11.39312
Gallinchen,Brandenburg,51.7437,14.41743
Gallmersgarten,Bayern,49.45827,10.27741
Gallschütz,Sachsen,51.09541,13.46418
Gallun,Brandenburg,52.25648,13.53819
Galm,Brandenburg,52.5979,12.52041
Galmsbüll,Schlewig-Holstein,54.75626,8.74507
Galow,Brandenburg,53.04259,13.98426
Gamlen,Rheinland-Pfalz,50.23911,7.19794
Gammelby,Schlewig-Holstein,54.44078,9.82271
Gammelin,Mecklenburg-Vorpommern,53.40188,11.24957
Gammelsdorf,Bayern,48.55291,11.94563
Gammelshausen,Baden-Württemberg,48.6443,9.65006
Gammertingen,Baden-Württemberg,48.25623,9.25462
Gamstädt,Thüringen,50.91055,10.91512
Gandenitz,Brandenburg,53.18163,13.54788
Ganderkesee,Niedersachsen,53.05156,8.54362
Gandesbergen,Niedersachsen,52.77924,9.22168
Gangelt,Nordrhein-Westfalen,51.01611,5.98177
Gangkofen,Bayern,48.45385,12.5664
Gangloffsömmern,Thüringen,51.15737,10.9741
Gantenbeck,Mecklenburg-Vorpommern,53.95172,11.12204
Ganzer,Brandenburg,52.8583,12.43437
Ganzlin,Mecklenburg-Vorpommern,53.43336,12.25348
Gapel,Brandenburg,52.53946,12.35643
Gappenach,Rheinland-Pfalz,50.24827,7.36244
Garbsen,Niedersachsen,52.4387,9.59059
Garching,Bayern,48.18964,12.10208
Gardelegen,Sachsen-Anhalt,52.53867,11.40509
Garding,Schlewig-Holstein,54.33025,8.78223
"Garding, Kirchspiel",Schlewig-Holstein,54.33025,8.78223
Garlin,Brandenburg,53.1628,11.7454
Garlipp,Sachsen-Anhalt,52.62268,11.65093
Garlitz,Brandenburg,52.5979,12.52041
Garlitz,Mecklenburg-Vorpommern,53.30347,11.08369
Garlstorf,Niedersachsen,53.20871,10.12842
Garmisch-Partenkirchen,Bayern,47.48206,11.10298
Garnbach,Thüringen,51.28863,11.37115
Garrel,Niedersachsen,52.96576,8.07088
Garrey,Brandenburg,52.07082,12.69015
Gars,Bayern,48.1482,12.26283
Gars Bahnhof,Bayern,48.14406,12.30109
Garsedow,Brandenburg,52.98856,11.7934
Garstedt,Niedersachsen,53.28722,10.16522
Garthe,Niedersachsen,52.82722,8.2015
Gartow,Brandenburg,52.8583,12.43437
Gartow,Niedersachsen,53.02494,11.45069
Gartz,Brandenburg,53.2369,14.37414
Garvensdorf,Mecklenburg-Vorpommern,54.01771,11.69805
Garvsmühlen,Mecklenburg-Vorpommern,54.10838,11.67445
Garz,Brandenburg,52.8583,12.43437
Garz,Mecklenburg-Vorpommern,54.1193,13.73111
Garz,Sachsen-Anhalt,52.58293,12.03886
Garzau,Brandenburg,52.62518,13.91087
Garzin,Brandenburg,52.62518,13.91087
Gastemühle,Rheinland-Pfalz,50.24828,7.44801
Gasteyers Mühle,Rheinland-Pfalz,50.28074,7.83452
Gasthafen,Schlewig-Holstein,54.75626,8.74507
Gastrose-Kerkwitz,Brandenburg,51.94751,14.56902
Gatersleben,Sachsen-Anhalt,51.82357,11.28661
Gatow,Brandenburg,53.21125,14.20947
Gattendorf,Bayern,50.31959,11.99022
Gatterstädt,Sachsen-Anhalt,51.34216,11.58123
Gau-Algesheim,Rheinland-Pfalz,49.95316,8.0098
Gau-Bickelheim,Rheinland-Pfalz,49.78207,7.96296
Gau-Bischofsheim,Rheinland-Pfalz,49.90208,8.29508
Gau-Heppenheim,Rheinland-Pfalz,49.7021,8.1389
Gau-Odernheim,Rheinland-Pfalz,49.77912,8.21325
Gau-Weinheim,Rheinland-Pfalz,49.84573,8.04891
Gauchshausen,Baden-Württemberg,49.02017,10.03239
Gauern,Thüringen,50.86449,12.18073
Gauernitz,Sachsen,51.09541,13.46418
Gauersheim,Rheinland-Pfalz,49.6827,8.04919
Gaugrehweiler,Rheinland-Pfalz,49.74161,7.86568
Gaukönigshofen,Bayern,49.63325,10.00223
Gaushorn,Schlewig-Holstein,54.21905,9.28347
Gauting,Bayern,48.06448,11.37441
Gaußig,Sachsen,51.17798,14.32045
"Gaymühle, Gem Bauler",Rheinland-Pfalz,49.99551,6.23244
"Gaymühle, Gem Berscheid",Rheinland-Pfalz,49.99551,6.23244
"Gaymühle, Gem Biesdorf",Rheinland-Pfalz,49.90874,6.31392
"Gaymühle, Gem Wallendorf",Rheinland-Pfalz,49.90874,6.31392
Gebenbach,Bayern,49.54662,11.87528
Gebersdorf,Brandenburg,51.87042,13.42378
Gebersdorf,Thüringen,50.5168,11.28297
Gebesee,Thüringen,51.04516,10.95031
Gebhardshain,Rheinland-Pfalz,50.74555,7.81277
Gebhardshütte,Hessen,49.63758,9.00644
Gebroth,Rheinland-Pfalz,49.86385,7.73176
Gebsattel,Bayern,49.35436,10.20278
Gebstedt,Thüringen,51.01108,11.50044
Gechingen,Baden-Württemberg,48.68785,8.82808
Gedern,Hessen,50.41775,9.22067
Geelbek,Schlewig-Holstein,54.54377,9.64342
Geesow,Brandenburg,53.2369,14.37414
Geeste,Niedersachsen,52.59904,7.24714
Geestgottberg,Sachsen-Anhalt,52.88777,11.75233
Geesthacht,Schlewig-Holstein,53.44691,10.39905
Gefell,Rheinland-Pfalz,50.17706,6.88055
Gefell,Thüringen,50.37745,11.53164
Gefrees,Bayern,50.09625,11.72597
Gehaus,Thüringen,50.79847,10.05056
Geheege,Thüringen,50.72386,11.83699
Gehlberg,Thüringen,50.7064,10.7258
Gehlert,Rheinland-Pfalz,50.6571,7.80794
Gehlmühle,Rheinland-Pfalz,49.10351,7.9992
Gehlweiler,Rheinland-Pfalz,49.89576,7.48037
Gehofen,Thüringen,51.28863,11.37115
Gehrde,Niedersachsen,52.57202,7.9982
Gehrden,Niedersachsen,52.32535,9.57508
Gehrden,Sachsen-Anhalt,52.00334,12.22069
Gehren,Brandenburg,51.8536,13.75045
Gehren,Thüringen,50.64969,11.00372
Gehrendorf,Sachsen-Anhalt,52.40715,11.20149
Gehrhof,Schlewig-Holstein,53.83242,9.52029
Gehringswalde,Sachsen,50.65586,13.07033
Gehrweiler,Rheinland-Pfalz,49.55589,7.79611
Geichlingen,Rheinland-Pfalz,49.90874,6.31392
Geiersthal,Bayern,49.03243,13.00262
Geigant,Bayern,49.37832,12.70581
Geilenkirchen,Nordrhein-Westfalen,50.96672,6.12678
Geilnau,Rheinland-Pfalz,50.28074,7.83452
Geilsdorf,Thüringen,50.75397,11.11105
Geisa,Thüringen,50.73072,9.98459
Geisbüschhof,Rheinland-Pfalz,50.36912,7.15165
Geiselbach,Bayern,50.12332,9.19751
Geiselberg,Rheinland-Pfalz,49.3281,7.69365
Geiselhöring,Bayern,48.82906,12.39391
Geiselwind,Bayern,49.76162,10.46378
Geisenfeld,Bayern,48.68558,11.62893
Geisenhain,Thüringen,50.85628,11.77906
Geisenhausen,Bayern,48.47444,12.25706
Geisenheim,Hessen,50.02472,7.94546
Geisenhofen,Bayern,51.16569,10.45153
Geisfeld,Rheinland-Pfalz,49.72609,6.91586
Geisig,Rheinland-Pfalz,50.19177,7.77045
Geising,Sachsen,50.75693,13.79231
Geisingen,Baden-Württemberg,47.90415,8.64214
Geisleden,Thüringen,51.38965,10.16816
Geislingen,Baden-Württemberg,48.44921,9.32367
Geislinger Weg,Baden-Württemberg,48.54436,9.66359
Geismar,Thüringen,51.06018,10.07637
Geitersdorf,Thüringen,50.73282,11.32871
Geithain,Sachsen,51.05507,12.68595
Gelbensande,Mecklenburg-Vorpommern,54.17438,12.23619
Gelchsheim,Bayern,49.57444,10.01855
Geldern,Nordrhein-Westfalen,51.52483,6.30377
Geldersheim,Bayern,50.04362,10.15661
Geleitshäuser,Sachsen,51.13432,13.12724
Gelenau,Sachsen,50.71464,12.95064
Gelenberg,Rheinland-Pfalz,50.3,6.87738
Gellmersdorf,Brandenburg,53.04259,13.98426
Gelmeroda,Thüringen,50.9603,11.25562
Gelnhausen,Hessen,50.21992,9.22265
Gelsenkirchen,Nordrhein-Westfalen,51.53951,7.07795
Geltendorf,Bayern,48.14272,10.98723
Gelting,Schlewig-Holstein,54.7442,9.90331
Geltorf,Schlewig-Holstein,54.47312,9.58091
Geltow,Brandenburg,52.36479,12.87007
Gemmerich,Rheinland-Pfalz,50.19177,7.77045
Gemmingen,Baden-Württemberg,49.15363,8.97536
Gemmrigheim,Baden-Württemberg,49.02668,9.15926
Gemünd,Rheinland-Pfalz,49.99551,6.23244
Gemünden,Bayern,50.05581,9.70519
Gemünden,Hessen,50.83553,9.02055
Gemünden,Rheinland-Pfalz,50.22328,7.70563
Genderkingen,Bayern,48.70416,10.87935
Gengenbach,Baden-Württemberg,48.40949,8.0219
Genschmar,Brandenburg,52.55133,14.55333
Genshagen,Brandenburg,52.27808,13.25691
Gensingen,Rheinland-Pfalz,49.89623,7.92603
Gentha,Sachsen-Anhalt,51.16569,10.45153
Genthin,Sachsen-Anhalt,52.37445,12.17608
Gentingen,Rheinland-Pfalz,49.90874,6.31392
Genzkow,Mecklenburg-Vorpommern,53.60793,13.47528
Georgenberg,Bayern,49.71344,12.39994
Georgensgmünd,Bayern,49.19669,11.00288
Georgenthal,Thüringen,50.83189,10.66358
Georgenzell,Thüringen,50.70723,10.25313
Georgsdorf,Niedersachsen,52.55701,7.05515
Georgsmarienhütte,Niedersachsen,52.20158,8.08681
Gera,Thüringen,50.87192,12.0767
Geraberg,Thüringen,50.71812,10.84674
Gerabronn,Baden-Württemberg,49.25368,9.93094
Gerach,Bayern,50.03394,10.79601
Gerach,Rheinland-Pfalz,49.71426,7.34479
Geratskirchen,Bayern,48.34709,12.66042
Gerbach,Rheinland-Pfalz,49.68485,7.86912
Gerbershausen,Thüringen,51.36287,10.07218
Gerbisbach,Sachsen-Anhalt,51.16569,10.45153
Gerbitz,Sachsen-Anhalt,51.83626,11.76606
Gerblinghausen,Bayern,48.02485,11.56815
Gerbrunn,Bayern,49.78105,9.98619
Gerbstedt,Sachsen-Anhalt,51.63335,11.62495
Gerdau,Niedersachsen,52.96553,10.42503
Gerdshagen,Brandenburg,53.13447,12.18056
Gerdshagen,Mecklenburg-Vorpommern,53.98913,11.89085
Gerer,Bayern,48.17294,12.31377
Geretsried,Bayern,47.87589,11.45477
Gerhardsbrunn,Rheinland-Pfalz,49.3575,7.47965
Gerhardshofen,Bayern,49.62971,10.69454
Gerichshain,Sachsen,51.35849,12.62861
Gerichtsmannsmühle,Rheinland-Pfalz,49.71426,7.34479
Gering,Rheinland-Pfalz,50.30021,7.29804
Geringswalde,Sachsen,51.0778,12.9057
Gerlebogk,Sachsen-Anhalt,51.67516,11.76621
Gerlingen,Baden-Württemberg,48.79081,9.06516
Germaringen,Bayern,47.92159,10.66784
Germendorf,Brandenburg,52.72239,13.19159
Germering,Bayern,48.13169,11.35569
Germersheim,Rheinland-Pfalz,49.20919,8.37425
Germerswang,Bayern,48.22839,11.24358
Gernrode,Sachsen-Anhalt,51.16569,10.45153
Gernrode,Thüringen,51.45727,10.36357
Gernsbach,Baden-Württemberg,48.72402,8.41425
Gernsheim,Hessen,49.75691,8.51952
Gernstedt,Sachsen-Anhalt,51.12419,11.53323
Geroda,Bayern,50.28011,9.89447
Geroda,Thüringen,50.72386,11.83699
Gerold,Bayern,47.48608,11.21365
Geroldsgrün,Bayern,50.3363,11.59538
Geroldshausen,Bayern,49.68545,9.90196
Gerolfingen,Bayern,49.0535,10.51358
Gerolsbach,Bayern,48.50033,11.35299
Gerolsheim,Rheinland-Pfalz,49.54376,8.23683
Gerolstein,Rheinland-Pfalz,50.22066,6.63986
Gerolzhofen,Bayern,49.8983,10.32486
Gerschweiler,Baden-Württemberg,48.63651,10.2345
Gersdorf,Bayern,48.02156,12.03508
Gersdorf,Mecklenburg-Vorpommern,54.10838,11.67445
Gersdorf,Sachsen,50.95744,12.81856
Gersdorf-Möhrsdorf,Sachsen,51.24067,14.03283
Gersfeld,Hessen,50.44949,9.91982
Gersheim,Saarland,49.14968,7.22399
Gersten,Niedersachsen,52.57215,7.50568
Gerstenberg,Thüringen,51.01804,12.35491
Gerstengrund,Thüringen,50.73072,9.98459
Gerstetten,Baden-Württemberg,48.63256,10.05075
Gersthofen,Bayern,48.42612,10.81606
Gerstungen,Thüringen,50.96354,10.06727
Gerswalde,Brandenburg,53.18163,13.54788
Gerterode,Thüringen,51.36002,10.47949
Gertewitz,Thüringen,50.66201,11.56757
Gerthausen,Thüringen,50.53061,10.35396
Gertitzsch,Sachsen,51.07592,13.17323
Gerwisch,Sachsen-Anhalt,52.14738,11.76182
Gerzen,Bayern,48.47913,12.42882
Geschendorf,Schlewig-Holstein,53.91769,10.46624
Gescher,Nordrhein-Westfalen,51.95064,7.00814
Geschwenda,Thüringen,50.71812,10.84674
Gesees,Bayern,49.89872,11.53767
Geseke,Nordrhein-Westfalen,51.65301,8.4652
Geslau,Bayern,49.36316,10.31579
"Gesotz, Gem Feuerscheid",Rheinland-Pfalz,50.13897,6.34764
"Gesotz, Gem Hargarten",Rheinland-Pfalz,50.13897,6.34764
"Gesotz, Gem Plütscheid",Rheinland-Pfalz,50.13897,6.34764
Gessertshausen,Bayern,48.30977,10.71269
Gestecke,Hessen,51.21827,9.30942
Gestratz,Bayern,47.62094,10.03599
Getelo,Niedersachsen,52.49368,6.87831
Gettengrün,Sachsen,50.34531,12.24269
Gettorf,Schlewig-Holstein,54.4108,9.9788
Geusa,Sachsen-Anhalt,51.35483,11.9792
Geußnitz,Sachsen-Anhalt,51.01843,12.15186
Gevelsberg,Nordrhein-Westfalen,51.33706,7.35222
Gevenich,Rheinland-Pfalz,50.14349,7.07033
Gevensleben,Niedersachsen,52.0717,10.82348
Geversdorf,Niedersachsen,53.79516,9.07808
Geyer,Sachsen,50.62445,12.90841
Giebelstadt,Bayern,49.65347,9.94518
Gieboldehausen,Niedersachsen,51.60763,10.22025
Gieckau,Sachsen-Anhalt,51.10502,11.82778
Giekau,Schlewig-Holstein,54.30053,10.56164
Gielde,Niedersachsen,52.02221,10.54003
Gieleroth,Rheinland-Pfalz,50.68244,7.66258
Gielert,Rheinland-Pfalz,49.75083,7.0039
Gielow,Mecklenburg-Vorpommern,53.73868,12.76657
Gielsdorf,Brandenburg,52.62518,13.91087
Giengen,Baden-Württemberg,48.63651,10.2345
Gierschnach,Rheinland-Pfalz,50.24827,7.36244
Giershausen,Rheinland-Pfalz,50.64756,7.52776
Giersleben,Sachsen-Anhalt,51.77931,11.47298
Gierstling,Bayern,47.83296,12.74977
Gierstädt,Thüringen,51.07449,10.85541
Giesdorf,Rheinland-Pfalz,50.15848,6.45936
Gieselauschleuse,Schlewig-Holstein,54.20397,9.54518
Giesen,Niedersachsen,52.21403,9.88194
Giesenhagen,Brandenburg,53.13447,12.18056
Giesenhausen,Rheinland-Pfalz,50.7273,7.6948
Giesenhorst,Brandenburg,52.8583,12.43437
Giesensdorf,Brandenburg,52.64279,13.16476
Giesensdorf,Schlewig-Holstein,53.69823,10.77178
Gieseritz,Sachsen-Anhalt,52.78368,10.87672
Gieshof-Zelliner Loose,Brandenburg,52.64405,14.36122
Gieshübel,Rheinland-Pfalz,50.30837,7.80944
Gießen,Hessen,50.57872,8.68188
Gießhübelmühle,Baden-Württemberg,49.13416,8.89806
Gießmannsdorf,Brandenburg,51.8536,13.75045
Gießübel,Thüringen,50.53285,10.897
Gifhorn,Niedersachsen,52.50317,10.51458
Gifizenmoos,Baden-Württemberg,48.23416,8.43747
Giggenhausen,Bayern,48.34749,11.64318
Gigling,Bayern,47.96918,12.56712
Gilching,Bayern,48.11567,11.26402
Gillenbeuren,Rheinland-Pfalz,50.14349,7.07033
Gillenfeld,Rheinland-Pfalz,50.11017,6.92229
Gillersdorf,Thüringen,50.59213,11.04641
Gilserberg,Hessen,50.94364,9.0533
Gilten,Niedersachsen,52.67635,9.61784
Gilzem,Rheinland-Pfalz,49.85309,6.5694
Gimbsheim,Rheinland-Pfalz,49.77965,8.37504
Gimbweiler,Rheinland-Pfalz,49.70508,7.16398
Gimritz,Sachsen-Anhalt,51.5252,11.82739
Gindorf,Rheinland-Pfalz,50.0019,6.60883
Gingen,Baden-Württemberg,48.66094,9.78184
Gingst,Mecklenburg-Vorpommern,54.50826,13.26102
Ginsheim-Gustavsburg,Hessen,49.99305,8.32205
Ginsweiler,Rheinland-Pfalz,49.65219,7.59042
Gipperath,Rheinland-Pfalz,50.07866,6.77218
Girgenrath,Rheinland-Pfalz,50.56516,7.3806
Girkenroth,Rheinland-Pfalz,50.55079,7.9309
Girod,Rheinland-Pfalz,50.41991,7.93492
Gischau,Sachsen-Anhalt,52.79643,11.33372
Gischow,Mecklenburg-Vorpommern,53.46787,12.02471
Gittelde,Niedersachsen,51.77586,10.18957
Gladau,Sachsen-Anhalt,52.37445,12.17608
Gladbach,Rheinland-Pfalz,49.95221,6.81812
Gladbeck,Nordrhein-Westfalen,51.57246,6.98507
Gladenbach,Hessen,50.75984,8.57384
Gladigau,Sachsen-Anhalt,52.78907,11.72233
Glaisin,Mecklenburg-Vorpommern,53.33713,11.46798
Glaitenhof,Baden-Württemberg,48.93333,9.52349
Glambeck,Brandenburg,53.05639,13.10828
Glambeck,Mecklenburg-Vorpommern,53.86087,11.94391
Glan-Münchweiler,Rheinland-Pfalz,49.47227,7.4423
Glanbrücken,Rheinland-Pfalz,49.5803,7.51359
Glandorf,Niedersachsen,52.08566,8.00022
Glasau,Schlewig-Holstein,54.04402,10.53088
Glasehausen,Thüringen,51.38965,10.16816
Glasewitz,Mecklenburg-Vorpommern,53.68329,12.0939
Glashagen,Mecklenburg-Vorpommern,53.94502,11.65214
Glashütte,Bayern,49.7589,11.97306
Glashütte,Brandenburg,52.11411,12.45576
Glashütte,Sachsen,50.85093,13.78032
Glashütte,Schlewig-Holstein,53.94939,10.16368
Glashütte-Dittersdorf,Sachsen,50.85093,13.78032
Glashütte-Johnsbach,Sachsen,50.85093,13.78032
Glashütte-Luchau,Sachsen,50.85093,13.78032
Glashütte-Schlottwitz,Sachsen,50.85093,13.78032
Glashütten,Bayern,49.88777,11.44781
Glashütten,Hessen,50.2164,8.40158
Glasin,Mecklenburg-Vorpommern,53.8647,11.68699
Glasmühle,Baden-Württemberg,48.70017,8.66668
Glasow,Mecklenburg-Vorpommern,53.49892,14.30434
Glattbach,Bayern,50.00619,9.14721
Glatten,Baden-Württemberg,48.4386,8.52387
Glattenzainbach,Baden-Württemberg,48.97589,9.59822
Glau,Brandenburg,52.23178,13.1885
Glaubitz,Sachsen,51.29918,13.39009
Glauburg,Hessen,50.3218,9.01845
Glauchau,Sachsen,50.80658,12.5499
Glauzig,Sachsen-Anhalt,51.71349,12.0183
Glebitzsch,Sachsen-Anhalt,51.60107,12.19457
Glees,Rheinland-Pfalz,50.42953,7.24435
Gleichamberg,Thüringen,50.40422,10.70779
Gleichen,Niedersachsen,51.48145,10.08851
Gleima,Thüringen,50.44155,11.61814
Gleina,Sachsen,51.26068,13.23232
Gleina,Sachsen-Anhalt,51.23826,11.76903
Gleiritsch,Bayern,49.53561,12.32097
Gleisweiler,Rheinland-Pfalz,49.25011,8.0733
Gleiszellen-Gleishorbach,Rheinland-Pfalz,49.08987,7.96204
Gleißenberg,Bayern,49.32847,12.74996
Gletzow,Mecklenburg-Vorpommern,53.77944,11.04967
Glewitz,Mecklenburg-Vorpommern,54.06675,12.93058
Glien,Brandenburg,52.5979,12.52041
Glienecke,Brandenburg,52.26741,12.28739
Glienick,Brandenburg,52.22567,13.43068
Glienicke,Brandenburg,52.65565,13.28366
Glienig,Brandenburg,51.87042,13.42378
Glienke,Mecklenburg-Vorpommern,53.60793,13.47528
Glietz,Brandenburg,51.91288,14.12376
Glinde,Sachsen-Anhalt,51.96663,11.88031
Glinde,Schlewig-Holstein,53.54473,10.21673
Glindenberg,Sachsen-Anhalt,52.27958,11.62463
Glindow,Brandenburg,52.36479,12.87007
Globig-Bleddin,Sachsen-Anhalt,51.78455,12.65939
Glonn,Bayern,47.97172,11.88825
Glottertal,Baden-Württemberg,48.04857,7.94481
Glowe,Mecklenburg-Vorpommern,54.52775,13.55347
Glöthe,Sachsen-Anhalt,51.90367,11.83496
Glött,Bayern,48.497,10.48976
Glövzin,Brandenburg,53.1628,11.7454
Glöwen,Brandenburg,52.96478,12.02786
Glöwitz,Mecklenburg-Vorpommern,54.35401,12.6325
Glücksburg,Schlewig-Holstein,54.72891,9.26418
Glückstadt,Schlewig-Holstein,53.78971,9.43747
Glüsing,Schlewig-Holstein,54.29485,9.15713
Gmund,Bayern,47.75065,11.73706
Gnadau,Sachsen-Anhalt,51.96663,11.88031
Gnarrenburg,Niedersachsen,53.375,9.01327
Gnaschwitz,Sachsen,51.12224,14.44063
Gnemern,Mecklenburg-Vorpommern,53.86087,11.94391
Gnetsch,Sachsen-Anhalt,51.71349,12.0183
Gneus,Thüringen,50.85628,11.77906
Gneven,Mecklenburg-Vorpommern,53.61762,11.54248
Gnevezow,Mecklenburg-Vorpommern,53.83658,13.01175
Gnevkow,Mecklenburg-Vorpommern,53.76084,13.29507
Gnevsdorf,Brandenburg,52.98856,11.7934
Gnevsdorf,Mecklenburg-Vorpommern,53.43336,12.25348
Gnewikow,Brandenburg,52.90326,12.72486
Gnewitz,Mecklenburg-Vorpommern,54.0282,12.46361
Gnoien,Mecklenburg-Vorpommern,53.97155,12.70468
Gnotzheim,Bayern,49.05939,10.7136
Gnutz,Schlewig-Holstein,54.13069,9.82212
Gnölbzig,Sachsen-Anhalt,51.67516,11.76621
Goch,Nordrhein-Westfalen,51.70309,6.13121
Gochsheim,Bayern,50.02016,10.29513
Goddert,Rheinland-Pfalz,50.553,7.80532
Goddin,Mecklenburg-Vorpommern,53.67731,11.11736
Godendorf,Mecklenburg-Vorpommern,53.35873,13.24523
Godern,Mecklenburg-Vorpommern,53.61762,11.54248
Gohlis,Sachsen,51.3564,13.32511
Gohlitz,Brandenburg,52.63142,12.81202
Gohrau,Sachsen-Anhalt,51.83833,12.45993
Gohrisch,Sachsen,50.87199,14.04256
Gokels,Schlewig-Holstein,54.12177,9.40193
Golbitz,Sachsen-Anhalt,51.67516,11.76621
Golchen,Mecklenburg-Vorpommern,53.73547,12.49241
Goldbach,Bayern,50.01123,9.17404
Goldbach,Thüringen,50.8969,10.76719
Goldbeck,Brandenburg,52.98972,12.47482
Goldbeck,Mecklenburg-Vorpommern,53.95172,11.12204
Goldbeck,Sachsen-Anhalt,52.7276,11.95016
Goldberg,Mecklenburg-Vorpommern,53.72428,11.87917
Goldebek,Schlewig-Holstein,54.67218,9.13237
Goldelund,Schlewig-Holstein,54.67218,9.13237
Goldenbow,Mecklenburg-Vorpommern,53.46173,11.38194
Goldenerhahn,Schlewig-Holstein,53.87329,10.53354
Goldenitz,Mecklenburg-Vorpommern,53.40188,11.24957
Goldenstedt,Niedersachsen,52.7895,8.43502
Goldenstädt,Mecklenburg-Vorpommern,53.52701,11.52583
Goldisthal,Thüringen,50.53775,11.06682
Goldkronach,Bayern,50.01092,11.74587
Goldschau,Sachsen-Anhalt,51.07981,11.93027
Gollenberg,Rheinland-Pfalz,49.70508,7.16398
Gollensdorf,Sachsen-Anhalt,52.88777,11.75233
Gollhofen,Bayern,49.5853,10.12947
Gollin,Brandenburg,53.18163,13.54788
Gollmitz,Brandenburg,52.52372,13.88649
Gollwitz,Brandenburg,52.48522,12.5601
Golm,Brandenburg,52.84058,13.60302
Golmbach,Niedersachsen,51.8953,9.53309
Golmsdorf,Thüringen,50.87536,11.62055
Golschow,Brandenburg,51.65575,14.22417
Goltoft,Schlewig-Holstein,54.53892,9.70361
Golzen,Sachsen-Anhalt,51.21757,11.65896
Golzow,Brandenburg,52.6387,13.64351
Golßen,Brandenburg,51.97487,13.59976
Gomadingen,Baden-Württemberg,48.39928,9.39117
Gomaringen,Baden-Württemberg,48.45487,9.09728
Gommern,Sachsen-Anhalt,52.07482,11.82359
Gommersheim,Rheinland-Pfalz,49.28954,8.26796
Gompertshausen,Thüringen,50.2795,10.72455
Gonbach,Rheinland-Pfalz,49.55589,7.79611
Gondelsheim,Baden-Württemberg,49.05959,8.6595
Gondenbrett,Rheinland-Pfalz,50.22251,6.4231
Gondershausen,Rheinland-Pfalz,50.15862,7.48796
Gondorf,Rheinland-Pfalz,49.98275,6.64732
Gonna,Sachsen-Anhalt,51.45058,11.23554
Goosefeld,Schlewig-Holstein,54.44078,9.82271
Goppeln,Sachsen,50.99023,13.72441
Gorden-Staupitz,Brandenburg,51.59657,13.74282
Gorenzen,Sachsen-Anhalt,51.59819,11.45869
Gorgast,Brandenburg,52.55133,14.55333
Gorleben,Niedersachsen,53.04694,11.35551
Gorlosen,Mecklenburg-Vorpommern,53.21121,11.41481
Gornau,Sachsen,50.74734,13.07458
Gornhausen,Rheinland-Pfalz,49.89124,7.07324
Gornsdorf,Sachsen,50.7087,12.88601
Gorow,Mecklenburg-Vorpommern,53.98913,11.89085
Gorschendorf,Mecklenburg-Vorpommern,53.73868,12.76657
Gorsdorf-Hemsendorf,Sachsen-Anhalt,51.83464,12.98299
Gorsleben,Thüringen,51.30077,11.21773
Gortz,Brandenburg,52.48522,12.5601
Gorxheimertal,Hessen,49.52948,8.74322
Goschen,Brandenburg,51.98339,14.29955
Gosda,Brandenburg,51.72938,14.23866
Goseck,Sachsen-Anhalt,51.20958,11.94525
Gosedahl,Brandenburg,53.1628,11.7454
Gosen,Brandenburg,52.42163,13.88462
Gosheim,Baden-Württemberg,48.13996,8.75826
Goslar,Niedersachsen,51.90378,10.45331
Gospiteroda,Thüringen,50.93185,10.56086
Gossa,Sachsen-Anhalt,51.72882,12.45493
Gossel,Thüringen,50.77744,10.90178
Gossersweiler-Stein,Rheinland-Pfalz,49.16228,7.95873
Gostewitz,Sachsen,51.26068,13.23232
Gostorf,Mecklenburg-Vorpommern,53.84653,11.18732
Gotha,Thüringen,50.95115,10.69493
Gottberg,Brandenburg,52.8583,12.43437
Gottenheim,Baden-Württemberg,48.04998,7.72855
Gottesgabe,Mecklenburg-Vorpommern,53.65278,11.17452
Gotteskoogdeich,Schlewig-Holstein,54.75626,8.74507
Gotteszell,Bayern,48.96536,13.00601
Gottfrieding,Bayern,48.63743,12.5355
Gottholling,Bayern,48.67236,13.28923
Gotthun,Mecklenburg-Vorpommern,53.37563,12.59989
Gottmadingen,Baden-Württemberg,47.73575,8.7635
Gottschdorf,Sachsen,51.26567,13.90437
Gottstedt,Thüringen,50.91055,10.91512
Goyatz,Brandenburg,51.91288,14.12376
Goßmar,Brandenburg,51.78001,13.69074
Goßwitz,Thüringen,50.63015,11.46345
Graach,Rheinland-Pfalz,49.91683,7.06457
Graal-Müritz,Mecklenburg-Vorpommern,54.24946,12.24619
Grabau,Schlewig-Holstein,53.69733,10.35009
Graben,Bayern,47.99687,11.7784
Graben-Neudorf,Baden-Württemberg,49.14654,8.46445
Grabenhäusl,Bayern,47.83296,12.74977
Grabenstetten,Baden-Württemberg,48.52689,9.45269
Grabenstoffl,Bayern,47.88964,11.7692
Grabenstätt,Bayern,47.84059,12.54662
Grabko,Brandenburg,51.94751,14.56902
Grabow,Brandenburg,52.74744,12.50206
Grabow,Mecklenburg-Vorpommern,53.30126,12.04032
Grabow,Sachsen-Anhalt,52.14254,11.95492
Grabowhöfe,Mecklenburg-Vorpommern,53.58217,12.50996
Grabsleben,Thüringen,50.8969,10.76719
Grafenanger,Bayern,47.93662,12.44965
Grafenau,Baden-Württemberg,48.71449,8.91212
Grafenau,Bayern,48.8469,13.40802
Grafenberg,Baden-Württemberg,48.56693,9.30277
Grafengehaig,Bayern,50.20696,11.61141
Grafenhausen,Baden-Württemberg,47.77337,8.25826
Grafenrheinfeld,Bayern,50.00388,10.19938
Grafenried,Bayern,48.99086,12.03507
Grafenwiesen,Bayern,49.20211,12.88268
Grafenwöhr,Bayern,49.6848,11.78877
Grafhorst,Niedersachsen,52.44386,10.94616
Grafing,Bayern,48.03507,11.95478
Grafling,Bayern,48.89436,12.97519
Grafrath,Bayern,48.12014,11.16766
Grafschaft,Rheinland-Pfalz,50.58043,7.05089
Grainau,Bayern,47.46177,11.0054
Grainet,Bayern,48.79674,13.6534
Graitschen b Bürgel,Thüringen,50.93901,11.75028
Grambek,Schlewig-Holstein,53.62052,10.8185
Grambin,Mecklenburg-Vorpommern,53.71537,14.15981
Grambow,Mecklenburg-Vorpommern,53.58567,12.79483
Gramkow,Mecklenburg-Vorpommern,53.90597,11.406
Grammendorf,Mecklenburg-Vorpommern,54.06675,12.93058
Grammentin,Mecklenburg-Vorpommern,53.66892,12.93076
Grammow,Mecklenburg-Vorpommern,54.0282,12.46361
Gramnitz,Mecklenburg-Vorpommern,53.40188,11.24957
Gramzow,Brandenburg,53.16422,12.96896
Grana,Sachsen-Anhalt,51.01843,12.15186
Grande,Schlewig-Holstein,53.60273,10.36774
Granitwerk Sormitztal,Thüringen,50.46262,11.5372
Granschütz,Sachsen-Anhalt,51.15637,12.09987
Gransdorf,Rheinland-Pfalz,50.07866,6.77218
Gransebieth,Mecklenburg-Vorpommern,54.06675,12.93058
Gransee,Brandenburg,53.05639,13.10828
Granzin,Mecklenburg-Vorpommern,53.42445,11.34527
Granzow,Brandenburg,52.98479,12.35979
Grapen-Stieten,Mecklenburg-Vorpommern,53.79058,11.4282
Grapzow,Mecklenburg-Vorpommern,53.76084,13.29507
Grasberg,Niedersachsen,53.19147,8.99672
Grasbrunn,Bayern,48.08642,11.75174
Grasellenbach,Hessen,49.62942,8.84641
Grasleben,Niedersachsen,52.30622,11.0138
Grassau,Bayern,47.79163,12.44512
Grassau,Brandenburg,51.72081,13.2298
Grassau,Sachsen-Anhalt,52.62268,11.65093
Grattersdorf,Bayern,48.80516,13.15237
Gratze,Brandenburg,52.79807,14.01577
Grauel,Schlewig-Holstein,54.10997,9.68736
Grauingen,Sachsen-Anhalt,52.40715,11.20149
Graustein,Brandenburg,51.5838,14.37591
Graß,Bayern,51.16569,10.45153
Grebbin,Mecklenburg-Vorpommern,53.5239,11.79548
Grebenau,Hessen,50.74271,9.47354
Grebenhain,Hessen,50.49479,9.30039
Grebenstein,Hessen,51.44728,9.41006
Grebin,Schlewig-Holstein,54.19808,10.49366
Grebs,Brandenburg,52.30506,12.48211
Grebs,Mecklenburg-Vorpommern,53.21121,11.41481
Greding,Bayern,49.06272,11.32648
Greese,Mecklenburg-Vorpommern,53.893,11.4995
Grefrath,Nordrhein-Westfalen,51.33317,6.33955
Greifenberg,Bayern,48.07914,11.07312
Greifenhagen,Sachsen-Anhalt,51.66227,11.46802
Greifenhain,Brandenburg,51.65575,14.22417
Greifenstein,Hessen,50.60597,8.24562
Greiffenberg,Brandenburg,53.04259,13.98426
Greifswald,Mecklenburg-Vorpommern,54.08218,13.41474
Greiling,Bayern,47.76647,11.63089
Greimerath,Rheinland-Pfalz,49.83989,6.7298
Greimersburg,Rheinland-Pfalz,50.19369,7.15361
Greinach,Bayern,47.9294,12.70954
Greiz,Thüringen,50.65507,12.19363
Gremersdorf,Schlewig-Holstein,54.31612,10.88063
Gremersdorf-Buchholz,Mecklenburg-Vorpommern,54.18562,12.88176
Gremsdorf,Bayern,49.69595,10.83357
Grenderich,Rheinland-Pfalz,50.08943,7.2844
Grenz,Brandenburg,53.3194,13.87248
Grenzach-Wyhlen,Baden-Württemberg,47.55116,7.68001
Grenzhausen,Mecklenburg-Vorpommern,53.84653,11.18732
Grenzheim,Brandenburg,53.11688,11.92614
Grenzloch,Rheinland-Pfalz,50.35051,7.72275
Greppin,Sachsen-Anhalt,51.6503,12.28962
Greschendorf,Mecklenburg-Vorpommern,53.84653,11.18732
Gresse,Mecklenburg-Vorpommern,53.40359,10.76152
Gressow,Mecklenburg-Vorpommern,53.90597,11.406
Grethem,Niedersachsen,52.67635,9.61784
Grettstadt,Bayern,49.9857,10.31156
Greußen,Thüringen,51.23446,10.93052
Greußenheim,Bayern,49.82361,9.75872
Greven,Mecklenburg-Vorpommern,53.40359,10.76152
Greven,Nordrhein-Westfalen,52.09189,7.65204
Grevenbroich,Nordrhein-Westfalen,51.07843,6.60736
Grevenkop,Schlewig-Holstein,53.83242,9.52029
Grevenkrug,Schlewig-Holstein,54.22617,10.0018
Grevenstein,Mecklenburg-Vorpommern,53.84653,11.18732
Grevesmühlen,Mecklenburg-Vorpommern,53.84653,11.18732
Gribbohm,Schlewig-Holstein,54.02257,9.37994
Gribow,Mecklenburg-Vorpommern,53.93365,13.42955
Griebelschied,Rheinland-Pfalz,49.781,7.41761
Grieben,Brandenburg,53.05639,13.10828
Grieben,Mecklenburg-Vorpommern,54.19853,12.14653
Grieben,Sachsen-Anhalt,52.43399,11.81062
Griebo,Sachsen-Anhalt,51.93811,12.43055
Griefstedt,Thüringen,51.25729,11.09259
Gries,Rheinland-Pfalz,49.44211,7.31975
Griesen,Sachsen-Anhalt,51.83833,12.45993
Griesheim,Hessen,49.85768,8.5502
Griesheim,Thüringen,50.75397,11.11105
Griesingen,Baden-Württemberg,48.2659,9.78044
Griesstätt,Bayern,49.57963,11.3154
Grießbach,Sachsen,51.16569,10.45153
Grießen,Brandenburg,51.94751,14.56902
Grillenberg,Sachsen-Anhalt,51.45058,11.23554
Grimburg,Rheinland-Pfalz,49.72609,6.91586
Grimma,Sachsen,51.21877,12.75372
Grimme,Sachsen-Anhalt,52.00334,12.22069
Grimmelsberg,Schlewig-Holstein,54.25914,10.65445
Grimmelshausen,Thüringen,50.50626,10.62202
Grimmen,Mecklenburg-Vorpommern,54.11059,13.0343
Grinau,Schlewig-Holstein,53.74593,10.48397
Grischow,Mecklenburg-Vorpommern,53.76084,13.29507
Grobengereuth,Thüringen,50.66201,11.56757
Grobleben,Sachsen-Anhalt,52.62268,11.65093
Grockstädt,Sachsen-Anhalt,51.34216,11.58123
Groitzsch,Sachsen,51.15336,12.28333
Grollenhof,Baden-Württemberg,49.24331,9.32309
Grolsheim,Rheinland-Pfalz,49.90648,7.98109
Gronau,Niedersachsen,52.0868,9.78625
Gronau,Nordrhein-Westfalen,52.18412,7.02894
Groptitz,Sachsen,51.26068,13.23232
Grosselfingen,Baden-Württemberg,48.33204,8.88612
Grotenknöll,Schlewig-Holstein,54.1304,9.55545
Grothusenkoog,Schlewig-Holstein,54.33025,8.78223
Grove,Schlewig-Holstein,53.55673,10.51734
Grovehörn,Niedersachsen,53.30761,7.48001
Groven,Schlewig-Holstein,54.32758,9.01596
Groß Ammensleben,Sachsen-Anhalt,52.27958,11.62463
Groß Behnitz,Brandenburg,52.63142,12.81202
Groß Belitz,Mecklenburg-Vorpommern,53.86087,11.94391
Groß Bengerstorf,Mecklenburg-Vorpommern,53.40359,10.76152
Groß Berßen,Niedersachsen,52.80203,7.44172
Groß Beuchow,Brandenburg,51.85668,13.90489
Groß Boden,Schlewig-Holstein,53.74593,10.48397
Groß Breese,Brandenburg,52.98856,11.7934
Groß Briesen,Brandenburg,52.17817,12.6006
Groß Brütz,Mecklenburg-Vorpommern,53.67241,11.28531
Groß Buchholz,Brandenburg,53.11688,11.92614
Groß Buchwald,Schlewig-Holstein,54.159,10.02726
Groß Bölkow,Mecklenburg-Vorpommern,53.98913,11.89085
Groß Börnecke,Sachsen-Anhalt,51.941,11.42505
Groß Bünsdorf,Mecklenburg-Vorpommern,53.83187,10.87156
Groß Chüden,Sachsen-Anhalt,52.79643,11.33372
Groß Daberkow,Mecklenburg-Vorpommern,53.46141,13.58451
Groß Disnack,Schlewig-Holstein,53.68539,10.88566
Groß Dratow,Mecklenburg-Vorpommern,53.51459,12.73048
Groß Döbbern,Brandenburg,51.7437,14.41743
Groß Dölln,Brandenburg,53.18163,13.54788
Groß Düben,Sachsen,51.536,14.529
Groß Eichholz,Brandenburg,52.24406,13.91797
Groß Eichsen,Mecklenburg-Vorpommern,53.67731,11.11736
Groß Ernsthof,Mecklenburg-Vorpommern,53.98213,13.77864
Groß Flotow,Mecklenburg-Vorpommern,53.53678,12.93072
Groß Fredenwalde,Brandenburg,53.18163,13.54788
Groß Gaglow,Brandenburg,51.7437,14.41743
Groß Garz,Sachsen-Anhalt,52.88777,11.75233
Groß Germersleben,Sachsen-Anhalt,51.99247,11.31928
Groß Gievitz,Mecklenburg-Vorpommern,53.51459,12.73048
Groß Glienicke,Brandenburg,52.46992,12.99658
Groß Godems,Mecklenburg-Vorpommern,53.40765,11.72243
Groß Gottschow,Brandenburg,53.11688,11.92614
Groß Grönau,Schlewig-Holstein,53.80147,10.75035
Groß Görnow,Mecklenburg-Vorpommern,53.69223,11.86932
Groß Hauskreuz,Niedersachsen,53.55526,7.85303
Groß Haßlow,Brandenburg,53.12115,12.51526
Groß Hundorf,Mecklenburg-Vorpommern,53.77944,11.04967
Groß Ippener,Niedersachsen,52.90915,8.58705
Groß Jehser,Brandenburg,51.72805,13.9005
Groß Kelle,Mecklenburg-Vorpommern,53.37563,12.59989
Groß Kienitz,Brandenburg,52.3544,13.39417
Groß Kiesow,Mecklenburg-Vorpommern,53.97693,13.5489
Groß Kordshagen,Mecklenburg-Vorpommern,54.30052,12.92859
Groß Krams,Mecklenburg-Vorpommern,53.40188,11.24957
Groß Krankow,Mecklenburg-Vorpommern,53.82319,11.31747
Groß Kreutz,Brandenburg,52.40377,12.78065
Groß Kummerfeld,Schlewig-Holstein,54.0511,10.07358
Groß Kölpin,Brandenburg,53.18163,13.54788
Groß Kölzig,Brandenburg,51.63818,14.59961
Groß Köris,Brandenburg,52.16468,13.69362
Groß Kühren,Niedersachsen,53.25568,10.94552
Groß Laasch,Mecklenburg-Vorpommern,53.33713,11.46798
Groß Labenz,Mecklenburg-Vorpommern,53.79131,11.64686
Groß Langerwisch,Brandenburg,53.13447,12.18056
Groß Leine,Brandenburg,51.91288,14.12376
Groß Leppin,Brandenburg,52.96478,12.02786
Groß Leuthen,Brandenburg,51.91288,14.12376
Groß Linde,Brandenburg,53.11688,11.92614
Groß Lindow,Brandenburg,52.25402,14.57547
Groß Luckow,Mecklenburg-Vorpommern,53.4504,13.80473
Groß Luja,Brandenburg,51.5838,14.37591
Groß Lübbenau,Brandenburg,51.78322,14.0757
Groß Lüben,Brandenburg,52.94993,11.96002
Groß Lüsewitz,Mecklenburg-Vorpommern,54.07741,12.37548
Groß Machnow,Brandenburg,52.22567,13.43068
Groß Marzehns,Brandenburg,52.07082,12.69015
Groß Meckelsen,Niedersachsen,53.29205,9.51779
Groß Miltzow,Mecklenburg-Vorpommern,53.5353,13.59334
Groß Mohrdorf,Mecklenburg-Vorpommern,54.37122,13.0232
Groß Molzahn,Mecklenburg-Vorpommern,53.77944,11.04967
Groß Muckrow,Brandenburg,51.98339,14.29955
Groß Naundorf,Sachsen-Anhalt,51.73072,13.04439
Groß Nemerow,Mecklenburg-Vorpommern,53.49616,13.31651
Groß Neuendorf,Brandenburg,52.64405,14.36122
Groß Neuleben,Mecklenburg-Vorpommern,53.83187,10.87156
Groß Nieköhr,Mecklenburg-Vorpommern,53.97155,12.70468
Groß Niendorf,Mecklenburg-Vorpommern,53.5239,11.79548
Groß Niendorf,Schlewig-Holstein,53.85411,10.2501
Groß Nienhagen,Mecklenburg-Vorpommern,53.98913,11.89085
Groß Nordende,Schlewig-Holstein,53.68339,9.67107
Groß Oesingen,Niedersachsen,52.64778,10.46676
Groß Offenseth-Aspern,Schlewig-Holstein,53.80626,9.77566
Groß Oßnig,Brandenburg,51.7437,14.41743
Groß Pampau,Schlewig-Holstein,53.55673,10.51734
Groß Pankow,Brandenburg,53.13447,12.18056
Groß Pinnow,Brandenburg,53.21125,14.20947
Groß Plasten,Mecklenburg-Vorpommern,53.51459,12.73048
Groß Polzin,Mecklenburg-Vorpommern,53.93414,13.7212
Groß Pravtshagen,Mecklenburg-Vorpommern,53.84653,11.18732
Groß Quenstedt,Sachsen-Anhalt,51.93746,11.05498
Groß Raden,Mecklenburg-Vorpommern,53.69223,11.86932
Groß Rheide,Schlewig-Holstein,54.44461,9.43078
Groß Ridsenow,Mecklenburg-Vorpommern,53.90807,12.34444
Groß Rietz,Brandenburg,52.15111,14.14896
Groß Rode,Niedersachsen,52.27321,10.79297
Groß Rodensleben,Sachsen-Anhalt,52.13518,11.50131
Groß Roge,Mecklenburg-Vorpommern,53.75001,12.58823
Groß Rosenburg,Sachsen-Anhalt,51.90367,11.83496
Groß Rönnau,Schlewig-Holstein,53.92727,10.29327
Groß Rünz,Mecklenburg-Vorpommern,53.77944,11.04967
Groß Salitz,Mecklenburg-Vorpommern,53.67731,11.11736
Groß Santersleben,Sachsen-Anhalt,52.22486,11.30453
Groß Sarau,Schlewig-Holstein,53.80147,10.75035
Groß Schacksdorf,Brandenburg,51.7307,14.57682
Groß Schauen,Brandenburg,52.24406,13.91797
Groß Schenkenberg,Schlewig-Holstein,53.79968,10.55855
Groß Schierstedt,Sachsen-Anhalt,51.77931,11.47298
Groß Schoritz,Mecklenburg-Vorpommern,54.29935,13.27464
Groß Schulzendorf,Brandenburg,52.22567,13.43068
Groß Schwansee,Mecklenburg-Vorpommern,53.9075,10.97564
Groß Schwechten,Sachsen-Anhalt,52.62268,11.65093
Groß Schwiesow,Mecklenburg-Vorpommern,53.68329,12.0939
Groß Schönebeck,Brandenburg,52.7836,13.49036
Groß Siemen,Mecklenburg-Vorpommern,54.06316,11.7968
Groß Siemz,Mecklenburg-Vorpommern,53.83187,10.87156
Groß Spiegelberg,Mecklenburg-Vorpommern,53.4504,13.80473
Groß Stieten,Mecklenburg-Vorpommern,53.84194,11.45942
Groß Teetzleben,Mecklenburg-Vorpommern,53.65186,13.12414
Groß Tessin,Mecklenburg-Vorpommern,53.8647,11.68699
Groß Thurow,Mecklenburg-Vorpommern,53.67731,11.11736
Groß Timkenberg,Mecklenburg-Vorpommern,53.25568,10.94552
Groß Twülpstedt,Niedersachsen,52.36007,10.90103
Groß Vielen,Mecklenburg-Vorpommern,53.5235,13.05111
Groß Vollstedt,Schlewig-Holstein,54.23406,9.86763
Groß Walmstorf,Mecklenburg-Vorpommern,53.95172,11.12204
Groß Warnow,Brandenburg,53.1628,11.7454
Groß Wasserburg,Brandenburg,51.99014,13.77779
Groß Welle,Brandenburg,52.98479,12.35979
Groß Welzin,Mecklenburg-Vorpommern,53.65278,11.17452
Groß Werzin,Brandenburg,52.94993,11.96002
Groß Wieblitz,Sachsen-Anhalt,52.78368,10.87672
Groß Wittensee,Schlewig-Holstein,54.40276,9.74704
Groß Woltersdorf,Brandenburg,53.13447,12.18056
Groß Wüstenfelde,Mecklenburg-Vorpommern,53.88256,12.58682
Groß Ziescht,Brandenburg,52.03348,13.50421
Groß-Bieberau,Hessen,49.80046,8.82376
Groß-Gerau,Hessen,49.9056,8.45981
Groß-Klessow,Brandenburg,51.85668,13.90489
Groß-Mehßow,Brandenburg,51.72805,13.9005
Groß-Rohrheim,Hessen,49.71397,8.47388
Groß-Umstadt,Hessen,49.86872,8.94869
Groß-Wokern,Mecklenburg-Vorpommern,53.75001,12.58823
Groß-Ziethen,Brandenburg,52.88163,13.37643
Groß-Zimmern,Hessen,49.87208,8.83008
Großaitingen,Bayern,48.22253,10.78358
Großalmerode,Hessen,51.24206,9.79125
Großalsleben,Sachsen-Anhalt,52.01819,11.21961
Großbadegast,Sachsen-Anhalt,51.71349,12.0183
Großbardau,Sachsen,51.21877,12.75372
Großbardorf,Bayern,50.32537,10.42912
Großbarkau,Schlewig-Holstein,54.21897,10.16541
Großbartloff,Thüringen,51.26597,10.24972
Großbeeren,Brandenburg,52.36873,13.31653
Großberndten,Thüringen,51.28627,10.73382
Großbettlingen,Baden-Württemberg,48.5866,9.30926
Großbeuthen,Brandenburg,52.27808,13.25691
Großbockedra,Thüringen,50.85628,11.77906
Großbodungen,Thüringen,51.5255,10.43203
Großbothen,Sachsen,51.21877,12.75372
Großbottwar,Baden-Württemberg,49.00091,9.29667
Großbreitenbach,Thüringen,50.59213,11.04641
Großbrembach,Thüringen,51.17087,11.16515
Großbrüchter,Thüringen,51.28627,10.73382
Großbundenbach,Rheinland-Pfalz,49.30514,7.42155
Großburschla,Thüringen,51.12597,10.21909
Großderschau,Brandenburg,52.8583,12.43437
Großdittmannsdorf,Sachsen,51.2012,13.74033
Großdubrau,Sachsen,51.26639,14.51334
Großebersdorf,Thüringen,50.848,11.96203
Großefehn,Niedersachsen,53.38576,7.61665
Großeibstadt,Bayern,50.32537,10.42912
Großen-Luckow,Mecklenburg-Vorpommern,53.75001,12.58823
Großenaspe,Schlewig-Holstein,53.97363,9.96883
Großenbrode,Schlewig-Holstein,54.36518,11.08751
Großenehrich,Thüringen,51.23446,10.93052
Großengottern,Thüringen,51.15222,10.57443
Großenhain,Sachsen,51.28843,13.54419
Großenhof,Mecklenburg-Vorpommern,53.95172,11.12204
Großenkneten,Niedersachsen,52.95414,8.2396
Großenlupnitz,Thüringen,50.91344,10.20282
Großenlüder,Hessen,50.56792,9.55645
Großenrade,Schlewig-Holstein,54.00258,9.23948
Großensee,Schlewig-Holstein,53.60273,10.36774
Großensee,Thüringen,50.92978,10.11216
Großenseebach,Bayern,49.63088,10.87803
Großenstein,Thüringen,50.86449,12.18073
Großenwiehe,Schlewig-Holstein,54.68918,9.19989
Großenwörden,Niedersachsen,53.67923,9.2418
Großerkmannsdorf,Sachsen,51.13722,13.91787
Großerlach,Baden-Württemberg,49.05368,9.51377
Großeutersdorf,Thüringen,50.80012,11.58376
Großfahner,Thüringen,51.07449,10.85541
Großfischlingen,Rheinland-Pfalz,49.26177,8.13443
Großfriesen,Sachsen,50.50355,12.22399
Großgeschwenda,Thüringen,50.58139,11.47863
Großgrimma,Sachsen-Anhalt,51.15637,12.09987
Großgörschen,Sachsen-Anhalt,51.25559,12.14097
Großhabersdorf,Bayern,49.40405,10.78822
Großhansdorf,Schlewig-Holstein,53.66261,10.28351
Großharrie,Schlewig-Holstein,54.11899,10.04834
Großharthau,Sachsen,51.10808,14.1053
Großharthau-Bühlau,Sachsen,51.10808,14.1053
Großharthau-Schmiedefeld,Sachsen,51.10808,14.1053
Großharthau-Seeligstadt,Sachsen,51.10808,14.1053
Großhartmannsdorf,Sachsen,50.79881,13.32184
Großheide,Niedersachsen,53.58617,7.36879
Großheirath,Bayern,50.176,10.95103
Großhelfendorf,Bayern,51.16569,10.45153
Großhennersdorf,Sachsen,51.02755,14.75427
Großheringen,Thüringen,51.0879,11.62857
Großhesselohe,Bayern,48.05745,11.51914
Großheubach,Bayern,49.72725,9.22199
Großholbach,Rheinland-Pfalz,50.41991,7.93492
Großhub,Bayern,51.16569,10.45153
Großkampenberg,Rheinland-Pfalz,50.13772,6.21658
Großkarlbach,Rheinland-Pfalz,49.54376,8.23683
Großkarolinenfeld,Bayern,47.89278,12.06578
Großkayna,Sachsen-Anhalt,51.27917,11.88817
Großkmehlen,Brandenburg,51.37793,13.7576
Großkochberg,Thüringen,50.73282,11.32871
Großkorbetha,Sachsen-Anhalt,51.26099,12.0265
Großkorga,Sachsen-Anhalt,51.16569,10.45153
Großkoschen,Brandenburg,51.50503,13.96933
Großkrausnik,Brandenburg,51.70642,13.63103
Großkrotzenburg,Hessen,50.08175,8.98414
Großkugel,Sachsen-Anhalt,51.45087,12.07967
Großkundorf,Thüringen,50.7443,12.14674
Großkönigsförde,Schlewig-Holstein,54.4108,9.9788
Großkönigsförderwohld,Schlewig-Holstein,54.4108,9.9788
Großlangenfeld,Rheinland-Pfalz,50.24031,6.28701
Großlangheim,Bayern,49.77203,10.15207
Großlehna,Sachsen,51.28787,12.21271
Großleinungen,Sachsen-Anhalt,51.45058,11.23554
Großliebringen,Thüringen,50.75397,11.11105
Großlittgen,Rheinland-Pfalz,50.03648,6.78753
Großlohra,Thüringen,51.40537,10.58608
Großlöbichau,Thüringen,50.87536,11.62055
Großmaischeid,Rheinland-Pfalz,50.50511,7.63389
Großmannshof,Baden-Württemberg,48.54436,9.66359
Großmehlra,Thüringen,51.3004,10.57436
Großmehring,Bayern,48.77677,11.53251
Großmonra,Thüringen,51.21247,11.28237
Großmutz,Brandenburg,53.05639,13.10828
Großmölsen,Thüringen,50.96935,11.15475
Großmühlingen,Sachsen-Anhalt,51.97447,11.65596
Großnaundorf,Sachsen,51.26567,13.90437
Großneuhausen,Thüringen,51.21247,11.28237
Großneundorf,Thüringen,50.5168,11.28297
Großniedesheim,Rheinland-Pfalz,49.56121,8.31984
Großobringen,Thüringen,51.07341,11.29717
Großolbersdorf,Sachsen,50.69457,13.08882
Großostheim,Bayern,49.92109,9.0715
Großpaschleben,Sachsen-Anhalt,51.71349,12.0183
Großpostwitz,Sachsen,51.12224,14.44063
Großpösna,Sachsen,51.23772,12.48312
Großpürschütz,Thüringen,50.87536,11.62055
Großrehmühle,Bayern,50.20696,11.61141
Großrheider Ausbau,Schlewig-Holstein,54.40052,9.4998
Großrheiderfeld,Schlewig-Holstein,54.40052,9.4998
Großrinderfeld,Baden-Württemberg,49.67892,9.76173
Großromstedt,Thüringen,51.01108,11.50044
Großrosseln,Saarland,49.20272,6.83792
Großrudestedt,Thüringen,51.09237,11.09922
Großräschen,Brandenburg,51.58798,14.01097
Großröda,Thüringen,51.01804,12.35491
Großröhrsdorf,Sachsen,51.14655,14.02453
Großrössen,Brandenburg,51.59237,13.22793
Großrückerswalde,Sachsen,50.62969,13.11762
Großschirma,Sachsen,50.96611,13.31116
Großschwabhausen,Thüringen,50.94415,11.42979
Großschweidnitz,Sachsen,51.0774,14.65558
Großschönau,Bayern,51.16569,10.45153
Großschönau,Sachsen,50.89521,14.66399
Großseifen,Rheinland-Pfalz,50.66661,8.01375
Großsolt,Schlewig-Holstein,54.70889,9.51642
Großsteinhausen,Rheinland-Pfalz,49.19984,7.46936
Großthiemig,Brandenburg,51.40396,13.57316
Großtreben-Zwethau,Sachsen,51.57648,13.08535
Großvargula,Thüringen,51.09378,10.75017
Großwallstadt,Bayern,49.87468,9.13601
Großwechsungen,Thüringen,51.47117,10.74226
Großweil,Bayern,47.69131,11.30214
Großweitzschen,Sachsen,51.13432,13.12724
Großwelsbach,Thüringen,51.09493,10.62322
Großwiesenhof,Bayern,49.34984,11.42975
Großwig,Sachsen,51.54863,12.95254
Großwoltersdorf,Brandenburg,53.05639,13.10828
Großwudicke,Brandenburg,52.5979,12.52041
Großzerlang,Brandenburg,53.11224,12.90053
Großziethen,Brandenburg,52.3544,13.39417
Großzöberitz,Sachsen-Anhalt,51.63745,12.13243
Großörner,Sachsen-Anhalt,51.16569,10.45153
Grub,Bayern,49.01331,11.83879
Grub,Thüringen,50.58263,10.53498
Grube,Brandenburg,52.94993,11.96002
Grube,Schlewig-Holstein,54.23078,11.03633
Grube Alfred,Sachsen-Anhalt,51.90367,11.83496
Gruberhagen,Schlewig-Holstein,54.22397,11.0813
Grubersmühle,Thüringen,50.46262,11.5372
Grubnitz,Sachsen,51.36439,12.68831
Grubo,Brandenburg,52.07082,12.69015
Gruel,Mecklenburg-Vorpommern,54.23283,12.6236
Gruibingen,Baden-Württemberg,48.59578,9.64119
Grumbach,Rheinland-Pfalz,49.65698,7.5565
Grumbach,Sachsen,50.79119,13.3276
Grumbach,Thüringen,50.72204,10.43946
Gruna,Sachsen,51.07993,13.32311
Grunbachsägmühle,Baden-Württemberg,49.03002,10.09823
Grund,Bayern,51.16569,10.45153
Grundbach,Bayern,51.16569,10.45153
Grundhof,Baden-Württemberg,48.77096,8.93079
Grundhof,Schlewig-Holstein,54.79712,9.63702
Grundmühle,Hessen,50.61891,8.35638
Grundshagen,Mecklenburg-Vorpommern,53.95172,11.12204
Grundsheim,Baden-Württemberg,48.1859,9.69246
Grunewald,Brandenburg,53.18163,13.54788
Grunow,Brandenburg,52.41017,14.24724
Gräben,Brandenburg,52.26741,12.28739
Gräbendorf,Brandenburg,52.2224,13.64438
Gräfelfing,Bayern,48.12411,11.43141
Gräfenberg,Bayern,49.64466,11.24673
Gräfendhron,Rheinland-Pfalz,49.76052,6.9528
Gräfendorf,Bayern,50.12239,9.73988
Gräfendorf,Brandenburg,51.83574,13.16427
Gräfendorf,Thüringen,50.67726,11.54005
Gräfenhain,Thüringen,50.83189,10.66358
Gräfenhainichen,Sachsen-Anhalt,51.72882,12.45493
Gräfenroda,Thüringen,50.75315,10.787
Gräfenthal,Thüringen,50.5168,11.28297
Gräfinau-Angstedt,Thüringen,50.67195,10.97981
Gräningen,Brandenburg,52.5979,12.52041
Grävenwiesbach,Hessen,50.38321,8.44557
Gröben,Bayern,47.99853,12.40544
Gröben,Brandenburg,52.27808,13.25691
Gröben,Sachsen-Anhalt,51.12305,12.0267
Gröbenzell,Bayern,48.19247,11.37698
Gröbern,Sachsen-Anhalt,51.72882,12.45493
Gröbers,Sachsen-Anhalt,51.45087,12.07967
Gröbitz,Brandenburg,51.59657,13.74282
Gröbitz,Sachsen-Anhalt,51.20958,11.94525
Gröbzig,Sachsen-Anhalt,51.68128,11.91583
Gröde,Schlewig-Holstein,54.63385,8.7167
Gröden,Brandenburg,51.40396,13.57316
Grödersby,Schlewig-Holstein,54.67463,9.94003
Gröditsch,Brandenburg,51.99014,13.77779
Gröditz,Sachsen,51.38906,13.41402
Grömbach,Baden-Württemberg,48.56939,8.52562
Grömitz,Schlewig-Holstein,54.18649,10.96883
Gröna,Sachsen-Anhalt,51.80198,11.66856
Grönheim,Niedersachsen,52.88863,7.93397
Gröningen,Sachsen-Anhalt,51.94192,11.23244
Grönwohld,Schlewig-Holstein,53.64847,10.40813
Gröst,Sachsen-Anhalt,51.23826,11.76903
Grötsch,Brandenburg,51.85744,14.41276
Größnitz,Sachsen-Anhalt,51.23826,11.76903
Grübelsberg,Rheinland-Pfalz,50.56516,7.3806
Grümpen,Thüringen,50.39618,11.0055
Grüna,Brandenburg,51.95066,13.09874
Grüna,Sachsen,50.81819,12.78047
Grünau,Thüringen,50.58139,11.47863
Grünaue,Brandenburg,52.60767,12.32644
Grünbach,Sachsen,50.44813,12.35966
Grünbach-Muldenberg,Sachsen,50.44813,12.35966
Grünberg,Brandenburg,53.39779,14.13781
Grünberg,Hessen,50.60536,8.95746
Gründau,Hessen,50.24433,9.17698
Grüne Mühle,Rheinland-Pfalz,50.24828,7.44801
Grünebach,Rheinland-Pfalz,50.70793,7.98185
Grüneberg,Brandenburg,53.05639,13.10828
Grünefeld,Brandenburg,52.63142,12.81202
Grüneiche,Brandenburg,52.48522,12.5601
Grünenbach,Bayern,47.62094,10.03599
Grünendeich,Niedersachsen,53.55235,9.60194
Grünenplan,Niedersachsen,51.92311,9.77797
Grünental,Schlewig-Holstein,54.14287,9.27245
Grünewald,Brandenburg,51.45661,13.86426
Grünewalde,Brandenburg,51.50045,13.73994
Grünhainichen,Sachsen,50.77278,13.18264
Grünheide,Brandenburg,52.42163,13.88462
Grünhof,Hessen,51.02969,9.42567
Grünhof,Mecklenburg-Vorpommern,53.40188,11.24957
Grüningen,Brandenburg,52.48522,12.5601
Grünkraut,Baden-Württemberg,47.73835,9.65515
Grünow,Brandenburg,53.18099,13.92837
Grünow,Mecklenburg-Vorpommern,53.35873,13.24523
Grünsfeld,Baden-Württemberg,49.60723,9.74665
Grünstadt,Rheinland-Pfalz,49.56226,8.15651
Grünwald,Bayern,48.0438,11.52996
Grünz,Mecklenburg-Vorpommern,53.30035,14.21503
Grüssow,Mecklenburg-Vorpommern,53.44759,12.43199
Gschwend,Baden-Württemberg,48.93395,9.74358
Gschwend,Bayern,47.83296,12.74977
Gstadt,Bayern,47.8997,12.41997
Guben,Brandenburg,51.94751,14.56902
Gubkow,Mecklenburg-Vorpommern,54.07741,12.37548
Guckheim,Rheinland-Pfalz,50.55079,7.9309
Gudendorf,Schlewig-Holstein,53.99023,9.11455
Gudensberg,Hessen,51.17811,9.36422
Guderhandviertel,Niedersachsen,53.55235,9.60194
Gudersleben,Thüringen,51.55161,10.61365
Gudow,Mecklenburg-Vorpommern,53.30347,11.08369
Gudow,Schlewig-Holstein,53.55596,10.76661
Guggenhausen,Baden-Württemberg,47.90315,9.47203
Guhlen,Brandenburg,51.91288,14.12376
Guhlsdorf,Brandenburg,53.11688,11.92614
Guhrow,Brandenburg,51.81359,14.1854
Guldental,Rheinland-Pfalz,49.89159,7.84458
Gulow,Brandenburg,53.11688,11.92614
Gumbsheim,Rheinland-Pfalz,49.81253,7.96
Gummersbach,Nordrhein-Westfalen,51.02027,7.56428
Gumpener Kreuz,Hessen,49.71172,8.84614
Gumpenweiler,Bayern,49.13083,10.18407
Gumperda,Thüringen,50.80012,11.58376
Gumtow,Brandenburg,52.98479,12.35979
Gundelfingen,Baden-Württemberg,48.04239,7.86696
Gundelfingen,Bayern,48.52262,10.37533
Gundelsheim,Baden-Württemberg,49.29544,9.18361
Gundelsheim,Bayern,49.93833,10.92
Gunderath,Rheinland-Pfalz,50.25494,7.01082
Gundersheim,Rheinland-Pfalz,49.69302,8.19458
Gundersleben,Thüringen,51.28627,10.73382
Gundersweiler,Rheinland-Pfalz,49.55589,7.79611
Gundheim,Rheinland-Pfalz,49.67659,8.24488
Gundremmingen,Bayern,48.50094,10.40415
Gunkelrode,Hessen,50.96888,9.79738
Gunningen,Baden-Württemberg,48.04413,8.70371
Gunsleben,Sachsen-Anhalt,52.08624,11.11985
Guntersblum,Rheinland-Pfalz,49.79564,8.34185
Gunzenhausen,Bayern,49.12008,10.73189
Gusborn,Niedersachsen,53.08025,11.21089
Gusenburg,Rheinland-Pfalz,49.72609,6.91586
Gusow,Brandenburg,52.4943,14.36042
Gussow,Brandenburg,52.29584,13.7901
Gusterath,Rheinland-Pfalz,49.71485,6.79303
Gustow,Mecklenburg-Vorpommern,54.29935,13.27464
Gustävel,Mecklenburg-Vorpommern,53.71009,11.68974
Gut Werder,Sachsen-Anhalt,51.35483,11.9792
Gutach,Baden-Württemberg,48.17853,8.11194
Gute Mühle,Rheinland-Pfalz,50.19225,7.68574
Guteborn,Brandenburg,51.45661,13.86426
Gutenacker,Rheinland-Pfalz,50.29585,7.91754
Gutenbacherhof,Rheinland-Pfalz,49.74161,7.86568
Gutenberg,Rheinland-Pfalz,49.86385,7.73176
Gutenberg,Sachsen-Anhalt,51.60535,11.927
Gutendorf,Thüringen,50.89675,11.26789
Guteneck,Bayern,49.45673,12.28614
Gutengermendorf,Brandenburg,53.05639,13.10828
Gutenpaaren,Brandenburg,52.50989,12.83148
Gutenstetten,Bayern,49.62267,10.62795
Gutenswegen,Sachsen-Anhalt,52.27958,11.62463
Gutenzell-Hürbel,Baden-Württemberg,48.11328,9.99639
Gutglück,Mecklenburg-Vorpommern,54.35401,12.6325
Guthmannshausen,Thüringen,51.12231,11.41758
Gutow,Mecklenburg-Vorpommern,53.68329,12.0939
Gutsbezirk Münsingen,Baden-Württemberg,48.42284,9.55208
Gutshof Lechfeld,Bayern,48.16078,10.80704
Guttau,Sachsen,51.26639,14.51334
Guttenberg,Bayern,50.15826,11.5771
Gutweiler,Rheinland-Pfalz,49.71485,6.79303
Guxhagen,Hessen,51.20755,9.50716
Gyhum,Niedersachsen,53.26798,9.27257
Gädebehn,Mecklenburg-Vorpommern,53.5778,11.69466
Gädheim,Bayern,50.02306,10.34662
Gägelow,Mecklenburg-Vorpommern,53.7991,11.63766
Gänsberg,Bayern,47.94403,12.69994
Gärtringen,Baden-Württemberg,48.64166,8.90263
Gäufelden,Baden-Württemberg,48.55585,8.83753
Göbitz,Sachsen-Anhalt,51.01843,12.15186
Göcklingen,Rheinland-Pfalz,49.13709,8.10188
Göda,Sachsen,51.17798,14.32045
Gödenroth,Rheinland-Pfalz,50.10642,7.4625
Gödenstorf,Niedersachsen,53.20871,10.12842
Gödnitz,Sachsen-Anhalt,52.00334,12.22069
Göggenhofen,Bayern,51.16569,10.45153
Göggingen,Baden-Württemberg,48.86555,9.87936
Göhl,Schlewig-Holstein,54.31612,10.88063
Göhlen,Brandenburg,52.0884,14.6454
Göhlen,Mecklenburg-Vorpommern,53.33713,11.46798
Göhlsdorf,Brandenburg,52.36479,12.87007
Göhrde,Niedersachsen,53.12044,10.87603
Göhren,Mecklenburg-Vorpommern,53.64813,12.59702
Göhren,Thüringen,50.98289,12.48458
Göhren-Döhlen,Thüringen,50.69536,12.01062
Göhren-Lebbin,Mecklenburg-Vorpommern,53.44759,12.43199
Göldenitz,Mecklenburg-Vorpommern,53.93303,12.10239
Göldenitz,Schlewig-Holstein,53.72681,10.63734
Gölenkamp,Niedersachsen,52.49368,6.87831
Göllheim,Rheinland-Pfalz,49.59124,8.0359
Göllin,Mecklenburg-Vorpommern,53.86087,11.94391
Göllingen,Thüringen,51.35633,11.11089
Göllnitz,Brandenburg,51.59657,13.74282
Göllnitz,Thüringen,50.88529,12.31009
Gölsdorf,Brandenburg,51.95066,13.09874
Gömnigk,Brandenburg,52.20037,12.79268
Gönnebek,Schlewig-Holstein,54.04186,10.17554
Gönnersdorf,Rheinland-Pfalz,50.41554,6.93363
Gönnheim,Rheinland-Pfalz,49.45061,8.24963
Göpfersdorf,Thüringen,50.95966,12.58894
Göppingen,Baden-Württemberg,48.71059,9.66422
Görgeshausen,Rheinland-Pfalz,50.41991,7.93492
Görike,Brandenburg,52.98479,12.35979
Görisried,Bayern,47.70667,10.50915
Göritz,Brandenburg,52.55131,13.97409
Göritz,Sachsen-Anhalt,51.93811,12.43055
Görkwitz,Thüringen,50.59733,11.83993
Görlitz,Sachsen,51.14067,14.97097
Görlsdorf,Brandenburg,52.44809,13.86736
Görmin,Mecklenburg-Vorpommern,53.99776,13.1547
Görne,Brandenburg,52.72889,12.41213
Görnitz,Mecklenburg-Vorpommern,53.21121,11.41481
Görsbach,Thüringen,51.44697,10.87992
Görschen,Sachsen-Anhalt,51.10502,11.82778
Görsdorf,Brandenburg,52.08853,13.83024
Görslow,Mecklenburg-Vorpommern,53.61762,11.54248
Görwihl,Baden-Württemberg,47.64204,8.07559
Görzig,Brandenburg,52.15111,14.14896
Görzig,Sachsen,51.28346,13.67654
Görzig,Sachsen-Anhalt,51.71349,12.0183
Görzke,Brandenburg,52.17178,12.37473
Göschitz,Thüringen,50.59733,11.83993
Gösen,Thüringen,50.96627,11.89079
Gösenroth,Rheinland-Pfalz,49.8793,7.33671
Gösselborn,Thüringen,50.75397,11.11105
Gössenheim,Bayern,50.02023,9.78161
Gössitz,Thüringen,50.66201,11.56757
Göttin,Brandenburg,52.46992,12.99658
Göttin,Schlewig-Holstein,53.47932,10.61596
Göttingen,Niedersachsen,51.53743,9.94359
Göttnitz,Sachsen-Anhalt,51.63745,12.13243
Götz,Brandenburg,52.48522,12.5601
Gößlow,Mecklenburg-Vorpommern,53.30347,11.08369
Gößnitz,Thüringen,50.85694,12.42387
Gößweinstein,Bayern,49.76919,11.3384
Gübs,Sachsen-Anhalt,52.14738,11.76182
Güby,Schlewig-Holstein,54.48599,9.70994
Gückingen,Rheinland-Pfalz,50.3549,8.04866
Güglingen,Baden-Württemberg,49.07016,9.00039
Gühlen Glienicke,Brandenburg,52.90326,12.72486
Gülitz,Brandenburg,53.11688,11.92614
Güllesheim,Rheinland-Pfalz,50.58842,7.53101
Gülpe,Brandenburg,52.5979,12.52041
Gülstorf,Niedersachsen,53.25568,10.94552
Gültz,Mecklenburg-Vorpommern,53.76084,13.29507
Gülze,Mecklenburg-Vorpommern,53.25568,10.94552
Gülzow,Mecklenburg-Vorpommern,53.67611,12.51233
Gülzow,Schlewig-Holstein,53.43479,10.5472
Günserode,Thüringen,51.35633,11.11089
Günstedt,Thüringen,51.19545,11.0682
Günterberg,Brandenburg,53.04259,13.98426
Güntersberge,Sachsen-Anhalt,51.16569,10.45153
Güntersleben,Bayern,49.87826,9.9055
Günthersdorf,Sachsen-Anhalt,51.35911,12.08754
Günthersleben,Thüringen,50.8969,10.76719
Günzach,Bayern,47.85373,10.43809
Günzburg,Bayern,48.47078,10.27821
Günzerode,Thüringen,51.47117,10.74226
Güritz Försterei,Mecklenburg-Vorpommern,53.21121,11.41481
Güsen,Sachsen-Anhalt,52.3835,11.98413
Güssefeld,Sachsen-Anhalt,52.68707,11.4372
Güstebieser Loose,Brandenburg,52.79807,14.01577
Güsten,Sachsen-Anhalt,51.79753,11.61268
Güster,Schlewig-Holstein,53.47932,10.61596
Güstow,Brandenburg,53.3194,13.87248
Güstrow,Mecklenburg-Vorpommern,53.80006,12.21597
Gütenbach,Baden-Württemberg,48.04455,8.13901
Güterfelde,Brandenburg,52.36147,13.19002
Güterglück,Sachsen-Anhalt,52.00334,12.22069
Gütersloh,Nordrhein-Westfalen,51.9179,8.4036
Gützkow,Mecklenburg-Vorpommern,53.93365,13.42955
Haag,Bayern,48.829,11.87409
Haage,Brandenburg,52.73483,12.57911
Haagwiesen,Baden-Württemberg,48.65599,9.6701
Haale,Schlewig-Holstein,54.1304,9.55545
Haan,Nordrhein-Westfalen,51.2058,7.00425
Haar,Bayern,48.1138,11.73017
Haar,Niedersachsen,53.25568,10.94552
Haarbach,Bayern,48.50209,13.14861
Haarberg,Thüringen,50.9143,11.15061
Haaren,Brandenburg,52.94993,11.96002
Haasow,Brandenburg,51.7437,14.41743
Habach,Bayern,47.72849,11.27957
Habaching,Bayern,47.72849,11.27957
Habel,Schlewig-Holstein,54.63385,8.7167
Haberhof,Baden-Württemberg,49.20659,9.58024
Habichtswald,Hessen,51.32613,9.31064
Habighorst,Niedersachsen,52.70871,10.22741
Habscheid,Rheinland-Pfalz,50.13897,6.34764
Haby,Schlewig-Holstein,54.40276,9.74704
Hachelbich,Thüringen,51.36577,10.89943
Hachenburg,Rheinland-Pfalz,50.6571,7.80794
Hachtsee,Bayern,47.72849,11.27957
Hackenheim,Rheinland-Pfalz,49.79997,7.90035
Hackermoos,Bayern,48.24764,11.55444
Hackpfüffel,Sachsen-Anhalt,51.45058,11.23554
Hadamar,Hessen,50.45356,8.04167
Hademstorf,Niedersachsen,52.76277,9.58332
Hadenfeld,Schlewig-Holstein,54.04702,9.4811
Hadmersleben,Sachsen-Anhalt,51.99247,11.31928
Hafenlohr,Bayern,49.86823,9.60348
Haferungen,Thüringen,51.47117,10.74226
Haftelhof,Rheinland-Pfalz,49.08987,7.96204
Hage,Niedersachsen,53.61282,7.28932
Hagebök,Mecklenburg-Vorpommern,53.94583,11.58931
Hagelberg,Brandenburg,52.17817,12.6006
Hagelstadt,Bayern,48.89504,12.21793
Hagen,Niedersachsen,52.77598,8.31031
Hagen,Nordrhein-Westfalen,51.36489,7.48063
Hagen,Schlewig-Holstein,53.91034,9.84381
Hagenbach,Rheinland-Pfalz,49.01442,8.25291
Hagenberg,Bayern,48.02156,12.03508
Hagenburg,Niedersachsen,52.42574,9.32871
Hagenbüchach,Bayern,49.53282,10.76268
Hagenow,Mecklenburg-Vorpommern,53.40188,11.24957
Hagenow Heide,Mecklenburg-Vorpommern,53.40188,11.24957
Hagermarsch,Niedersachsen,53.61282,7.28932
Hagnau,Baden-Württemberg,47.67625,9.26538
Hahausen,Niedersachsen,51.98929,10.26786
Hahn,Rheinland-Pfalz,50.39756,7.65823
Hahn-Flughafen,Rheinland-Pfalz,49.93805,7.2676
Hahnbach,Bayern,49.52669,11.81852
Hahnenbach,Rheinland-Pfalz,49.78701,7.49201
Hahnenhorst,Mecklenburg-Vorpommern,53.43336,12.25348
Hahnenkrug,Schlewig-Holstein,54.47312,9.58091
Hahnenmühle,Baden-Württemberg,49.05374,10.23152
Hahnheim,Rheinland-Pfalz,49.83783,8.25653
Hahnstätten,Rheinland-Pfalz,50.28695,8.04655
Hahnweiler,Rheinland-Pfalz,49.61106,7.27337
Haibach,Bayern,49.49435,10.9585
Haida,Brandenburg,51.46332,13.5105
Haidemühl,Brandenburg,51.5838,14.37591
Haiden,Bayern,48.14406,12.30109
Haidmühle,Bayern,48.82552,13.77677
Haiger,Hessen,50.78647,8.20519
Haigerloch,Baden-Württemberg,48.37158,8.81149
Haimhausen,Bayern,48.30833,11.55295
Haiming,Bayern,48.25522,12.84465
Hain,Thüringen,50.67949,12.09402
Haina,Hessen,51.03397,8.97303
Haina,Thüringen,50.67293,10.60754
Hainau,Rheinland-Pfalz,50.19177,7.77045
Hainburg,Hessen,50.07098,8.94041
Hainewalde,Sachsen,50.89521,14.66399
Hainfeld,Rheinland-Pfalz,49.25011,8.0733
Hainhof,Rheinland-Pfalz,49.43751,7.26656
Hainichen,Sachsen,51.00704,13.12557
Hainichen,Thüringen,50.99595,11.622
Hainrode,Sachsen-Anhalt,51.45058,11.23554
Hainrode,Thüringen,51.47117,10.74226
Hainsfarth,Bayern,48.96041,10.63775
Hainspitz,Thüringen,50.96627,11.89079
Haiterbach,Baden-Württemberg,48.52397,8.64921
Hakeborn,Sachsen-Anhalt,51.98727,11.42751
Hakenberg,Brandenburg,52.76191,12.81194
Hakendorf,Mecklenburg-Vorpommern,53.5616,10.94705
Hakenhof,Schlewig-Holstein,54.38985,9.06735
Hakenstedt,Sachsen-Anhalt,52.22486,11.30453
Halbe,Brandenburg,52.10664,13.70189
Halbemond,Niedersachsen,53.61282,7.28932
Halbendorf,Sachsen,51.53308,14.66234
Halberstadt,Sachsen-Anhalt,51.89621,11.03839
Halbertshof,Baden-Württemberg,48.21211,10.07158
Halblech,Bayern,47.62566,10.85134
Halbs,Rheinland-Pfalz,50.56842,7.96195
Haldenhof,Baden-Württemberg,48.79721,9.60864
Haldensleben,Sachsen-Anhalt,52.29038,11.40587
Haldenwang,Bayern,48.10901,10.40423
Halen,Niedersachsen,52.82722,8.2015
Halenbeck,Brandenburg,53.31257,12.24274
Halfing,Bayern,47.9505,12.27623
Hallabruck,Bayern,51.16569,10.45153
Hallbergmoos,Bayern,48.30947,11.73911
Halle,Niedersachsen,52.24211,8.21998
Halle,Nordrhein-Westfalen,52.03598,8.31721
Halle,Sachsen-Anhalt,51.47723,11.95879
Hallenberg,Nordrhein-Westfalen,51.11265,8.61964
Hallerndorf,Bayern,49.75969,10.9797
Hallgarten,Rheinland-Pfalz,49.76001,7.78374
Hallschlag,Rheinland-Pfalz,50.35206,6.42082
Hallstadt,Bayern,49.9254,10.87393
Hallungen,Thüringen,51.07874,10.3351
Halmannsöd,Bayern,48.03278,12.30562
Hals,Baden-Württemberg,49.05368,9.51377
Halsbach,Bayern,48.12801,12.67594
Halsbrücke,Sachsen,50.95504,13.34768
Halsdorf,Rheinland-Pfalz,49.94518,6.39373
Halsenbach,Rheinland-Pfalz,50.15862,7.48796
Halstenbek,Schlewig-Holstein,53.62177,9.82222
Haltern am See,Nordrhein-Westfalen,51.78103,7.18479
Halver,Nordrhein-Westfalen,51.18036,7.49828
Halvesbostel,Niedersachsen,53.35561,9.60705
Hambach,Rheinland-Pfalz,50.37754,8.01323
Hamberge,Mecklenburg-Vorpommern,53.84653,11.18732
Hamberge,Schlewig-Holstein,53.87329,10.53354
Hambergen,Niedersachsen,53.3105,8.82622
Hambrücken,Baden-Württemberg,49.1865,8.54428
Hambuch,Rheinland-Pfalz,50.23911,7.19794
Hamburg,Hamburg,53.54788,10.01934
Hamburg-Insel Neuwerk,Hamburg,53.92041,8.50016
Hambühren,Niedersachsen,52.61787,9.94069
Hamdorf,Schlewig-Holstein,54.22561,9.51849
Hameln,Niedersachsen,52.1008,9.35324
Hamersen,Niedersachsen,53.29205,9.51779
Hamersleben,Sachsen-Anhalt,52.08624,11.11985
"Hamfelde, Kr Hzgt Lauenburg",Schlewig-Holstein,53.59911,10.44675
"Hamfelde, Kr Stormarn",Schlewig-Holstein,53.59911,10.44675
Hamm,Nordrhein-Westfalen,51.67443,7.81569
Hamm,Rheinland-Pfalz,50.16531,7.53318
Hamma,Thüringen,51.44697,10.87992
Hammah,Niedersachsen,53.6181,9.3659
Hammelburg,Bayern,50.11408,9.87424
Hammelspring,Brandenburg,53.18163,13.54788
Hammer,Baden-Württemberg,48.07368,8.92772
Hammer,Brandenburg,52.86777,13.42273
Hammer,Mecklenburg-Vorpommern,53.62231,14.01364
Hammerbirkenfeld,Rheinland-Pfalz,49.8124,7.25528
Hammerbrücke,Sachsen,50.43501,12.41476
Hammermühle,Rheinland-Pfalz,50.54064,7.84186
Hammersbach,Hessen,50.23578,8.99757
Hammersfeld,Thüringen,50.75397,11.11105
Hammerstedt,Thüringen,50.94415,11.42979
Hammerstein,Rheinland-Pfalz,50.49821,7.36949
Hamminkeln,Nordrhein-Westfalen,51.72881,6.63151
Hammoor,Schlewig-Holstein,53.72155,10.26084
Hamwarde,Schlewig-Holstein,53.44691,10.39905
Hamweddel,Schlewig-Holstein,54.17054,9.66336
Hanau,Hessen,50.12469,8.92133
Hanchesmühle,Hessen,50.35126,9.20546
Handeloh,Niedersachsen,53.25429,9.84649
Handewitt,Schlewig-Holstein,54.76857,9.32018
Handorf,Niedersachsen,53.34849,10.33876
Handrup,Niedersachsen,52.57215,7.50568
Hanerau-Hademarschen,Schlewig-Holstein,54.12177,9.40193
Hanffabrik,Brandenburg,52.63142,12.81202
Hangelsberg,Brandenburg,52.38647,14.19504
Hangen-Weisheim,Rheinland-Pfalz,49.7021,8.1389
Hanhofen,Rheinland-Pfalz,49.32092,8.34648
Hankensbüttel,Niedersachsen,52.72824,10.60375
Hann. Münden,Niedersachsen,51.42022,9.68568
Hannover,Niedersachsen,52.37813,9.75497
Hanroth,Rheinland-Pfalz,50.57485,7.62511
Hanshagen,Mecklenburg-Vorpommern,53.96433,12.3865
Hanstedt,Niedersachsen,53.15557,10.17556
Hanstorf,Mecklenburg-Vorpommern,53.91783,11.53908
Hanum,Sachsen-Anhalt,52.68405,11.01609
Happurg,Bayern,49.49372,11.47191
Harbach,Rheinland-Pfalz,50.85604,7.87881
Harbarnsen,Niedersachsen,51.98168,9.93856
Harbke,Sachsen-Anhalt,52.14756,11.22068
Harburg,Bayern,48.77825,10.68108
Hardebek,Schlewig-Holstein,53.99809,9.84534
Hardegsen,Niedersachsen,51.65269,9.82863
Hardert,Rheinland-Pfalz,50.51594,7.49875
Hardheim,Baden-Württemberg,49.60045,9.46901
Hardisleben,Thüringen,51.12231,11.41758
Hardt,Baden-Württemberg,48.17803,8.41762
Hardt,Bayern,49.0249,11.95465
Hardt,Rheinland-Pfalz,50.66661,8.01375
Hardthausen,Baden-Württemberg,49.24122,9.40295
Hardthof,Baden-Württemberg,48.91248,9.0658
Hardtmühle,Hessen,50.74771,9.27586
Haren,Niedersachsen,52.80431,7.23121
Harfenmühle,Rheinland-Pfalz,49.8124,7.25528
Hargarten,Rheinland-Pfalz,50.08513,6.38539
Hargesheim,Rheinland-Pfalz,49.86385,7.73176
Harkensee,Mecklenburg-Vorpommern,53.9075,10.97564
Harkerode,Sachsen-Anhalt,51.63498,11.31101
Harmsdorf,Schlewig-Holstein,53.95251,10.88449
Harmshagen,Mecklenburg-Vorpommern,53.84653,11.18732
Harmstorf,Niedersachsen,53.3483,9.98686
Harnekop,Brandenburg,52.70157,14.09171
Harpstedt,Niedersachsen,52.90915,8.58705
Harra,Thüringen,50.41323,11.69093
Harras,Thüringen,50.42322,10.90786
Harrasmühle,Thüringen,50.73505,11.72756
Harraß,Bayern,51.16569,10.45153
Harres,Bayern,48.48673,11.50191
Harrislee,Schlewig-Holstein,54.80082,9.38618
Harschbach,Rheinland-Pfalz,50.54499,7.59857
Harschbacherfeld,Rheinland-Pfalz,50.55079,7.9309
Harscheid,Rheinland-Pfalz,50.42268,6.90756
Harsdorf,Bayern,50.02778,11.56901
Harsefeld,Niedersachsen,53.45911,9.47201
Harsewinkel,Nordrhein-Westfalen,51.97152,8.17248
Harsleben,Sachsen-Anhalt,51.86951,11.09832
Harspelt,Rheinland-Pfalz,50.14833,6.17141
Harst,Mecklenburg-Vorpommern,53.50693,11.07801
Harsum,Niedersachsen,52.20451,9.99412
Hartenfels,Rheinland-Pfalz,50.553,7.80532
Hartenholm,Schlewig-Holstein,53.8965,10.07501
Hartensdorf,Brandenburg,52.21586,14.00835
Hartenstein,Bayern,49.60125,11.49192
Hartenstein,Sachsen,50.66195,12.67137
Hartha,Sachsen,51.09635,12.97257
Harthausen,Rheinland-Pfalz,49.29425,8.34616
Hartheim,Baden-Württemberg,47.9369,7.6209
Harthhaus,Thüringen,51.09493,10.62322
Harthof,Bayern,48.89103,11.2037
Hartmannsdorf,Brandenburg,52.34235,13.87464
Hartmannsdorf,Sachsen,50.73641,12.6706
Hartmannsdorf,Thüringen,50.94663,11.99715
Hartmannsdorf-Reichenau,Sachsen,50.83028,13.55704
Hartmannsgrün,Sachsen,50.53712,12.31343
Harxheim,Rheinland-Pfalz,49.90208,8.29508
Harzgerode,Sachsen-Anhalt,51.64225,11.12517
Harzungen,Thüringen,51.56962,10.87934
Hasbergen,Niedersachsen,52.23824,7.96688
Hasborn,Rheinland-Pfalz,50.07866,6.77218
Haschaberg,Bayern,49.37832,12.70581
Haschbach,Rheinland-Pfalz,49.56984,7.35799
Hasel,Baden-Württemberg,47.65456,7.89626
Haselau,Schlewig-Holstein,53.63366,9.60483
Haselbach,Bayern,48.99683,12.68187
Haselbach,Thüringen,50.72975,11.77562
Haselbach-Söldhaus,Baden-Württemberg,48.85548,9.70002
Haseldell,Rheinland-Pfalz,49.4321,7.36022
Haseldorf,Schlewig-Holstein,53.63366,9.60483
Haselhof,Baden-Württemberg,48.79721,9.60864
Haseloff,Brandenburg,52.07082,12.69015
Haselund,Schlewig-Holstein,54.59695,9.17598
Haselünne,Niedersachsen,52.66014,7.47354
Hasenfelde,Brandenburg,52.38647,14.19504
Hasenkrug,Schlewig-Holstein,53.99809,9.84534
Hasenmoor,Schlewig-Holstein,53.87721,9.9833
Hasenmühle,Hessen,50.24099,8.2573
Hasenmühle,Rheinland-Pfalz,50.19177,7.77045
Hasenthal,Thüringen,50.44146,11.19634
Hasenwinkel,Brandenburg,53.13447,12.18056
Hasenwinkel,Mecklenburg-Vorpommern,53.79131,11.64686
Haserich,Rheinland-Pfalz,50.08943,7.2844
Haslach,Baden-Württemberg,48.28288,8.1099
Hasloch,Bayern,49.79107,9.4913
Hasloh,Schlewig-Holstein,53.68532,9.91334
Hassel,Niedersachsen,52.77924,9.22168
Hassel,Sachsen-Anhalt,52.7276,11.95016
Hasselbach,Rheinland-Pfalz,50.39416,7.4891
Hasselberg,Schlewig-Holstein,54.67463,9.94003
Hasselfelde,Sachsen-Anhalt,51.6918,10.85503
Hasselroth,Hessen,50.16091,9.09056
Hassendorf,Niedersachsen,53.09871,9.21515
Haste,Niedersachsen,52.36432,9.35816
Hastorf,Mecklenburg-Vorpommern,53.98913,11.89085
Hastrungsfeld-Burla,Thüringen,50.9421,10.3893
Hathenow,Brandenburg,52.55133,14.55333
Hatten,Niedersachsen,53.0349,8.32164
Hattengehau,Thüringen,51.0525,10.24825
Hattenhofen,Baden-Württemberg,48.66915,9.56501
Hattenhofen,Bayern,48.22685,11.10524
Hattersbüllhallig,Schlewig-Holstein,54.87299,8.89749
Hattersheim,Hessen,50.05358,8.48485
Hattert,Rheinland-Pfalz,50.66528,7.76381
Hattgenstein,Rheinland-Pfalz,49.70508,7.16398
Hatthal,Bayern,48.03278,12.30562
Hattingen,Nordrhein-Westfalen,51.39423,7.1784
Hattorf,Niedersachsen,51.65061,10.2365
Hattstedt,Schlewig-Holstein,54.52729,9.02118
Hattstedtermarsch,Schlewig-Holstein,54.52729,9.02118
Hatzenbühl,Rheinland-Pfalz,49.11669,8.24467
Hatzenport,Rheinland-Pfalz,50.24828,7.44801
Hatzfeld,Hessen,50.99432,8.54516
Hatzl,Bayern,51.16569,10.45153
Haubitz,Sachsen,51.21877,12.75372
Hauenstein,Rheinland-Pfalz,49.18538,7.84464
Haufeld,Thüringen,50.73282,11.32871
Hauheck,Schlewig-Holstein,54.67463,9.94003
Haundorf,Bayern,49.15471,10.79868
Hauneck,Hessen,50.82033,9.73319
Haunetal,Hessen,50.7683,9.69389
Haunsheim,Bayern,48.59905,10.37607
Hauptstuhl,Rheinland-Pfalz,49.38948,7.61506
Hauroth,Rheinland-Pfalz,50.23911,7.19794
Hausach,Baden-Württemberg,48.28316,8.17321
Hausbay,Rheinland-Pfalz,50.11304,7.57863
Hausdorf,Sachsen,51.04474,12.79055
Hausen,Baden-Württemberg,48.04054,8.76078
Hausen,Bayern,49.76697,10.48396
Hausen,Rheinland-Pfalz,50.17308,7.3991
Hausen,Thüringen,51.38661,10.32291
Hausham,Bayern,47.75797,11.82434
Hausneindorf,Sachsen-Anhalt,51.87194,11.29165
Haussömmern,Thüringen,51.16137,10.81909
Hausten,Rheinland-Pfalz,50.39439,7.17277
Hausweiler,Rheinland-Pfalz,49.65219,7.59042
Hauteroda,Thüringen,51.30077,11.21773
Hauzenberg,Bayern,48.65461,13.64832
Havekost,Schlewig-Holstein,53.55673,10.51734
Havelberg,Sachsen-Anhalt,52.83068,12.16724
Haverlah,Niedersachsen,52.05305,10.32834
Havetoft,Schlewig-Holstein,54.65861,9.52183
Havetoftloit,Schlewig-Holstein,54.65861,9.53491
Havixbeck,Nordrhein-Westfalen,51.96709,7.43879
Hawangen,Bayern,47.97026,10.26521
Hayingen,Baden-Württemberg,48.27563,9.47505
Hayn,Sachsen-Anhalt,51.46302,11.06951
Hayn,Thüringen,50.96935,11.15475
Haynrode,Thüringen,51.45727,10.36357
Haynsburg,Sachsen-Anhalt,51.01843,12.15186
Haßbergen,Niedersachsen,52.72904,9.23343
Haßfurt,Bayern,50.04684,10.51653
Haßleben,Thüringen,51.04516,10.95031
Haßloch,Rheinland-Pfalz,49.34456,8.26672
Haßmersheim,Baden-Württemberg,49.30097,9.14536
Haßmoor,Schlewig-Holstein,54.31419,9.72272
Hebertsfelden,Bayern,48.43607,12.81622
Hebertshausen,Bayern,48.29078,11.47291
Hechendorf,Thüringen,51.28863,11.37115
Hechingen,Baden-Württemberg,48.35817,8.98394
Hechthausen,Niedersachsen,53.64098,9.23754
Heckelberg,Brandenburg,52.79807,14.01577
Hecken,Rheinland-Pfalz,49.94321,7.40837
Heckenbach,Rheinland-Pfalz,50.48252,6.98645
Heckenhof,Rheinland-Pfalz,50.45586,7.34912
Heckenmünster,Rheinland-Pfalz,49.95221,6.81812
Heckhuscheid,Rheinland-Pfalz,50.13772,6.21658
Hecklingen,Sachsen-Anhalt,51.84723,11.53484
Heddert,Rheinland-Pfalz,49.6347,6.78629
Heddesbach,Baden-Württemberg,49.4632,8.87234
Heddesheim,Baden-Württemberg,49.51902,8.60984
Hedeper,Niedersachsen,52.06568,10.68107
Hedersleben,Sachsen-Anhalt,51.71197,11.45155
Hedwigenkoog,Schlewig-Holstein,54.16454,8.84074
Heede,Niedersachsen,52.95914,7.34285
Heede,Schlewig-Holstein,53.80626,9.77566
Heeg,Rheinland-Pfalz,50.56516,7.3806
Heek,Nordrhein-Westfalen,52.12046,7.10487
Heemsen,Niedersachsen,52.70549,9.2527
Heere,Niedersachsen,52.06021,10.23752
Heeren,Sachsen-Anhalt,52.56094,11.94126
Heerhof,Baden-Württemberg,48.85036,10.33899
Heerstedt,Niedersachsen,53.43477,8.79697
Heeslingen,Niedersachsen,53.26798,9.27257
Heeßen,Niedersachsen,52.24133,9.10203
Hefersweiler,Rheinland-Pfalz,49.61068,7.67519
Hegebuchenbusch,Schlewig-Holstein,53.91034,9.84381
Hegerhof,Rheinland-Pfalz,50.51412,7.46685
Hehlen,Niedersachsen,51.95522,9.51824
Hehm,Schlewig-Holstein,54.3446,9.08258
Heichelheim,Thüringen,51.07341,11.29717
Heide,Mecklenburg-Vorpommern,53.40359,10.76152
Heide,Schlewig-Holstein,54.18978,9.09115
Heidebrink,Mecklenburg-Vorpommern,54.2384,13.10249
Heideck,Bayern,49.12499,11.10908
Heidehof,Rheinland-Pfalz,49.85188,7.44552
Heidehäuser,Sachsen,51.38906,13.41402
Heidekamp,Schlewig-Holstein,53.83343,10.4873
Heidekrug,Mecklenburg-Vorpommern,53.40359,10.76152
Heideland,Thüringen,50.96331,11.98367
Heidelberg,Baden-Württemberg,49.4019,8.68577
Heidelberg,Brandenburg,53.13447,12.18056
Heideloh,Sachsen-Anhalt,51.63745,12.13243
Heidelsburg,Rheinland-Pfalz,49.28885,7.67025
Heiden,Nordrhein-Westfalen,51.82656,6.93481
Heidenau,Niedersachsen,53.31381,9.65629
Heidenau,Sachsen,50.95333,13.85478
Heidenburg,Rheinland-Pfalz,49.76052,6.9528
Heidenheim,Baden-Württemberg,48.68493,10.15795
Heidenheim,Bayern,48.99693,10.73805
Heidenrod,Hessen,50.21279,7.99639
Heidersbacher Mühle,Baden-Württemberg,49.39517,9.21629
Heidersdorf,Sachsen,50.65884,13.33813
Heidesheim,Rheinland-Pfalz,49.99461,8.11315
Heidgraben,Schlewig-Holstein,53.68339,9.67107
Heidhof,Mecklenburg-Vorpommern,53.23371,11.17997
Heidkaten,Schlewig-Holstein,53.44691,10.39905
Heidkrug,Schlewig-Holstein,54.31419,9.72272
Heidmoor,Schlewig-Holstein,53.87259,9.88369
Heidmühlen,Schlewig-Holstein,54.00208,10.06088
Heidweiler,Rheinland-Pfalz,49.95221,6.81812
Heigenbrücken,Bayern,50.02787,9.37527
Heikendorf,Schlewig-Holstein,54.37938,10.21129
Heilbach,Rheinland-Pfalz,49.99551,6.23244
Heilbad Heiligenstadt,Thüringen,51.38965,10.16816
Heilberscheid,Rheinland-Pfalz,50.41991,7.93492
Heilbronn,Baden-Württemberg,49.14038,9.20178
Heilenbach,Rheinland-Pfalz,49.99789,6.49627
Heiligenberg,Baden-Württemberg,47.85063,9.32272
Heiligenbruck,Baden-Württemberg,48.88261,9.81495
Heiligenfelde,Sachsen-Anhalt,52.78907,11.72233
Heiligengrabe,Brandenburg,53.12115,12.51526
Heiligenhafen,Schlewig-Holstein,54.36855,10.97269
Heiligenhagen,Mecklenburg-Vorpommern,53.98913,11.89085
Heiligenhaus,Nordrhein-Westfalen,51.32377,6.96728
Heiligenkreuz,Sachsen-Anhalt,51.10502,11.82778
Heiligenmoschel,Rheinland-Pfalz,49.54901,7.7543
Heiligenroth,Rheinland-Pfalz,50.41991,7.93492
Heiligenstadt,Bayern,49.86451,11.16922
Heiligenstedten,Schlewig-Holstein,53.9367,9.5192
Heiligenstedtenerkamp,Schlewig-Holstein,53.9367,9.5192
Heiligenthal,Sachsen-Anhalt,51.63335,11.62495
Heiligkreuzsteinach,Baden-Württemberg,49.49555,8.78476
Heilingen,Thüringen,50.73282,11.32871
Heilsberg,Thüringen,50.73282,11.32871
Heilsbronn,Bayern,49.34006,10.78961
Heilshoop,Schlewig-Holstein,53.87329,10.53354
Heimatshofen,Bayern,51.16569,10.45153
Heimbach,Nordrhein-Westfalen,50.63437,6.45831
Heimbach,Rheinland-Pfalz,49.61281,7.25131
Heimborn,Rheinland-Pfalz,50.69809,7.81941
Heimbuch,Niedersachsen,53.13696,9.81898
Heimbuchenthal,Bayern,49.88248,9.29346
Heimburg,Sachsen-Anhalt,51.78685,10.95099
Heimenkirch,Bayern,47.62937,9.90364
Heimertingen,Bayern,48.04427,10.15571
Heimgarten,Bayern,47.86624,11.56911
Heimsheim,Baden-Württemberg,48.8109,8.8731
Heimweiler,Rheinland-Pfalz,49.78701,7.49201
Heinade,Niedersachsen,51.85165,9.61033
Heinbockel,Niedersachsen,53.5899,9.25208
Heinersbrück,Brandenburg,51.85744,14.41276
Heinersdorf,Brandenburg,52.3776,13.75578
Heinersdorf,Thüringen,50.36968,11.18142
Heinersreuth,Bayern,49.97271,11.50708
Heiningen,Baden-Württemberg,48.66055,9.64656
Heiningen,Niedersachsen,52.06714,10.57869
Heinkenborstel,Schlewig-Holstein,54.10997,9.68736
Heinrichsberg,Sachsen-Anhalt,52.27958,11.62463
Heinrichsdorf,Bayern,47.94403,12.69994
Heinrichsdorf,Brandenburg,53.11224,12.90053
Heinrichsegen,Hessen,50.61891,8.35638
Heinrichshof,Rheinland-Pfalz,50.35051,7.72275
Heinrichsruh,Mecklenburg-Vorpommern,53.6605,13.8872
Heinrichsthal,Bayern,50.07368,9.33168
Heinrichswalde,Mecklenburg-Vorpommern,53.6605,13.8872
Heinsberg,Nordrhein-Westfalen,51.04119,6.1041
Heinsdorf,Brandenburg,51.95066,13.09874
Heinsdorfergrund,Sachsen,50.62036,12.3218
Heinsen,Niedersachsen,51.87201,9.42572
Heinzenbach,Rheinland-Pfalz,49.93805,7.2676
Heinzenberg,Rheinland-Pfalz,49.78701,7.49201
Heinzenberger-Gesellschaftsmühle,Rheinland-Pfalz,49.78701,7.49201
Heinzenhausen,Rheinland-Pfalz,49.65219,7.59042
Heisdorf,Rheinland-Pfalz,50.15848,6.45936
Heist,Schlewig-Holstein,53.65419,9.65909
Heistenbach,Rheinland-Pfalz,50.3549,8.04866
Heitersheim,Baden-Württemberg,47.87325,7.65754
Heißkistler,Bayern,51.16569,10.45153
Helbigsdorf,Sachsen,50.76124,13.41921
Helbigsdorf-Blankenstein,Sachsen,51.0503,13.53621
Helbra,Sachsen-Anhalt,51.55473,11.48762
Heldenmühle,Baden-Württemberg,49.14113,10.04932
Heldenstein,Bayern,48.24451,12.35196
Heldrungen,Thüringen,51.30077,11.21773
Helfendorf,Bayern,51.16569,10.45153
Helferskirchen,Rheinland-Pfalz,50.553,7.80532
Helgoland,Schlewig-Holstein,54.18307,7.88639
Hellbornerhof,Rheinland-Pfalz,49.31719,7.52115
Hellburg,Brandenburg,53.11688,11.92614
Helle,Brandenburg,53.13447,12.18056
Hellenhahn-Schellenberg,Rheinland-Pfalz,50.57669,8.04837
Hellenthal,Nordrhein-Westfalen,50.43947,6.43446
Hellertshausen,Rheinland-Pfalz,49.8124,7.25528
Hellingen,Thüringen,50.2795,10.72455
Hellmannsberg,Bayern,47.94403,12.69994
Hellschen-Heringsand-Unterschaar,Schlewig-Holstein,54.20311,8.91386
Hellwege,Niedersachsen,53.09871,9.21515
Helmbrechts,Bayern,50.24726,11.6774
Helmenzen,Rheinland-Pfalz,50.7273,7.6948
Helmeroth,Rheinland-Pfalz,50.7273,7.6948
Helmershausen,Thüringen,50.53061,10.35396
Helmsdorf,Thüringen,51.32506,10.29995
Helmsgrün,Sachsen,50.55798,12.17181
Helmsgrün,Thüringen,50.44155,11.61814
Helmstadt,Bayern,49.76071,9.70728
Helmstadt-Bargen,Baden-Württemberg,49.315,9.00102
Helmstedt,Niedersachsen,52.24301,11.00172
Helmstorf,Schlewig-Holstein,54.30053,10.56164
Helpsen,Niedersachsen,52.30293,9.11534
Helpt,Mecklenburg-Vorpommern,53.5353,13.59334
Helsa,Hessen,51.25714,9.6863
Helse,Schlewig-Holstein,53.95633,8.98282
Heltersberg,Rheinland-Pfalz,49.31253,7.71441
Helvesiek,Niedersachsen,53.20986,9.59277
Hemau,Bayern,49.04038,11.75011
Hemdingen,Schlewig-Holstein,53.77298,9.84693
Hemer,Nordrhein-Westfalen,51.37349,7.76697
Hemhofen,Bayern,49.69206,10.93315
Hemleben,Thüringen,51.30077,11.21773
Hemme,Schlewig-Holstein,54.32758,9.01596
Hemmelzen,Rheinland-Pfalz,50.7273,7.6948
Hemmersheim,Bayern,49.5853,10.12947
Hemmingen,Baden-Württemberg,48.86496,9.02482
Hemmingen,Niedersachsen,52.29643,9.73083
Hemmingstedt,Schlewig-Holstein,54.14724,9.07217
Hemmoor,Niedersachsen,53.68233,9.13078
Hemsbach,Baden-Württemberg,49.59204,8.64816
Hemsbünde,Niedersachsen,53.06664,9.48352
Hemslingen,Niedersachsen,53.06664,9.48352
Hemsloh,Niedersachsen,52.59262,8.47289
Hemstedt,Sachsen-Anhalt,52.53867,11.40509
Henau,Rheinland-Pfalz,49.89576,7.48037
Hendungen,Bayern,50.40031,10.29181
Henfenfeld,Bayern,49.50028,11.39229
Henfstädt,Thüringen,50.50626,10.62202
Hengelbach,Thüringen,50.64584,11.25088
Hengersberg,Bayern,48.77351,13.0513
Hengstbacherhof,Rheinland-Pfalz,49.74161,7.86568
Henkensägmühle,Baden-Württemberg,49.03002,10.09823
Henne,Sachsen-Anhalt,51.10502,11.82778
Henneberg,Thüringen,50.53061,10.35396
Hennef,Nordrhein-Westfalen,50.76354,7.29461
Hennersdorf,Brandenburg,51.64717,13.49567
Hennickendorf,Brandenburg,52.48192,13.84924
Hennigsdorf,Brandenburg,52.64221,13.20298
Henningen,Sachsen-Anhalt,52.78368,10.87672
Hennstedt,Schlewig-Holstein,54.16267,9.43803
Hennweiler,Rheinland-Pfalz,49.82608,7.44464
Henschleben,Thüringen,51.15737,10.9741
Henschtal,Rheinland-Pfalz,49.477,7.34546
Henstedt-Ulzburg,Schlewig-Holstein,53.78418,10.04081
Hentern,Rheinland-Pfalz,49.60112,6.68743
Henzendorf,Brandenburg,52.0884,14.6454
Hepberg,Bayern,48.82272,11.46118
Heppenheim,Hessen,49.64302,8.66754
Hepstedt,Niedersachsen,53.2239,9.07729
Herbelsmühle,Rheinland-Pfalz,50.30837,7.80944
Herbersdorf,Brandenburg,51.95066,13.09874
Herbertingen,Baden-Württemberg,48.06044,9.44276
Herbolzheim,Baden-Württemberg,48.21832,7.81379
Herborn,Hessen,50.68591,8.29606
Herborn,Rheinland-Pfalz,49.8124,7.25528
Herbrechtingen,Baden-Württemberg,48.6214,10.17687
Herbsleben,Thüringen,51.16137,10.81909
Herbstadt,Bayern,50.32537,10.42912
Herbstein,Hessen,50.56162,9.34772
Herbstmühle,Rheinland-Pfalz,49.99551,6.23244
Herchweiler,Rheinland-Pfalz,49.56984,7.35799
Herdecke,Nordrhein-Westfalen,51.41669,7.42725
Herdorf,Rheinland-Pfalz,50.77303,7.9471
Herdwangen-Schönach,Baden-Württemberg,47.86389,9.17283
Heretsried,Bayern,48.45677,10.66024
Herfingerhof,Rheinland-Pfalz,49.59387,7.99801
Herford,Nordrhein-Westfalen,52.1097,8.65098
Herforst,Rheinland-Pfalz,49.94066,6.66275
Hergatz,Bayern,47.62693,9.83291
Hergenfeld,Rheinland-Pfalz,49.89159,7.84458
Hergenroth,Rheinland-Pfalz,50.56842,7.96195
Hergensweiler,Bayern,47.58568,9.72472
Hergersweiler,Rheinland-Pfalz,49.06854,8.1352
Hergisdorf,Sachsen-Anhalt,51.53417,11.48229
Hergolding,Bayern,48.14251,11.78796
Heringen,Hessen,50.89435,9.99839
Heringen,Thüringen,51.44697,10.87992
Heringsdorf,Schlewig-Holstein,54.28556,11.03295
Herl,Rheinland-Pfalz,49.71485,6.79303
Herlasgrün,Sachsen,50.55798,12.17181
Herleshausen,Hessen,51.00606,10.16488
Hermannsburg,Niedersachsen,52.80845,10.11353
Hermannsfeld,Thüringen,50.53061,10.35396
Hermannshagen Dorf,Mecklenburg-Vorpommern,54.31077,12.49967
Hermannshagen Hof,Mecklenburg-Vorpommern,54.31077,12.49967
Hermannshof,Brandenburg,52.98856,11.7934
Hermaringen,Baden-Württemberg,48.59823,10.26619
Hermerode,Sachsen-Anhalt,51.63498,11.31101
Hermersberg,Rheinland-Pfalz,49.33675,7.60754
Hermersdorf/Obersdorf,Brandenburg,52.51119,14.13387
Hermeskeil,Rheinland-Pfalz,49.65667,6.94885
Hermsdorf,Brandenburg,51.79683,13.84067
Hermsdorf,Sachsen,50.76454,13.626
Hermsdorf,Sachsen-Anhalt,52.27958,11.62463
Hermsdorf,Thüringen,50.89461,11.85948
Hermsdorf-Seyde,Sachsen,50.76454,13.626
Hermsgrün,Sachsen,50.34531,12.24269
Hermshof,Brandenburg,52.96478,12.02786
Hermstedt,Thüringen,51.01108,11.50044
Herne,Nordrhein-Westfalen,51.53693,7.20063
Herold,Rheinland-Pfalz,50.26865,7.97579
Heroldishausen,Thüringen,51.15222,10.57443
Heroldsbach,Bayern,49.69082,11.00481
Heroldsberg,Bayern,49.54441,11.12694
Heroldstatt,Baden-Württemberg,48.44649,9.66861
Herpf,Thüringen,50.53061,10.35396
Herreden,Thüringen,51.47117,10.74226
Herren Steinfeld,Mecklenburg-Vorpommern,53.67241,11.28531
Herren-Sulzbach,Rheinland-Pfalz,49.65219,7.59042
Herrenberg,Baden-Württemberg,48.58793,8.87933
Herrenbranden,Schlewig-Holstein,53.87329,10.53354
Herrenchiemsee,Bayern,47.85732,12.39459
Herrengosserstedt,Sachsen-Anhalt,51.12419,11.53323
Herrenhof,Niedersachsen,53.25568,10.94552
Herrenhof,Thüringen,50.83189,10.66358
Herrenhölzer,Brandenburg,52.36809,12.33949
Herresbach,Rheinland-Pfalz,50.36912,7.15165
Herrgottsau,Rheinland-Pfalz,50.78504,7.6908
Herrieden,Bayern,49.23521,10.49501
Herrischried,Baden-Württemberg,47.67369,7.98578
Herrmannsacker,Thüringen,51.56962,10.87934
Herrnburg,Mecklenburg-Vorpommern,53.83187,10.87156
Herrngiersdorf,Bayern,48.78181,12.07402
Herrnhut,Sachsen,51.02755,14.75427
Herrnschwende,Thüringen,51.19545,11.0682
Herrsching,Bayern,48.00889,11.17569
Herrstein,Rheinland-Pfalz,49.78115,7.34309
Hersbruck,Bayern,49.50906,11.43349
Herschbach,Rheinland-Pfalz,50.58249,7.75405
Herschberg,Rheinland-Pfalz,49.33675,7.60754
Herschbroich,Rheinland-Pfalz,50.38252,6.93157
Herschdorf,Thüringen,50.64893,11.32385
Herscheid,Nordrhein-Westfalen,51.1855,7.74154
Herschweiler-Pettersheim,Rheinland-Pfalz,49.477,7.34546
Hersdorf,Rheinland-Pfalz,50.13897,6.34764
Hertefeld,Brandenburg,52.68767,13.08675
Herten,Nordrhein-Westfalen,51.59651,7.12701
Herxheim,Rheinland-Pfalz,49.14475,8.20823
Herxheim am Berg,Rheinland-Pfalz,49.51237,8.15079
Herxheimweyher,Rheinland-Pfalz,49.14475,8.20823
Herzberg,Brandenburg,52.30119,13.40773
Herzberg,Mecklenburg-Vorpommern,53.5239,11.79548
Herzberg,Niedersachsen,51.62015,10.32479
Herzebrock-Clarholz,Nordrhein-Westfalen,51.89373,8.21889
Herzfeld,Mecklenburg-Vorpommern,53.40765,11.72243
Herzfeld,Rheinland-Pfalz,50.13772,6.21658
Herzfelde,Brandenburg,52.83177,13.69856
Herzhorn,Schlewig-Holstein,53.78843,9.48865
Herzlake,Niedersachsen,52.682,7.60253
Herzogenaurach,Bayern,49.57824,10.8819
Herzogenrath,Nordrhein-Westfalen,50.88402,6.10866
Herzogstand,Bayern,47.59139,11.31124
Herzsprung,Brandenburg,53.08187,13.24976
Hesel,Niedersachsen,53.30572,7.59382
Hespe,Niedersachsen,52.33039,9.10624
Hessen,Sachsen-Anhalt,51.978,10.73566
Hessenburg,Mecklenburg-Vorpommern,54.31077,12.49967
Hesseneck,Hessen,49.5714,9.06392
Hessenhütte,Rheinland-Pfalz,49.6827,8.04919
Hessenmühle,Bayern,49.84446,9.57192
Hesserode,Thüringen,51.47117,10.74226
Hessigheim,Baden-Württemberg,48.99465,9.18275
Hessisch Lichtenau,Hessen,51.2033,9.74961
Hessisch Oldendorf,Niedersachsen,52.14838,9.24216
Hesweiler,Rheinland-Pfalz,50.03236,7.28014
Heteborn,Sachsen-Anhalt,51.87194,11.29165
Hetlingen,Schlewig-Holstein,53.60827,9.63416
Hetlinger Neuerkoog,Schlewig-Holstein,53.65419,9.65909
Hetschburg,Thüringen,50.89675,11.26789
Hettenhausen,Rheinland-Pfalz,49.33675,7.60754
Hettenleidelheim,Rheinland-Pfalz,49.5372,8.07695
Hettenrodt,Rheinland-Pfalz,49.8124,7.25528
Hettenshausen,Bayern,48.55695,11.4957
Hettingen,Baden-Württemberg,48.19359,9.28467
Hettstadt,Bayern,49.80359,9.81202
Hettstedt,Sachsen-Anhalt,51.66227,11.46802
Hetzdorf,Thüringen,50.93901,11.75028
Hetzenhausen,Bayern,48.34749,11.64318
Hetzerath,Rheinland-Pfalz,49.8866,6.79586
Hetzles,Bayern,49.6152,11.14153
Heubach,Baden-Württemberg,48.78342,9.9482
Heubelsburg,Bayern,48.37516,10.27572
Heuberg,Rheinland-Pfalz,50.717,7.53308
Heubergerhof,Rheinland-Pfalz,49.66696,7.98012
Heubisch,Thüringen,50.31548,11.20149
Heuchelheim,Hessen,50.58392,8.62054
Heuchelheim,Rheinland-Pfalz,49.56121,8.31984
Heuchelheim-Klingen,Rheinland-Pfalz,49.13709,8.10188
Heuchlingen,Baden-Württemberg,48.84911,9.95189
Heuckewalde,Sachsen-Anhalt,51.01843,12.15186
Heudeber,Sachsen-Anhalt,51.84375,10.79931
Heuersdorf,Sachsen,51.1234,12.43507
Heuerßen,Niedersachsen,52.32866,9.2786
Heukewalde,Thüringen,50.88529,12.31009
Heunenhof,Rheinland-Pfalz,50.36912,7.15165
Heupelzen,Rheinland-Pfalz,50.7273,7.6948
Heusenstamm,Hessen,50.04962,8.81412
Heustreu,Bayern,50.35421,10.25788
Heusweiler,Saarland,49.3499,6.94868
Heuthen,Thüringen,51.38965,10.16816
Heuweiler,Baden-Württemberg,48.04239,7.86696
Heuwinkl,Bayern,48.15092,12.33083
Heuzert,Rheinland-Pfalz,50.6571,7.80794
Heyda,Thüringen,50.69989,10.90656
Heyen,Niedersachsen,51.95522,9.51824
Heyerhof,Rheinland-Pfalz,49.62142,8.04454
Heyerode,Thüringen,51.16117,10.23912
Heyersdorf,Thüringen,50.88529,12.31009
Heygendorf,Thüringen,51.36678,11.29191
Heynitz,Sachsen,51.07993,13.32311
Heßberg,Thüringen,50.40422,10.70779
Heßdorf,Bayern,49.65472,10.89132
Heßheim,Rheinland-Pfalz,49.54228,8.29275
Heßles,Thüringen,50.76247,10.32943
Hiddenhausen,Nordrhein-Westfalen,52.16241,8.63692
Hierankl,Bayern,51.16569,10.45153
Hilbersdorf,Sachsen,50.89821,13.43621
Hilbersdorf,Thüringen,50.86449,12.18073
Hilchenbach,Nordrhein-Westfalen,50.99176,8.11744
Hildburghausen,Thüringen,50.40422,10.70779
Hildebrandshausen,Thüringen,51.25626,10.35915
Hilden,Nordrhein-Westfalen,51.16687,6.93757
Hilders,Hessen,50.53196,9.98216
Hildesheim,Niedersachsen,52.14552,9.95032
Hildrizhausen,Baden-Württemberg,48.62546,8.97005
Hilgendorf,Mecklenburg-Vorpommern,53.84653,11.18732
Hilgenrain,Bayern,51.16569,10.45153
Hilgenroth,Rheinland-Pfalz,50.7273,7.6948
Hilgermissen,Niedersachsen,52.83383,9.14074
Hilgert,Rheinland-Pfalz,50.45592,7.68903
Hilgertshausen-Tandern,Bayern,48.42697,11.35493
Hilkenbrook,Niedersachsen,52.99275,7.63299
Hille,Nordrhein-Westfalen,52.31214,8.78343
Hillerse,Niedersachsen,52.41286,10.40354
Hillersleben,Sachsen-Anhalt,52.22486,11.30453
Hillesheim,Rheinland-Pfalz,50.03674,7.45922
Hillgroven,Schlewig-Holstein,54.20311,8.91386
Hillmersdorf,Brandenburg,51.74171,13.42121
Hillscheid,Rheinland-Pfalz,50.40876,7.706
Hilmersdorf,Sachsen,50.65586,13.07033
Hilpischmühle,Rheinland-Pfalz,50.61956,7.97654
Hilpoltstein,Bayern,49.17398,11.23644
Hilscheid,Rheinland-Pfalz,49.76052,6.9528
Hilst,Rheinland-Pfalz,49.1291,7.54499
Hiltenfingen,Bayern,48.16084,10.71816
Hilter,Niedersachsen,52.17494,8.16292
Hiltpoltstein,Bayern,49.65934,11.32351
Hilzingen,Baden-Württemberg,47.76551,8.77797
Himbergen,Niedersachsen,53.09507,10.7306
Himmelgarten,Thüringen,51.47117,10.74226
Himmelkron,Bayern,50.05868,11.60701
Himmelpfort,Brandenburg,53.18071,13.14428
Himmelpforten,Niedersachsen,53.61646,9.3104
Himmelsberg,Thüringen,51.28627,10.73382
Himmelstadt,Bayern,49.91954,9.78554
Himmelweiler,Baden-Württemberg,48.48446,9.89465
Himmighofen,Rheinland-Pfalz,50.19177,7.77045
Hindelang,Bayern,47.47049,10.38567
Hindenberg,Brandenburg,52.41179,13.44495
Hindenberg,Mecklenburg-Vorpommern,53.67731,11.11736
Hindenburg,Sachsen-Anhalt,52.7276,11.95016
Hingstheide,Schlewig-Holstein,53.93066,9.75057
Hinrichshagen,Mecklenburg-Vorpommern,53.8503,12.9431
Hinsdorf,Sachsen-Anhalt,51.77197,12.07353
Hinte,Niedersachsen,53.42196,7.20977
Hinterbirkenhof,Baden-Württemberg,48.97662,9.28034
Hinterbug,Bayern,50.14502,11.68999
Hinterdeich,Niedersachsen,53.52754,9.70557
Hinterer Hessenhof,Baden-Württemberg,48.40174,9.80133
Hinterhagen,Mecklenburg-Vorpommern,53.25568,10.94552
Hinterhermsdorf,Sachsen,50.97307,14.27302
Hinterholz,Bayern,51.16569,10.45153
Hinterholzmühle,Bayern,48.03278,12.30562
Hinterleiten,Bayern,47.83296,12.74977
Hinterloh,Bayern,47.83296,12.74977
Hinternah,Thüringen,50.53675,10.74503
Hinterschmiding,Bayern,48.82329,13.60131
Hintersee,Mecklenburg-Vorpommern,53.71537,14.15981
Hinterste Wache,Schlewig-Holstein,54.1684,10.43229
Hintertiefenbach,Rheinland-Pfalz,49.71426,7.34479
Hinterweidenthal,Rheinland-Pfalz,49.19421,7.75684
Hinterweiler,Rheinland-Pfalz,50.13325,6.7214
Hinterzarten,Baden-Württemberg,47.90554,8.10577
Hinterziegelhalden,Baden-Württemberg,49.09686,9.67783
Hinzdorf,Brandenburg,52.98856,11.7934
Hinzenburg,Rheinland-Pfalz,49.67873,6.74208
Hinzert-Pölert,Rheinland-Pfalz,49.67551,6.87467
Hinzweiler,Rheinland-Pfalz,49.58247,7.55884
Hippelsbach,Hessen,49.77007,8.8909
Hipstedt,Niedersachsen,53.49807,9.11349
Hirrlingen,Baden-Württemberg,48.41069,8.8881
Hirschaid,Bayern,49.81168,10.98011
Hirschau,Bayern,48.70861,12.32365
Hirschbach,Bayern,49.5665,11.58059
Hirschbach,Thüringen,50.53675,10.74503
Hirschberg,Baden-Württemberg,49.5085,8.6557
Hirschberg,Rheinland-Pfalz,50.3549,8.04866
Hirschberg,Thüringen,50.40594,11.81854
Hirschendorf,Thüringen,50.44714,10.94914
Hirschfeld,Brandenburg,51.40396,13.57316
Hirschfeld,Rheinland-Pfalz,49.93805,7.2676
Hirschfeld,Sachsen,50.83103,12.90864
Hirschfeld,Thüringen,50.91442,12.13504
Hirschfelde,Brandenburg,52.62056,13.67405
Hirschfelde,Sachsen,50.94361,14.88479
Hirschhof,Rheinland-Pfalz,49.24198,7.37344
Hirschhorn,Hessen,49.4632,8.87234
Hirschhorn,Rheinland-Pfalz,49.52145,7.67776
Hirschhöf,Bayern,49.37832,12.70581
Hirschroda,Sachsen-Anhalt,51.21757,11.65896
Hirschstein,Sachsen,51.26068,13.23232
Hirschthal,Rheinland-Pfalz,49.09014,7.67303
Hirten,Rheinland-Pfalz,50.36912,7.15165
Hirtscheid,Rheinland-Pfalz,50.6249,7.89838
Hirz-Maulsbach,Rheinland-Pfalz,50.717,7.53308
Hirzbach,Thüringen,50.58139,11.47863
Hirzenhain,Hessen,50.39033,9.13505
Hirzlei,Rheinland-Pfalz,49.91683,7.06457
Hisel,Rheinland-Pfalz,49.94518,6.39373
Hitscherhof,Rheinland-Pfalz,49.24198,7.37344
Hittbergen,Niedersachsen,53.34762,10.5953
Hitzacker,Niedersachsen,53.14797,11.04364
Hitzhofen,Bayern,48.88087,11.30675
Hitzhusen,Schlewig-Holstein,53.91034,9.84381
Hobbersdorf,Schlewig-Holstein,53.98416,10.70836
Hobeck,Sachsen-Anhalt,52.10347,12.08581
Hochborn,Rheinland-Pfalz,49.7021,8.1389
Hochbuch,Bayern,48.22261,10.17885
Hochdonn,Schlewig-Holstein,54.00258,9.23948
Hochdorf,Baden-Württemberg,48.36159,9.62935
Hochdorf-Assenheim,Rheinland-Pfalz,49.41009,8.27957
Hochfellnhaus,Bayern,47.80698,12.5901
Hochgernhaus,Bayern,47.75847,12.4621
Hochhalden,Baden-Württemberg,48.16345,8.64682
Hochheim,Hessen,50.02155,8.35679
Hochheim,Thüringen,50.8969,10.76719
Hochhorn,Bayern,47.83296,12.74977
Hochkirch,Sachsen,51.14858,14.56955
Hochreit,Bayern,47.96918,12.56712
Hochscheid,Rheinland-Pfalz,49.89124,7.07324
Hochspeyer,Rheinland-Pfalz,49.4437,7.89566
Hochstadt,Bayern,50.13658,11.16434
Hochstadt,Rheinland-Pfalz,49.22817,8.18145
Hochstatter Hof,Baden-Württemberg,48.78905,10.3427
Hochstedt,Thüringen,51.13662,11.01725
Hochstetten-Dhaun,Rheinland-Pfalz,49.78701,7.49201
Hochstraß,Bayern,48.14406,12.30109
Hochstätten,Rheinland-Pfalz,49.78745,7.83201
Hochwald,Baden-Württemberg,48.20225,8.59008
Hockenheim,Baden-Württemberg,49.32618,8.51868
Hockweiler,Rheinland-Pfalz,49.67873,6.74208
Hodenhagen,Niedersachsen,52.76277,9.58332
Hodorf,Schlewig-Holstein,53.87501,9.46728
"Hoecker, Haus",Rheinland-Pfalz,49.16228,7.95873
Hof,Bayern,50.31191,11.90328
Hof,Rheinland-Pfalz,50.66661,8.01375
Hof,Sachsen,51.34915,13.11114
Hof Eckeberg,Hessen,50.19183,9.05265
Hof Grabow,Mecklenburg-Vorpommern,53.5239,11.79548
Hof Gutow,Mecklenburg-Vorpommern,53.95172,11.12204
Hof Mondschirm,Hessen,51.35924,9.46153
Hof Mummendorf,Mecklenburg-Vorpommern,53.84653,11.18732
Hof Redentin,Mecklenburg-Vorpommern,53.94583,11.58931
Hof Reppenhagen,Mecklenburg-Vorpommern,53.95172,11.12204
Hof Selmsdorf,Mecklenburg-Vorpommern,53.83187,10.87156
Hof Wahrsow,Mecklenburg-Vorpommern,53.83187,10.87156
Hofbieber,Hessen,50.58726,9.83776
Hoffeld,Rheinland-Pfalz,50.34786,6.85686
Hoffeld,Schlewig-Holstein,54.159,10.02726
Hoffnungstal,Schlewig-Holstein,54.57949,9.6396
Hofgeismar,Hessen,51.49964,9.36247
Hofheim,Bayern,48.91022,10.8662
Hofheim,Hessen,50.09515,8.41172
Hofkirchen,Bayern,48.67711,13.12078
Hofreuth,Bayern,51.16569,10.45153
Hofstetten,Baden-Württemberg,48.28288,8.1099
Hofstetten,Bayern,48.00742,10.97289
Hofstätt,Bayern,48.03278,12.30562
Hofswald,Rheinland-Pfalz,50.13897,6.34764
Hofzumfelde,Mecklenburg-Vorpommern,53.95172,11.12204
Hoggen,Bayern,47.94403,12.69994
Hohberg,Baden-Württemberg,48.42036,7.9007
Hohburg,Sachsen,51.38083,12.82912
Hoheging,Niedersachsen,52.82722,8.2015
Hohen Luckow,Mecklenburg-Vorpommern,53.98913,11.89085
Hohen Neuendorf,Brandenburg,52.66215,13.26695
Hohen Niendorf,Mecklenburg-Vorpommern,54.10838,11.67445
Hohen Pritz,Mecklenburg-Vorpommern,53.69223,11.86932
Hohen Schönberg,Mecklenburg-Vorpommern,53.95172,11.12204
Hohen Sprenz,Mecklenburg-Vorpommern,53.90807,12.34444
Hohen Viecheln,Mecklenburg-Vorpommern,53.79058,11.4282
Hohen Wangelin,Mecklenburg-Vorpommern,53.58217,12.50996
Hohen-Demzin,Mecklenburg-Vorpommern,53.75001,12.58823
Hohen-Sülzen,Rheinland-Pfalz,49.61897,8.22474
Hohenahlsdorf,Brandenburg,51.95066,13.09874
Hohenahr,Hessen,50.67319,8.52534
Hohenaltheim,Bayern,48.78426,10.53463
Hohenaspe,Schlewig-Holstein,53.98885,9.5278
Hohenau,Bayern,48.8498,13.48897
Hohenberg,Bayern,50.10702,12.17326
Hohenberg-Krusemark,Sachsen-Anhalt,52.7276,11.95016
Hohenbergen,Thüringen,51.24493,10.65966
Hohenbocka,Brandenburg,51.45661,13.86426
Hohenbollentin,Mecklenburg-Vorpommern,53.83658,13.01175
Hohenbruch,Brandenburg,52.74392,13.36149
Hohenbrunn,Bayern,48.0481,11.70205
Hohenbrück-Neu Schadow,Brandenburg,51.99014,13.77779
Hohenbrünzow,Mecklenburg-Vorpommern,53.83658,13.01175
Hohenbucko,Brandenburg,51.74171,13.42121
Hohenburg,Bayern,49.31836,11.84017
Hohendodeleben,Sachsen-Anhalt,52.13518,11.50131
Hohendorf,Mecklenburg-Vorpommern,53.98213,13.77864
Hohendorf,Thüringen,50.93901,11.75028
Hohendubrau,Sachsen,51.28469,14.70593
Hohenebra,Thüringen,51.28627,10.73382
Hohenentringen,Baden-Württemberg,48.52266,9.00471
Hohenerxleben,Sachsen-Anhalt,51.89816,11.63385
Hohenester,Bayern,47.98775,12.55582
Hohenfelde,Brandenburg,53.21125,14.20947
Hohenfelde,Mecklenburg-Vorpommern,53.89585,11.8727
Hohenfelde,Schlewig-Holstein,53.924,10.15467
Hohenfelden,Thüringen,50.84122,11.18859
Hohenfels,Baden-Württemberg,47.88776,9.10966
Hohenfels,Bayern,49.22295,11.86813
Hohenfels-Essingen,Rheinland-Pfalz,50.13325,6.7214
Hohenferchesar,Brandenburg,52.50645,12.46318
Hohenfinow,Brandenburg,52.92156,14.07997
Hohenfurch,Bayern,47.85705,10.88272
Hohengandern,Thüringen,51.36287,10.07218
Hohengöhren,Sachsen-Anhalt,52.58293,12.03886
Hohengörsdorf,Brandenburg,51.95066,13.09874
Hohengüstow,Brandenburg,53.3194,13.87248
Hohenhameln,Niedersachsen,52.26214,10.07314
Hohenhenningen,Sachsen-Anhalt,52.62603,11.17187
Hohenhorn,Schlewig-Holstein,53.47591,10.36777
Hohenkammer,Bayern,48.424,11.52365
Hohenkirchen,Thüringen,50.83189,10.66358
Hohenleimbach,Rheinland-Pfalz,50.43079,7.1172
Hohenleipisch,Brandenburg,51.49818,13.55961
Hohenlepte,Sachsen-Anhalt,52.00334,12.22069
Hohenleuben,Thüringen,50.71091,12.05318
Hohenlinden,Bayern,48.15738,11.99661
Hohenlobbese,Brandenburg,52.17178,12.37473
Hohenlockstedt,Schlewig-Holstein,53.99365,9.63046
Hohenlohe,Baden-Württemberg,48.85036,10.33899
Hohenmocker,Mecklenburg-Vorpommern,53.83658,13.01175
Hohenmölsen,Sachsen-Anhalt,51.15637,12.09987
Hohennauen,Brandenburg,52.5979,12.52041
Hohenofen,Brandenburg,52.8583,12.43437
Hohenpeißenberg,Bayern,47.80535,11.00465
Hohenpolding,Bayern,48.39493,12.12928
Hohenreinkendorf,Brandenburg,53.2369,14.37414
Hohenroda,Hessen,50.80809,9.92315
Hohenroth,Bayern,50.35421,10.25788
Hohensaaten,Brandenburg,52.92156,14.07997
Hohenschäftlarn,Bayern,47.99029,11.45743
Hohenseeden,Sachsen-Anhalt,52.37445,12.17608
Hohenseefeld,Brandenburg,51.95066,13.09874
Hohenselchow,Brandenburg,53.21125,14.20947
Hohenspringe,Brandenburg,52.17817,12.6006
Hohenstadt,Baden-Württemberg,48.54436,9.66359
Hohenstein,Baden-Württemberg,48.34804,9.36108
Hohenstein,Brandenburg,52.62518,13.91087
Hohenstein,Hessen,50.20023,8.10047
Hohenstein,Thüringen,51.55161,10.61365
Hohenstein-Ernstthal,Sachsen,50.8347,12.67893
Hohentengen,Baden-Württemberg,47.80688,8.89921
Hohenthann,Bayern,48.65672,12.10117
Hohenthurm,Sachsen-Anhalt,51.53243,12.11555
Hohentramm,Sachsen-Anhalt,52.68405,11.01609
Hohenunkel,Rheinland-Pfalz,50.60269,7.25255
Hohenvier,Brandenburg,53.11688,11.92614
Hohenwarsleben,Sachsen-Anhalt,52.27958,11.62463
Hohenwart,Bayern,48.59008,11.38466
Hohenwarte,Thüringen,50.58139,11.47863
Hohenwarth,Bayern,49.20277,12.93565
Hohenwarthe,Sachsen-Anhalt,52.14254,11.95492
Hohenweiden,Sachsen-Anhalt,51.45646,11.81881
Hohenwerbig,Brandenburg,52.07082,12.69015
Hohenwestedt,Schlewig-Holstein,54.10997,9.68736
Hohenwinkel,Brandenburg,52.5979,12.52041
Hohenwulsch,Sachsen-Anhalt,52.78907,11.72233
Hohenwutzen,Brandenburg,52.79807,14.01577
Hohenziatz,Sachsen-Anhalt,52.14254,11.95492
Hohenzieritz,Mecklenburg-Vorpommern,53.35873,13.24523
Hohenöd,Bayern,48.03278,12.30562
Hohenöllen,Rheinland-Pfalz,49.6671,7.61116
Hohenölsen,Thüringen,50.77886,12.01822
Hohes Kreuz,Thüringen,50.8101,10.96409
Hohestein,Rheinland-Pfalz,49.97307,7.15563
Hohlstedt,Thüringen,50.94415,11.42979
Hohn,Schlewig-Holstein,54.29882,9.50302
Hohndorf,Sachsen,50.74544,12.67425
Hohndorf,Sachsen-Anhalt,51.18797,11.53109
Hohndorf,Thüringen,50.60956,12.17024
Hohne,Niedersachsen,52.58793,10.37651
Hohnhorst,Niedersachsen,52.36432,9.35816
Hohnstein,Sachsen,50.98894,14.15591
Hohnstorf,Niedersachsen,53.34762,10.5953
Hohwacht,Schlewig-Holstein,54.30053,10.56164
Hohwald,Sachsen,51.03555,14.226
Hoikendorf,Mecklenburg-Vorpommern,53.84653,11.18732
Hoisdorf,Schlewig-Holstein,53.65619,10.31972
Holdenstedt,Sachsen-Anhalt,51.45058,11.23554
Holdorf,Mecklenburg-Vorpommern,53.74476,11.36971
Holdorf,Niedersachsen,52.58538,8.12447
Holenberg,Niedersachsen,51.91266,9.58178
Hollbrunn,Brandenburg,51.98339,14.29955
Holldorf,Mecklenburg-Vorpommern,53.49616,13.31651
Holle,Niedersachsen,52.08614,10.12426
Holleben,Sachsen-Anhalt,51.45646,11.81881
Hollen,Niedersachsen,53.43477,8.79697
Hollenbach,Bayern,48.48341,11.06186
Hollenbach,Thüringen,51.25626,10.35915
Hollenbek,Schlewig-Holstein,53.62052,10.8185
Hollenstedt,Niedersachsen,53.37202,9.73968
Holler,Rheinland-Pfalz,50.41991,7.93492
Hollerdeich,Niedersachsen,53.78444,9.22523
Hollermühle,Rheinland-Pfalz,50.19177,7.77045
Hollern-Twielenfleth,Niedersachsen,53.59207,9.55062
Hollertal,Rheinland-Pfalz,49.28885,7.67025
Hollfeld,Bayern,49.93134,11.29617
Hollingstedt,Schlewig-Holstein,54.38107,9.29106
Hollmühle,Schlewig-Holstein,54.63823,9.63865
Hollnich,Rheinland-Pfalz,50.07132,7.44511
Hollnseth,Niedersachsen,53.63018,9.09834
Hollstadt,Bayern,50.35421,10.25788
Holm,Schlewig-Holstein,54.24747,9.29212
Holste,Niedersachsen,53.3105,8.82622
Holstenniendorf,Schlewig-Holstein,54.05511,9.3408
Holsthum,Rheinland-Pfalz,49.8721,6.41906
Holt,Schlewig-Holstein,54.8114,9.19547
Holtgast,Niedersachsen,53.64487,7.60792
Holthusen,Mecklenburg-Vorpommern,53.5345,11.35112
Holtland,Niedersachsen,53.30572,7.59382
Holtsee,Schlewig-Holstein,54.39892,9.86151
Holungen,Thüringen,51.5255,10.43203
Holzappel,Rheinland-Pfalz,50.28074,7.83452
Holzbach,Rheinland-Pfalz,49.98951,7.54625
Holzbunge,Schlewig-Holstein,54.40276,9.74704
Holzdorf,Sachsen-Anhalt,51.16569,10.45153
Holzdorf,Schlewig-Holstein,54.56023,9.90391
Holzen,Niedersachsen,51.92971,9.63804
Holzendorf,Brandenburg,53.3194,13.87248
Holzendorf,Mecklenburg-Vorpommern,53.71009,11.68974
Holzendorf b Sternberg,Mecklenburg-Vorpommern,53.69223,11.86932
Holzengel,Thüringen,51.23446,10.93052
Holzerath,Rheinland-Pfalz,49.67873,6.74208
Holzgerlingen,Baden-Württemberg,48.64277,9.01765
Holzgünz,Bayern,48.02475,10.25828
Holzhausen,Brandenburg,52.8583,12.43437
Holzhausen,Rheinland-Pfalz,50.19177,7.77045
Holzhausen,Sachsen,51.0778,12.9057
Holzhausen,Sachsen-Anhalt,52.66141,11.55543
Holzhauser Eck,Bayern,48.22124,12.7452
Holzheim,Bayern,48.66077,10.8935
Holzheim,Rheinland-Pfalz,50.3549,8.04866
Holzkirch,Baden-Württemberg,48.52035,10.00427
Holzkirchen,Bayern,48.8337,10.70795
Holzkoppel,Schlewig-Holstein,54.7442,9.90331
Holzländerhof,Brandenburg,53.13447,12.18056
Holzmaden,Baden-Württemberg,48.63482,9.51748
Holzminden,Niedersachsen,51.78475,9.51619
Holzmühl,Bayern,51.16569,10.45153
Holzmühle,Bayern,49.45028,11.10839
Holzreit,Bayern,47.98775,12.55582
Holzsußra,Thüringen,51.28627,10.73382
Holzthaleben,Thüringen,51.28627,10.73382
Holzweißig,Sachsen-Anhalt,51.60133,12.30711
Holzwickede,Nordrhein-Westfalen,51.48774,7.63593
Homberg,Hessen,50.87875,9.2113
Homberg,Rheinland-Pfalz,50.12189,7.82976
Homburg,Saarland,49.32535,7.3448
Hommerdingen,Rheinland-Pfalz,49.90874,6.31392
Honerath,Rheinland-Pfalz,50.38252,6.93157
Honigsee,Schlewig-Holstein,54.22409,10.29885
Hontheim,Rheinland-Pfalz,50.02296,7.01439
Hooge,Schlewig-Holstein,54.56544,8.55364
Hoogstede,Niedersachsen,52.5785,6.94675
Hoort,Mecklenburg-Vorpommern,53.40188,11.24957
Hopferau,Bayern,47.61013,10.64726
Hopfgarten,Bayern,48.17294,12.31377
Hopfgarten,Sachsen,50.89565,12.85606
Hopfgarten,Thüringen,50.9603,11.25562
Hoppegarten b Müncheberg,Brandenburg,52.62518,13.91087
Hoppenrade,Brandenburg,52.88295,12.49629
Hoppenrade,Mecklenburg-Vorpommern,53.73651,11.89548
Hoppenwalde,Mecklenburg-Vorpommern,53.71537,14.15981
Hoppstädten,Rheinland-Pfalz,49.6671,7.61116
Hoppstädten-Weiersbach,Rheinland-Pfalz,49.61478,7.18855
Hopsten,Nordrhein-Westfalen,52.4026,7.64089
Horath,Rheinland-Pfalz,49.82177,7.10443
Horb,Baden-Württemberg,48.45444,8.64815
Horbach,Rheinland-Pfalz,49.86547,7.68066
Horben,Baden-Württemberg,47.9358,7.85815
Horbruch,Rheinland-Pfalz,49.93805,7.2676
Horburg-Maßlau,Sachsen-Anhalt,51.35911,12.08754
Hordorf,Sachsen-Anhalt,52.01819,11.21961
Horgau,Bayern,48.39552,10.68335
Horgenzell,Baden-Württemberg,47.81715,9.48716
Horhausen,Rheinland-Pfalz,50.43458,7.68276
Horka,Sachsen,51.23279,14.89521
Horla,Sachsen-Anhalt,51.45058,11.23554
Hormersdorf,Sachsen,50.66917,12.88573
Horn,Baden-Württemberg,48.84943,9.87661
Horn,Bayern,47.94403,12.69994
Horn,Rheinland-Pfalz,49.98951,7.54625
Horn-Bad Meinberg,Nordrhein-Westfalen,51.86043,8.96305
Hornbach,Rheinland-Pfalz,49.18651,7.36522
Hornbek,Schlewig-Holstein,53.47932,10.61596
Hornberg,Baden-Württemberg,48.20985,8.23186
Hornberger Reute,Baden-Württemberg,48.97589,9.59822
Hornburg,Niedersachsen,52.02221,10.54003
Hornburg,Sachsen-Anhalt,51.552,11.61145
Horneburg,Niedersachsen,53.50899,9.57798
Horner Mühle,Baden-Württemberg,48.84943,9.87661
Hornhausen,Sachsen-Anhalt,52.01819,11.21961
Horno,Brandenburg,51.94751,14.56902
Hornow,Brandenburg,51.5838,14.37591
Hornschänke,Sachsen,50.94429,13.75869
Hornstorf,Mecklenburg-Vorpommern,53.94583,11.58931
Hornsömmern,Thüringen,51.16137,10.81909
Horperath,Rheinland-Pfalz,50.18685,7.00246
Horrweiler,Rheinland-Pfalz,49.89623,7.92603
Horschbach,Rheinland-Pfalz,49.5803,7.51359
Horschhof,Baden-Württemberg,49.26235,10.06634
Horsmar,Thüringen,51.25626,10.35915
Horst,Brandenburg,53.12567,12.05335
Horst,Mecklenburg-Vorpommern,53.86263,11.9476
Horst,Schlewig-Holstein,53.71573,10.2184
Horstdorf,Sachsen-Anhalt,51.79802,12.40465
Horstedt,Niedersachsen,53.09871,9.21515
Horstedt,Schlewig-Holstein,54.52126,9.08114
Horstfelde,Brandenburg,52.22567,13.43068
Horstmar,Nordrhein-Westfalen,52.10299,7.31015
Horstwalde,Brandenburg,52.03348,13.50421
Horterhof,Rheinland-Pfalz,49.54901,7.7543
Hosena,Brandenburg,51.45506,14.02566
Hosenfeld,Hessen,50.50516,9.47919
Hosten,Rheinland-Pfalz,49.90619,6.63557
Hottelstedt,Thüringen,51.07341,11.29717
Hottenbach,Rheinland-Pfalz,49.8124,7.25528
Hottendorf,Sachsen-Anhalt,52.53867,11.40509
Hottenmühle,Rheinland-Pfalz,49.78701,7.49201
Hoya,Niedersachsen,52.83383,9.14074
Hoyerhagen,Niedersachsen,52.83383,9.14074
Hoyershausen,Niedersachsen,52.02808,9.73649
Hoyerswerda,Sachsen,51.42496,14.18617
Hoym,Sachsen-Anhalt,51.78418,11.31407
Hoßkirch,Baden-Württemberg,47.94402,9.46055
Hub,Bayern,48.03278,12.30562
Huberhof,Rheinland-Pfalz,49.24535,7.55723
Hude,Niedersachsen,53.1197,8.34751
Hude,Schlewig-Holstein,54.40229,9.19377
Huderfähre,Schlewig-Holstein,54.40229,9.19377
Hufschlag,Bayern,51.16569,10.45153
Hugelitz,Bayern,47.61509,9.71398
Huglfing,Bayern,47.76858,11.1259
Hugoldsdorf,Mecklenburg-Vorpommern,54.09133,12.76019
Huisheim,Bayern,48.8252,10.70407
Huje,Schlewig-Holstein,53.97691,9.43482
Hummelfeld,Schlewig-Holstein,54.48599,9.70994
Hummelshain,Thüringen,50.80012,11.58376
Hummelshalden,Baden-Württemberg,48.75278,9.83332
Hummeltal,Bayern,49.89493,11.50617
Humptrup,Schlewig-Holstein,54.87299,8.89749
Hundebusch,Schlewig-Holstein,53.69823,10.77178
Hundeluft,Sachsen-Anhalt,51.92402,12.25986
Hunderdorf,Bayern,48.95611,12.72537
Hundertmorgen,Hessen,49.77007,8.8909
Hundeshagen,Thüringen,51.45727,10.36357
Hundhaupten,Thüringen,50.81461,12.03238
Hundheim,Rheinland-Pfalz,50.07132,7.44511
Hunding,Bayern,48.84216,13.17659
Hundisburg,Sachsen-Anhalt,52.22486,11.30453
Hundsangen,Rheinland-Pfalz,50.48113,7.94372
Hundsbach,Rheinland-Pfalz,49.72611,7.55908
Hundsdorf,Rheinland-Pfalz,50.47003,7.7229
Hundsrück,Bayern,49.82192,9.25511
Hundsweihersägemühle,Rheinland-Pfalz,49.28885,7.67025
Hungen,Hessen,50.48314,8.91829
Hungenroth,Rheinland-Pfalz,50.15582,7.55578
Hunzel,Rheinland-Pfalz,50.20139,7.85813
Hunzen,Niedersachsen,51.99054,9.56164
Hupperath,Rheinland-Pfalz,49.95221,6.81812
Hurlach,Bayern,48.1189,10.8136
Hurt,Bayern,47.94545,12.60182
Hurtingöd,Bayern,49.92355,12.13522
Husby,Schlewig-Holstein,54.74961,9.56203
Husum,Niedersachsen,52.56431,9.25064
Husum,Schlewig-Holstein,54.45665,9.05933
Hutthurm,Bayern,48.67181,13.47173
Huy-Neinstedt,Sachsen-Anhalt,52.00893,10.86441
Hye,Schlewig-Holstein,54.64155,9.80308
Hädchenshof,Mecklenburg-Vorpommern,53.79058,11.4282
Häg-Ehrsberg,Baden-Württemberg,47.73701,7.93067
Hägen,Schlewig-Holstein,54.29485,9.15713
Hähnen,Rheinland-Pfalz,50.58728,7.36018
Hähnichen,Sachsen,51.23279,14.89521
Hämelhausen,Niedersachsen,52.77924,9.22168
Hämerten,Sachsen-Anhalt,52.56094,11.94126
Hänichen,Sachsen,50.99023,13.72441
Härtlingen,Rheinland-Pfalz,50.55079,7.9309
Häsen,Brandenburg,53.05639,13.10828
Häusern,Baden-Württemberg,47.76421,8.1089
Häuslarn,Bayern,49.37832,12.70581
Häuslingen,Niedersachsen,52.78509,9.37894
Häven,Mecklenburg-Vorpommern,53.71009,11.68974
Höchberg,Bayern,49.78467,9.88135
Höchenschwand,Baden-Württemberg,47.7202,8.16948
Höchheim,Bayern,50.32537,10.42912
Höchst,Hessen,49.78873,8.98252
Höchstadt,Bayern,49.72756,10.83115
Höchstberg,Rheinland-Pfalz,50.25494,7.01082
Höchstenbach,Rheinland-Pfalz,50.69809,7.81941
Höchstädt,Bayern,49.35189,11.33848
Höckendorf,Sachsen,50.87291,13.52634
Hödeshof,Rheinland-Pfalz,49.95588,7.1
Hödingen,Sachsen-Anhalt,52.32959,11.11053
Höfen,Baden-Württemberg,48.8033,8.58392
Höfer,Niedersachsen,52.67713,10.25641
Höfgen,Brandenburg,51.95066,13.09874
Höfgen,Sachsen,51.20212,13.27839
Högel,Schlewig-Holstein,54.64331,9.0601
Högersdorf,Schlewig-Holstein,53.92727,10.29327
Högsdorf,Schlewig-Holstein,54.25914,10.65445
Höhbeck,Niedersachsen,53.06198,11.43588
Höheinöd,Rheinland-Pfalz,49.24535,7.55723
Höheischweiler,Rheinland-Pfalz,49.24535,7.55723
Höhenberg,Bayern,47.98775,12.55582
Höhenkirchen-Siegertsbrunn,Bayern,48.02599,11.75284
Höhenstein,Bayern,49.07639,12.70426
Höhfröschen,Rheinland-Pfalz,49.24535,7.55723
Höhjunk,Rheinland-Pfalz,49.85309,6.5694
Höhn,Rheinland-Pfalz,50.61956,7.97654
Höhndorf,Schlewig-Holstein,54.39513,10.36466
Höhnstedt,Sachsen-Anhalt,51.45646,11.81881
Höhr-Grenzhausen,Rheinland-Pfalz,50.44196,7.67571
Höllenmühle,Rheinland-Pfalz,49.01611,8.15813
Höllhammer,Bayern,49.86468,9.32539
Höllhof,Baden-Württemberg,48.93395,9.74358
Höllriegelskreuth,Bayern,48.05745,11.51914
Höllthal,Bayern,48.06706,12.40716
Höltinghausen,Niedersachsen,52.82722,8.2015
Höltingsdorf,Mecklenburg-Vorpommern,53.8647,11.68699
Hölzl,Bayern,47.94545,12.60182
Hömberg,Rheinland-Pfalz,50.28074,7.83452
Hönningen,Rheinland-Pfalz,50.48252,6.98645
Hönow,Brandenburg,52.50241,13.66124
Höpfingen,Baden-Württemberg,49.56255,9.42978
Hörbering,Bayern,47.83296,12.74977
Hörden,Niedersachsen,51.62015,10.32479
Hördt,Rheinland-Pfalz,49.16636,8.32698
Hörgertshausen,Bayern,48.55904,11.87089
Höringen,Rheinland-Pfalz,49.55589,7.79611
Hörlitz,Brandenburg,51.50503,13.96933
Hörningen,Thüringen,51.47117,10.74226
Hörnum,Schlewig-Holstein,54.76926,8.28636
Hörscheid,Rheinland-Pfalz,50.17706,6.88055
Hörschhausen,Rheinland-Pfalz,50.17706,6.88055
Hörselgau,Thüringen,50.93185,10.56086
Hörsingen,Sachsen-Anhalt,52.32959,11.11053
Hörstel,Nordrhein-Westfalen,52.2992,7.58444
Hörsten,Schlewig-Holstein,54.20397,9.54518
Hörup,Schlewig-Holstein,54.7584,9.18419
Hörzing,Bayern,47.94545,12.60182
Hösbach,Bayern,50.03386,9.21483
Höslwang,Bayern,47.95482,12.32845
Hötensleben,Sachsen-Anhalt,52.08624,11.11985
Höttingen,Bayern,49.06172,11.00297
Hövede,Schlewig-Holstein,54.21905,9.28347
Hövelhof,Nordrhein-Westfalen,51.83947,8.67601
Hövels,Rheinland-Pfalz,50.77426,7.77423
Höwisch,Sachsen-Anhalt,52.88777,11.75233
Höxter,Nordrhein-Westfalen,51.79809,9.35103
Hübelhof,Rheinland-Pfalz,49.18651,7.36522
Hübingen,Rheinland-Pfalz,50.41991,7.93492
Hübitz,Sachsen-Anhalt,51.58307,11.49236
Hüblingen,Rheinland-Pfalz,50.57669,8.04837
Hückelhoven,Nordrhein-Westfalen,51.04543,6.22225
Hückeswagen,Nordrhein-Westfalen,51.14904,7.32939
Hüde,Niedersachsen,52.4618,8.37615
Hüffelsheim,Rheinland-Pfalz,49.86385,7.73176
Hüffenhardt,Baden-Württemberg,49.29051,9.08174
Hüffler,Rheinland-Pfalz,49.477,7.34546
Hüfingen,Baden-Württemberg,47.92335,8.48868
Hügelsheim,Baden-Württemberg,48.79736,8.11168
Hühnerkirche,Hessen,50.24099,8.2573
Hülben,Baden-Württemberg,48.52286,9.40972
Hüll,Bayern,48.11567,11.26402
Hüllhorst,Nordrhein-Westfalen,52.267,8.6698
Hülsebeck,Brandenburg,51.16569,10.45153
Hülseburg,Mecklenburg-Vorpommern,53.40188,11.24957
Hülsede,Niedersachsen,52.27415,9.36793
Hümmel,Rheinland-Pfalz,50.42268,6.90756
Hümmerich,Rheinland-Pfalz,50.56516,7.3806
Hümpfershausen,Thüringen,50.60617,10.1562
Hünenfeld,Rheinland-Pfalz,50.27721,7.53602
Hünfeld,Hessen,50.65627,9.75144
Hünfelden,Hessen,50.32042,8.16176
Hünstetten,Hessen,50.24099,8.2573
Hünxe,Nordrhein-Westfalen,51.63619,6.77024
Hüpstedt,Thüringen,51.25626,10.35915
Hürtgenwald,Nordrhein-Westfalen,50.70257,6.37869
Hürth,Nordrhein-Westfalen,50.86315,6.85962
Hürup,Schlewig-Holstein,54.74961,9.56203
Hüsby,Schlewig-Holstein,54.51526,9.47248
Hüselitz,Sachsen-Anhalt,52.62268,11.65093
Hütschenhausen,Rheinland-Pfalz,49.42398,7.4783
Hüttblek,Schlewig-Holstein,53.85018,10.1035
"Hütte, Gem Dörnberg",Rheinland-Pfalz,50.28074,7.83452
Hüttelngesäß,Hessen,50.06025,9.14342
Hütten,Mecklenburg-Vorpommern,54.09947,11.87608
Hütten,Rheinland-Pfalz,49.99551,6.23244
Hütten,Sachsen-Anhalt,52.33737,11.36597
Hütten,Schlewig-Holstein,54.42433,9.6854
Hüttenberg,Hessen,50.51743,8.58528
Hüttengrund,Thüringen,50.36968,11.18142
Hüttenrode,Sachsen-Anhalt,51.78685,10.95099
Hütterscheid,Rheinland-Pfalz,49.99789,6.49627
Hüttgeswasen,Rheinland-Pfalz,49.71426,7.34479
Hüttingen,Rheinland-Pfalz,49.95332,6.4051
Hüttisheim,Baden-Württemberg,48.28353,9.94616
Hüttlingen,Baden-Württemberg,48.89241,10.10059
Hüven,Niedersachsen,52.84113,7.51912
Ibach,Baden-Württemberg,47.76421,8.1089
Ibanitz,Sachsen,51.26068,13.23232
Ibbenbüren,Nordrhein-Westfalen,52.26165,7.70972
Ichenhausen,Bayern,48.37516,10.27572
Ichstedt,Thüringen,51.36678,11.29191
Ichtershausen,Thüringen,50.87842,10.97212
Icking,Bayern,47.94413,11.42376
Idar-Oberstein,Rheinland-Pfalz,49.71426,7.34479
Idelberg,Rheinland-Pfalz,50.7273,7.6948
Iden,Sachsen-Anhalt,52.78907,11.72233
Idenheim,Rheinland-Pfalz,49.99789,6.49627
Idesheim,Rheinland-Pfalz,49.99789,6.49627
Idstedt,Schlewig-Holstein,54.57727,9.5007
Idstein,Hessen,50.24099,8.2573
Iffeldorf,Bayern,47.78979,11.31578
Iffezheim,Baden-Württemberg,48.81927,8.14549
Ifta,Thüringen,51.0525,10.24825
Igel,Rheinland-Pfalz,49.85309,6.5694
Igelsbach,Hessen,49.47331,9.00613
Igensdorf,Bayern,49.62318,11.23144
Igersheim,Baden-Württemberg,49.52798,9.8421
Iggensbach,Bayern,48.73024,13.14271
Iggingen,Baden-Württemberg,48.83264,9.8756
Igling,Bayern,48.07284,10.80759
Ihleburg,Sachsen-Anhalt,52.14254,11.95492
Ihlewitz,Sachsen-Anhalt,51.63335,11.62495
Ihlienworth,Niedersachsen,53.69036,8.88014
Ihlow,Brandenburg,52.25933,13.58614
Ihlow,Niedersachsen,53.40002,7.39038
Ihringen,Baden-Württemberg,48.04293,7.64823
Ihrlerstein,Bayern,48.93456,11.86678
Ilberstedt,Sachsen-Anhalt,51.80198,11.66856
Ilbesheim,Rheinland-Pfalz,49.4099,8.07553
Ilfeld,Thüringen,51.57709,10.7875
Ilgenhof,Baden-Württemberg,48.79721,9.60864
Illeben,Thüringen,51.09378,10.75017
Illerich,Rheinland-Pfalz,50.19369,7.15361
Illerkirchberg,Baden-Württemberg,48.32906,10.00085
Illerrieden,Baden-Württemberg,48.27035,10.05188
Illertissen,Bayern,48.22379,10.11122
Illesheim,Bayern,49.47536,10.38488
Illingen,Baden-Württemberg,48.95564,8.91908
Illingen,Saarland,49.38561,7.03283
Illmensee,Baden-Württemberg,47.86169,9.37026
Illmersdorf,Brandenburg,51.80321,13.66145
Illschwang,Bayern,49.44876,11.68513
Ilmenau,Thüringen,50.69989,10.90656
Ilmmünster,Bayern,48.48673,11.50191
Ilsede,Niedersachsen,52.26271,10.19318
Ilsenburg,Sachsen-Anhalt,51.89536,10.70342
Ilsfeld,Baden-Württemberg,49.06001,9.25598
Ilshofen,Baden-Württemberg,49.15227,9.92144
Iltishof,Baden-Württemberg,48.72853,9.70165
Ilvesheim,Baden-Württemberg,49.47856,8.56825
Im Hengstrain,Baden-Württemberg,48.54233,9.13829
Immekath,Sachsen-Anhalt,52.62603,11.17187
Immelborn,Thüringen,50.82265,10.25402
Immendingen,Baden-Württemberg,47.93758,8.72682
Immenhausen,Hessen,51.42859,9.47706
Immenhof,Rheinland-Pfalz,50.19225,7.68574
Immenreuth,Bayern,49.93736,11.8543
Immenrode,Thüringen,51.37872,10.73804
Immenstaad,Baden-Württemberg,47.64899,9.35605
Immenstadt,Bayern,47.57794,10.1847
Immenstedt,Schlewig-Holstein,54.32637,9.25155
Immerath,Rheinland-Pfalz,50.17706,6.88055
Immert,Rheinland-Pfalz,49.76052,6.9528
Immesheim,Rheinland-Pfalz,49.64194,8.13416
Impflingen,Rheinland-Pfalz,49.13709,8.10188
Imsbach,Rheinland-Pfalz,49.58231,7.87945
Imsweiler,Rheinland-Pfalz,49.65376,7.87329
Inchenhofen,Bayern,48.51443,11.10711
Inden,Nordrhein-Westfalen,50.84661,6.35784
Ingelbach,Rheinland-Pfalz,50.68244,7.66258
Ingelbach-Bahnhof,Rheinland-Pfalz,50.7273,7.6948
Ingeleben,Niedersachsen,52.11047,10.86806
Ingelfingen,Baden-Württemberg,49.30431,9.69796
Ingelheim,Rheinland-Pfalz,49.96434,8.07167
Ingendorf,Rheinland-Pfalz,49.99789,6.49627
Ingenried,Bayern,47.80632,10.7859
Ingersheim,Baden-Württemberg,48.96102,9.18172
Ingersleben,Thüringen,50.91055,10.91512
Ingoldingen,Baden-Württemberg,48.02566,9.73966
Ingolstadt,Bayern,48.76025,11.40953
Innernzell,Bayern,48.85144,13.27628
Inning,Bayern,48.2128,11.641
Insel,Sachsen-Anhalt,52.62138,11.71825
Insel Koos,Mecklenburg-Vorpommern,54.09067,13.44257
Insel Mainau,Baden-Württemberg,47.72476,9.15672
Insel Poel,Mecklenburg-Vorpommern,53.99861,11.43949
Insel Riems,Mecklenburg-Vorpommern,54.11842,13.37624
Insel Vilm,Mecklenburg-Vorpommern,54.35028,13.47676
Inselhof,Schlewig-Holstein,54.33038,9.70798
Insheim,Rheinland-Pfalz,49.1583,8.14632
Insingen,Bayern,49.3107,10.15677
Insul,Rheinland-Pfalz,50.42268,6.90756
Inzell,Bayern,47.77405,12.783
Inzigkofen,Baden-Württemberg,48.06491,9.14182
Inzlingen,Baden-Württemberg,47.5881,7.6844
Iphofen,Bayern,49.6712,10.32208
Ippenschied,Rheinland-Pfalz,49.7973,7.64903
Ippesheim,Bayern,49.5853,10.12947
Ipsheim,Bayern,49.52646,10.48276
Irchenrieth,Bayern,49.64586,12.20942
Irlbach,Bayern,48.83343,12.72447
Irmannsweiler,Baden-Württemberg,48.74186,9.95954
Irmenach,Rheinland-Pfalz,49.92935,7.19575
Irmtraut,Rheinland-Pfalz,50.57669,8.04837
Irndorf,Baden-Württemberg,48.07408,8.96285
Irrel,Rheinland-Pfalz,49.84704,6.45684
Irrhausen,Rheinland-Pfalz,50.07016,6.18582
Irsch,Rheinland-Pfalz,49.60388,6.59371
Irschenberg,Bayern,47.8102,11.89885
Irsee,Bayern,47.9078,10.57116
Irxleben,Sachsen-Anhalt,52.13518,11.50131
Isen,Bayern,48.21126,12.05715
Isenburg,Rheinland-Pfalz,50.60459,7.68197
Isenbüttel,Niedersachsen,52.43754,10.585
Iserlohn,Nordrhein-Westfalen,51.38203,7.67299
Isernhagen,Niedersachsen,52.45293,9.8519
Isert,Rheinland-Pfalz,50.7273,7.6948
Ismaning,Bayern,48.23206,11.70678
Isny,Baden-Württemberg,47.70878,10.05461
Ispringen,Baden-Württemberg,48.92266,8.67145
Isselbach,Rheinland-Pfalz,50.3549,8.04866
Isselburg,Nordrhein-Westfalen,51.83313,6.46415
Isseroda,Thüringen,50.9603,11.25562
Issersheilingen,Thüringen,51.09493,10.62322
Isserstedt,Thüringen,50.87536,11.62055
Issigau,Bayern,50.37713,11.72019
Issum,Nordrhein-Westfalen,51.54,6.41346
Isterberg,Niedersachsen,52.34423,7.20805
Itterbeck,Niedersachsen,52.50457,6.80396
Ittlingen,Baden-Württemberg,49.19244,8.9319
Itzehoe,Schlewig-Holstein,53.9367,9.5192
Itzgrund,Bayern,50.15777,10.88897
Itzstedt,Schlewig-Holstein,53.83793,10.18284
Iven,Mecklenburg-Vorpommern,53.83945,13.4791
Ivenack,Mecklenburg-Vorpommern,53.66892,12.93076
Ivendorf,Mecklenburg-Vorpommern,54.13573,11.95561
Ivenrode,Sachsen-Anhalt,52.22486,11.30453
Jabel,Brandenburg,53.12115,12.51526
Jabel,Mecklenburg-Vorpommern,53.58217,12.50996
Jabelitz,Mecklenburg-Vorpommern,53.86087,11.94391
Jachenau,Bayern,47.60542,11.43472
Jacobsdorf,Brandenburg,52.29345,14.48893
Jade,Niedersachsen,53.34408,8.24162
Jaebetz,Mecklenburg-Vorpommern,53.32468,12.45353
Jagdschloß Thiergarten,Bayern,49.03244,12.20737
Jagdshof,Thüringen,50.36968,11.18142
Jagel,Brandenburg,53.08315,11.49815
Jagel,Schlewig-Holstein,54.44588,9.55436
Jagsal,Brandenburg,51.74171,13.42121
Jagsthausen,Baden-Württemberg,49.30806,9.46913
Jagstzell,Baden-Württemberg,49.03002,10.09823
Jahn,Bayern,51.16569,10.45153
Jahnberge,Brandenburg,52.76191,12.81194
Jahnhöhe,Bayern,48.55695,11.4957
Jahnishausen,Sachsen,51.26068,13.23232
Jahnsdorf,Sachsen,50.76554,12.80217
Jahnsfelde,Brandenburg,52.59596,14.23637
Jahrsdorf,Schlewig-Holstein,54.10997,9.68736
Jahrstedt,Sachsen-Anhalt,52.62603,11.17187
Jakobsberg,Baden-Württemberg,48.93395,9.74358
Jakobsdorf,Mecklenburg-Vorpommern,54.30052,12.92859
Jakobsweiler,Rheinland-Pfalz,49.6293,7.93078
Jamel,Mecklenburg-Vorpommern,53.90597,11.406
Jameln,Niedersachsen,53.04204,11.07567
Jamlitz,Brandenburg,51.98339,14.29955
Jandelsbrunn,Bayern,48.72056,13.69459
Janisroda,Sachsen-Anhalt,51.10502,11.82778
Janneby,Schlewig-Holstein,54.6182,9.26503
Jannowitz,Brandenburg,51.45661,13.86426
Japenzin,Mecklenburg-Vorpommern,53.76275,13.56938
Jarchau,Sachsen-Anhalt,52.7276,11.95016
Jarchow,Mecklenburg-Vorpommern,53.31812,11.92791
Jardelund,Schlewig-Holstein,54.8114,9.19547
Jarmen,Mecklenburg-Vorpommern,53.92337,13.3365
Jarplund-Weding,Schlewig-Holstein,54.76751,9.40516
Jasnitz,Mecklenburg-Vorpommern,53.40188,11.24957
Jatzke,Mecklenburg-Vorpommern,53.60793,13.47528
Jatznick,Mecklenburg-Vorpommern,53.50257,13.99953
Jeber-Bergfrieden,Sachsen-Anhalt,51.92402,12.25986
Jeckenbach,Rheinland-Pfalz,49.71831,7.62871
Jederitz,Sachsen-Anhalt,52.58293,12.03886
Jeeben,Sachsen-Anhalt,52.68405,11.01609
Jeese,Mecklenburg-Vorpommern,53.84653,11.18732
Jeetze,Sachsen-Anhalt,52.68707,11.4372
Jeggau,Sachsen-Anhalt,52.49571,11.17824
Jeggeleben,Sachsen-Anhalt,52.79643,11.33372
Jehserig,Brandenburg,51.65575,14.22417
Jellen b Dobbertin,Mecklenburg-Vorpommern,53.58385,12.07135
Jellen b Goldberg,Mecklenburg-Vorpommern,53.58385,12.07135
Jelmstorf,Niedersachsen,53.10746,10.53956
Jembke,Niedersachsen,52.50008,10.76376
Jemgum,Niedersachsen,53.26817,7.38496
Jena,Thüringen,50.9224,11.59723
Jenalöbnitz,Thüringen,50.87536,11.62055
Jenaprießnitz,Thüringen,50.87536,11.62055
Jengen,Bayern,47.99419,10.7029
Jennewitz,Mecklenburg-Vorpommern,54.10838,11.67445
Jeppern,Schlewig-Holstein,54.36612,9.16403
Jerchel,Brandenburg,52.5979,12.52041
Jerchel,Sachsen-Anhalt,52.48633,11.60785
Jeremiasmühle,Rheinland-Pfalz,50.56842,7.96195
Jerichow,Sachsen-Anhalt,52.49992,12.02765
Jerischke,Brandenburg,51.63818,14.59961
Jerrisbekfeld,Schlewig-Holstein,54.6182,9.26503
Jerrishoe,Schlewig-Holstein,54.65849,9.38241
Jersbek,Schlewig-Holstein,53.72155,10.26084
Jersleben,Sachsen-Anhalt,52.27958,11.62463
Jerxheim,Niedersachsen,52.07548,10.8981
Jesberg,Hessen,50.9978,9.14539
Jesendorf,Mecklenburg-Vorpommern,53.79131,11.64686
Jesenwang,Bayern,48.16379,11.13266
Jeserig,Brandenburg,52.26657,12.60285
Jeserigerhütten,Brandenburg,52.11411,12.45576
Jeseritz,Sachsen-Anhalt,52.53867,11.40509
Jesewitz,Sachsen,51.4869,12.6412
Jeshop,Schlewig-Holstein,54.00348,10.55364
Jessen,Sachsen-Anhalt,51.83464,12.98299
Jessenitz,Mecklenburg-Vorpommern,53.30347,11.08369
Jessenitz-Werk,Mecklenburg-Vorpommern,53.30347,11.08369
Jessern,Brandenburg,51.91288,14.12376
Jesteburg,Niedersachsen,53.3069,9.95383
Jestetten,Baden-Württemberg,47.65154,8.56534
Jethe,Brandenburg,51.7307,14.57682
Jetsch,Brandenburg,51.97487,13.59976
Jettenbach,Bayern,48.15777,12.3606
Jettenbach,Rheinland-Pfalz,49.5803,7.51359
Jettenhausen,Bayern,47.98468,11.51884
Jettingen,Baden-Württemberg,48.56943,8.77859
Jettingen-Scheppach,Bayern,48.39391,10.45788
Jetzendorf,Bayern,48.4369,11.41715
Jevenberg,Schlewig-Holstein,54.20397,9.54518
Jevenstedt,Schlewig-Holstein,54.23128,9.68507
Jever,Niedersachsen,53.55526,7.85303
Jeßnigk,Brandenburg,51.72081,13.2298
Jeßnitz,Sachsen-Anhalt,51.68672,12.32446
Joachimsthal,Brandenburg,52.97946,13.74486
Jocketa,Sachsen,50.55798,12.17181
Jockgrim,Rheinland-Pfalz,49.08321,8.28584
Jocksdorf,Brandenburg,51.7307,14.57682
Johannesberg,Bayern,50.02599,9.13448
Johanngeorgenstadt,Sachsen,50.43236,12.69667
Johannisberg,Mecklenburg-Vorpommern,53.4504,13.80473
Johanniskirchen,Bayern,48.53356,12.94832
Johannstorf,Mecklenburg-Vorpommern,53.9075,10.97564
Joldelund,Schlewig-Holstein,54.67218,9.13237
Jonaswalde,Thüringen,50.88529,12.31009
Jork,Niedersachsen,53.52754,9.70557
Josefsmühle,Rheinland-Pfalz,49.6827,8.04919
Jossgrund,Hessen,50.16043,9.44474
Juchhöh,Sachsen,51.13432,13.12724
Jucken,Rheinland-Pfalz,50.07016,6.18582
Judenbach,Thüringen,50.36968,11.18142
Jugendherberge Hormersdorf,Sachsen,50.62445,12.90841
Jugendseeheim Kassel,Schlewig-Holstein,55.01864,8.40626
Jugenheim,Rheinland-Pfalz,49.94794,8.15828
Juist,Niedersachsen,53.67817,6.99584
Julbach,Bayern,48.25444,12.9431
Juliusburg,Schlewig-Holstein,53.43479,10.5472
Junghof,Rheinland-Pfalz,49.50079,8.03495
Jungingen,Baden-Württemberg,48.32832,9.04392
Jägerhaus,Sachsen,50.61352,12.24518
"Jägerlust, Forsthaus",Rheinland-Pfalz,49.65376,7.87329
Jämlitz,Brandenburg,51.5838,14.37591
Jänickendorf,Brandenburg,52.38647,14.19504
Jännersdorf,Brandenburg,51.16569,10.45153
Jänschwalde,Brandenburg,51.863,14.50936
Jänschwalde Ost,Brandenburg,51.863,14.50936
Jävenitz,Sachsen-Anhalt,52.53867,11.40509
Jöhstadt,Sachsen,50.53208,13.119
Jördenstorf,Mecklenburg-Vorpommern,53.88256,12.58682
Jörl,Schlewig-Holstein,54.6182,9.26503
Jörnstorf,Mecklenburg-Vorpommern,54.01771,11.69805
Jößnitz,Sachsen,50.5517,12.12674
Jübar,Sachsen-Anhalt,52.68405,11.01609
Jübek,Schlewig-Holstein,54.55688,9.39823
Jüchen,Nordrhein-Westfalen,51.09348,6.49485
Jüchsen,Thüringen,50.44895,10.44788
Jückelberg,Thüringen,50.95966,12.58894
Jüdenberg,Sachsen-Anhalt,51.72882,12.45493
Jühnde,Niedersachsen,51.46829,9.74476
Jühnsdorf,Brandenburg,52.3544,13.39417
Jülchendorf,Mecklenburg-Vorpommern,53.71009,11.68974
Jülich,Nordrhein-Westfalen,50.94189,6.39443
Jünkerath,Rheinland-Pfalz,50.3319,6.59561
Jürgenshagen,Mecklenburg-Vorpommern,53.86087,11.94391
Jürgenstorf,Mecklenburg-Vorpommern,53.66892,12.93076
Jüterbog,Brandenburg,51.95066,13.09874
Jütrichau,Sachsen-Anhalt,52.00334,12.22069
Jützenbach,Thüringen,51.5255,10.43203
Kaaks,Schlewig-Holstein,53.98885,9.5278
Kaakstedt,Brandenburg,53.18163,13.54788
Kaarst,Nordrhein-Westfalen,51.21346,6.60203
Kaarz,Mecklenburg-Vorpommern,53.71009,11.68974
Kaarßen,Niedersachsen,53.25568,10.94552
Kabelhorst,Schlewig-Holstein,54.21963,10.88332
Kablow,Brandenburg,51.16569,10.45153
Kablow Ziegelei,Brandenburg,51.16569,10.45153
Kachstedt,Thüringen,51.36678,11.29191
Kade,Sachsen-Anhalt,52.37445,12.17608
Kadelhof,Brandenburg,52.15111,14.14896
Kaden,Rheinland-Pfalz,50.55079,7.9309
Kadenbach,Rheinland-Pfalz,50.37664,7.72122
Kadow,Mecklenburg-Vorpommern,53.5239,11.79548
Kaeselow,Mecklenburg-Vorpommern,53.67731,11.11736
Kagar,Brandenburg,53.1613,12.75199
Kagel,Brandenburg,52.62518,13.91087
Kahl,Bayern,50.08614,9.01182
Kahla,Brandenburg,51.46716,13.61974
Kahla,Thüringen,50.80012,11.58376
Kahlenberg,Brandenburg,52.87955,13.8171
Kahlenberg,Mecklenburg-Vorpommern,53.8647,11.68699
Kahler Berg,Hessen,51.25286,9.40441
Kahlkamp,Schlewig-Holstein,54.22409,10.29885
Kahlwinkel,Sachsen-Anhalt,51.18797,11.53109
Kahnstieg,Sachsen-Anhalt,52.43521,10.98696
Kahrstedt,Sachsen-Anhalt,52.68707,11.4372
Kaifenheim,Rheinland-Pfalz,50.23911,7.19794
Kail,Rheinland-Pfalz,50.17871,7.25353
Kaisborstel,Schlewig-Holstein,54.04702,9.4811
Kaiser-Wilhelm-Koog,Schlewig-Holstein,53.95633,8.98282
Kaisermühle,Rheinland-Pfalz,49.57722,7.39407
Kaisersbach,Baden-Württemberg,48.91566,9.6492
Kaisersesch,Rheinland-Pfalz,50.25166,7.07828
Kaisershagen,Thüringen,51.23744,10.45112
Kaiserslautern,Rheinland-Pfalz,49.43588,7.76975
Kaisheim,Bayern,48.77106,10.75764
Kakau,Sachsen-Anhalt,51.79802,12.40465
Kakenstorf,Niedersachsen,53.27799,9.69117
Kakerbeck,Sachsen-Anhalt,52.68707,11.4372
Kalbach,Hessen,50.42862,9.64075
Kalbe,Niedersachsen,53.29205,9.51779
Kalbe,Sachsen-Anhalt,52.68707,11.4372
Kalbergerhof,Rheinland-Pfalz,49.8866,6.79586
Kalbitz,Sachsen,51.26068,13.23232
Kalbsrieth,Thüringen,51.36678,11.29191
Kalchreuth,Bayern,49.54441,11.12694
Kalefeld,Niedersachsen,51.79127,10.07356
Kalenborn,Rheinland-Pfalz,50.39998,7.0366
Kalenborn-Scheuern,Rheinland-Pfalz,50.13325,6.7214
Kalkar,Nordrhein-Westfalen,51.75749,6.30334
Kalkhorst,Mecklenburg-Vorpommern,53.9075,10.97564
Kalkofen,Rheinland-Pfalz,49.74161,7.86568
"Kalkofen, Gem Dörnberg",Rheinland-Pfalz,50.30837,7.80944
Kall,Nordrhein-Westfalen,50.5268,6.5448
Kalletal,Nordrhein-Westfalen,52.12816,8.95122
Kallinchen,Brandenburg,52.22567,13.43068
Kallmerode,Thüringen,51.38661,10.32291
Kallmünz,Bayern,49.13913,11.98275
Kallstadt,Rheinland-Pfalz,49.49201,8.17156
Kalt,Rheinland-Pfalz,50.24827,7.36244
Kaltau,Rheinland-Pfalz,50.77426,7.77423
Kaltbuch,Bayern,50.2421,11.31131
Kalten,Bayern,51.16569,10.45153
Kaltenborn,Brandenburg,51.95066,13.09874
Kaltenborn,Rheinland-Pfalz,50.42268,6.90756
Kaltenborn,Sachsen,51.04474,12.79055
Kaltenbrunn,Bayern,50.41273,11.19102
Kaltenengers,Rheinland-Pfalz,50.37288,7.4605
Kaltenhof,Brandenburg,53.11688,11.92614
Kaltenholzhausen,Rheinland-Pfalz,50.3549,8.04866
Kaltenkirchen,Schlewig-Holstein,53.83663,9.93853
Kaltenlengsfeld,Thüringen,50.66473,10.14051
Kaltennordheim,Thüringen,50.66473,10.14051
Kaltensundheim,Thüringen,50.60617,10.1562
Kaltental,Bayern,47.88935,10.75327
Kaltenwanghof,Baden-Württemberg,48.61453,9.5529
Kaltenwestheim,Thüringen,50.60617,10.1562
Kaltohmfeld,Thüringen,51.45727,10.36357
Kalübbe,Schlewig-Holstein,54.15081,10.34118
Kambs,Mecklenburg-Vorpommern,53.65433,12.35114
Kamen,Nordrhein-Westfalen,51.59165,7.66459
Kamenz,Sachsen,51.28412,14.11338
Kamerlanderdeich,Schlewig-Holstein,53.78843,9.48865
Kamern,Sachsen-Anhalt,52.58293,12.03886
Kamin,Mecklenburg-Vorpommern,54.01771,11.69805
Kammeltal,Bayern,48.38128,10.37524
Kammerermühle,Bayern,49.83551,12.03399
Kammerforst,Rheinland-Pfalz,50.45592,7.68903
Kammerforst,Thüringen,51.16569,10.42104
Kammermark,Brandenburg,53.13447,12.18056
Kammerstein,Bayern,49.31777,11.02358
Kammin,Mecklenburg-Vorpommern,53.93365,13.42955
Kamminke,Mecklenburg-Vorpommern,53.93924,14.18758
Kammlach,Bayern,48.05995,10.41894
Kamp-Bornhofen,Rheinland-Pfalz,50.227,7.63003
Kamp-Lintfort,Nordrhein-Westfalen,51.51335,6.51366
Kampen,Schlewig-Holstein,54.9566,8.34571
Kamsdorf,Thüringen,50.63015,11.46345
Kandel,Rheinland-Pfalz,49.08493,8.19081
Kandern,Baden-Württemberg,47.69644,7.65301
Kankelau,Schlewig-Holstein,53.47932,10.61596
Kannawurf,Thüringen,51.29237,11.11387
Kantow,Brandenburg,52.8583,12.43437
Kanzach,Baden-Württemberg,48.06185,9.60795
Kanzem,Rheinland-Pfalz,49.63944,6.54156
Kapellen-Drusweiler,Rheinland-Pfalz,49.08987,7.96204
Kapellendorf,Thüringen,51.01108,11.50044
Kaperich,Rheinland-Pfalz,50.25494,7.01082
Kappe,Brandenburg,53.05639,13.10828
Kappel,Rheinland-Pfalz,49.93805,7.2676
Kappel-Grafenhausen,Baden-Württemberg,48.29221,7.74157
Kappeln,Rheinland-Pfalz,49.6671,7.61116
Kappeln,Schlewig-Holstein,54.67463,9.94003
Kappelrodeck,Baden-Württemberg,48.5791,8.11398
Kaps,Bayern,51.16569,10.45153
Kapsweyer,Rheinland-Pfalz,49.08987,7.96204
Karbach,Bayern,49.8672,9.63806
Karbach,Rheinland-Pfalz,50.15582,7.55578
Karben,Hessen,50.2342,8.77247
Karbow-Vietlübbe,Mecklenburg-Vorpommern,53.46787,12.02471
Karby,Schlewig-Holstein,54.62661,9.98461
Karcha,Sachsen,51.07993,13.32311
Karche-Zaacko,Brandenburg,51.8536,13.75045
Karenz,Mecklenburg-Vorpommern,53.21121,11.41481
Karft,Mecklenburg-Vorpommern,53.50693,11.07801
Kargow,Mecklenburg-Vorpommern,53.51459,12.73048
Karith,Sachsen-Anhalt,52.14254,11.95492
Karl,Rheinland-Pfalz,50.03648,6.78753
Karlsbad,Baden-Württemberg,48.90502,8.50027
Karlsburg,Mecklenburg-Vorpommern,53.97693,13.5489
Karlsburgerholz,Schlewig-Holstein,54.62661,9.98461
Karlsdorf,Thüringen,50.85628,11.77906
Karlsdorf-Neuthard,Baden-Württemberg,49.14097,8.53971
Karlsfeld,Bayern,48.23178,11.46211
Karlshagen,Mecklenburg-Vorpommern,54.11382,13.83271
Karlshausen,Rheinland-Pfalz,49.99551,6.23244
Karlshof,Baden-Württemberg,48.37352,9.73627
Karlshof,Bayern,48.79279,10.46898
Karlshorst,Brandenburg,53.11688,11.92614
Karlshuld,Bayern,48.68006,11.27929
Karlshöhe,Bayern,49.85988,9.5104
Karlshöhe,Rheinland-Pfalz,49.62698,7.81437
Karlskron,Bayern,48.66731,11.40744
Karlsruhe,Baden-Württemberg,49.00479,8.41254
Karlsruhe,Brandenburg,52.98856,11.7934
Karlstadt,Bayern,49.96866,9.75564
Karlstein,Bayern,50.04597,9.02883
Karlsthal Bahnhof,Rheinland-Pfalz,49.35218,7.68935
Karlum,Schlewig-Holstein,54.83475,9.03312
Karnin,Mecklenburg-Vorpommern,54.26756,12.81758
Karnitz,Mecklenburg-Vorpommern,54.29935,13.27464
Karolinenkoog,Schlewig-Holstein,54.32758,9.01596
Karow,Mecklenburg-Vorpommern,53.62828,11.78548
Karow,Sachsen-Anhalt,52.37445,12.17608
Karrenzin,Mecklenburg-Vorpommern,53.40765,11.72243
Karsbach,Bayern,50.04065,9.78676
Karschau,Schlewig-Holstein,54.63618,9.87124
Karsdorf,Sachsen-Anhalt,51.27198,11.65607
Karstädt,Brandenburg,53.1628,11.7454
Karstädt,Mecklenburg-Vorpommern,53.21121,11.41481
Karthan,Brandenburg,52.94993,11.96002
Karthause Grünau,Bayern,49.79107,9.4913
Kartzow,Brandenburg,52.46992,12.99658
Karwe,Brandenburg,53.03303,12.23513
Karwesee,Brandenburg,52.76191,12.81194
Karwitz,Niedersachsen,53.08865,10.98415
Kasbach-Ohlenberg,Rheinland-Pfalz,50.56516,7.3806
Kaschenbach,Rheinland-Pfalz,49.8721,6.41906
Kasdorf,Rheinland-Pfalz,50.19177,7.77045
Kasel,Rheinland-Pfalz,49.71485,6.79303
Kasel-Golzig,Brandenburg,51.97487,13.59976
Kasendorf,Bayern,50.0371,11.35308
Kasendorf,Mecklenburg-Vorpommern,53.77944,11.04967
Kasseburg,Schlewig-Holstein,53.59911,10.44675
Kasseedorf,Schlewig-Holstein,54.16579,10.71081
Kassel,Hessen,51.31758,9.48777
Kassieck,Sachsen-Anhalt,52.53867,11.40509
Kassow,Mecklenburg-Vorpommern,53.93303,12.10239
Kastahn,Mecklenburg-Vorpommern,53.84653,11.18732
Kastel-Staadt,Rheinland-Pfalz,49.63944,6.54156
Kastellaun,Rheinland-Pfalz,50.07132,7.44511
Kasten,Bayern,48.06448,11.37441
Kastl,Bayern,49.13004,12.093
Kastorf,Mecklenburg-Vorpommern,53.27783,11.6271
Kastorf,Schlewig-Holstein,53.74593,10.48397
Katelbogen,Mecklenburg-Vorpommern,53.77814,12.01836
Katerbow,Brandenburg,52.90326,12.72486
Katharinenheerd,Schlewig-Holstein,54.33025,8.78223
Katharinenhof,Baden-Württemberg,48.98336,9.45872
Katharinenrieth,Sachsen-Anhalt,51.40467,11.38577
Katharinenthalerhof,Baden-Württemberg,48.9099,8.70586
Kathendorf,Sachsen-Anhalt,52.40715,11.20149
Kathlow,Brandenburg,51.7437,14.41743
Katlenburg-Lindau,Niedersachsen,51.65105,10.09366
Katschow,Mecklenburg-Vorpommern,53.94046,14.07175
Kattendorf,Schlewig-Holstein,53.83663,9.93853
Katzenbach,Rheinland-Pfalz,49.62698,7.81437
Katzenelnbogen,Rheinland-Pfalz,50.26865,7.97579
Katzhörn,Schlewig-Holstein,54.75626,8.74507
Katzhütte,Thüringen,50.53775,11.06682
Katzow,Mecklenburg-Vorpommern,54.08213,13.58567
Katzweiler,Rheinland-Pfalz,49.50292,7.67773
Katzwinkel,Rheinland-Pfalz,50.49797,7.34068
Kaub,Rheinland-Pfalz,50.088,7.76206
Kauern,Thüringen,50.91442,12.13504
Kaufbeuren,Bayern,47.8763,10.62606
Kaufering,Bayern,48.09848,10.87242
Kaufungen,Hessen,51.28305,9.61685
Kaulitz,Sachsen-Anhalt,52.79643,11.33372
Kaulsdorf,Thüringen,50.58139,11.47863
Kausche,Brandenburg,51.5838,14.37591
Kauschwitz,Sachsen,50.50712,12.13636
Kausen,Rheinland-Pfalz,50.70793,7.98185
Kauxdorf,Brandenburg,51.53215,13.37895
Kavelstorf,Mecklenburg-Vorpommern,54.01376,12.21585
Kayhude,Schlewig-Holstein,53.77163,10.18836
Kayna,Sachsen-Anhalt,50.98938,12.25136
Keez,Mecklenburg-Vorpommern,53.71009,11.68974
Kefenrod,Hessen,50.35126,9.20546
Kefferhausen,Thüringen,51.32506,10.29995
Kehl,Baden-Württemberg,48.58258,7.84661
Kehlbach,Rheinland-Pfalz,50.20139,7.85813
Kehlenmühle,Rheinland-Pfalz,50.11304,7.57863
Kehmstedt,Thüringen,51.44177,10.57222
Kehnert,Sachsen-Anhalt,52.43399,11.81062
Kehrberg,Brandenburg,53.13447,12.18056
Kehrig,Rheinland-Pfalz,50.36912,7.15165
Kehrigk,Brandenburg,52.24406,13.91797
Keidelheim,Rheinland-Pfalz,49.99609,7.44468
Keila,Thüringen,50.66201,11.56757
Keindorf,Sachsen-Anhalt,52.33737,11.36597
Keiselwitz,Sachsen,51.21877,12.75372
Kelberg,Rheinland-Pfalz,50.3,6.87738
Kelbra,Sachsen-Anhalt,51.43769,11.09328
Kelheim,Bayern,48.90669,11.85643
Kelkheim,Hessen,50.15596,8.43002
Kell,Rheinland-Pfalz,49.63427,6.82357
Kella,Thüringen,51.38965,10.16816
Kellenbach,Rheinland-Pfalz,49.78701,7.49201
Kellenhusen,Schlewig-Holstein,54.19305,11.06212
Keller,Brandenburg,53.05639,13.10828
Keller,Schlewig-Holstein,54.12177,9.40193
Kellershof,Rheinland-Pfalz,50.67554,7.83482
Kellinghusen,Schlewig-Holstein,53.96511,9.71149
Kellmünz,Bayern,48.12126,10.12778
Kelsterbach,Hessen,50.05074,8.52354
Keltern,Baden-Württemberg,48.89946,8.57501
Kemberg,Sachsen-Anhalt,51.78455,12.65939
Kemlitz,Brandenburg,51.8536,13.75045
Kemmen,Brandenburg,51.72805,13.9005
Kemmenau,Rheinland-Pfalz,50.31612,7.69362
Kemmern,Bayern,49.9534,10.8752
Kemnath,Bayern,49.86657,11.93569
Kemnitz,Brandenburg,52.74963,12.52532
Kemnitz,Mecklenburg-Vorpommern,54.08213,13.58567
Kempen,Nordrhein-Westfalen,51.37049,6.42736
Kempenich,Rheinland-Pfalz,50.43079,7.1172
Kempfeld,Rheinland-Pfalz,49.8124,7.25528
Kempten,Bayern,47.73381,10.31247
Kendl,Bayern,47.83296,12.74977
Kenn,Rheinland-Pfalz,49.80172,6.72126
Kenz-Küstrow,Mecklenburg-Vorpommern,54.30752,12.61132
Kenzingen,Baden-Württemberg,48.18886,7.80566
Keppeshausen,Rheinland-Pfalz,49.99551,6.23244
Kerben,Rheinland-Pfalz,50.31048,7.40635
Kerkau,Sachsen-Anhalt,52.79643,11.33372
Kerken,Nordrhein-Westfalen,51.45662,6.39425
Kerkow,Brandenburg,53.04259,13.98426
Kernen,Baden-Württemberg,48.78944,9.33466
Kerpen,Nordrhein-Westfalen,50.86885,6.67113
Kerpen,Rheinland-Pfalz,50.30522,6.69693
Kerschbaum,Bayern,48.67236,13.28923
Kerschenbach,Rheinland-Pfalz,50.34095,6.52716
Kerspleben,Thüringen,50.96935,11.15475
Kerzendorf,Brandenburg,52.27808,13.25691
Kerzenheim,Rheinland-Pfalz,49.56478,8.04765
Kerzlin,Brandenburg,52.8583,12.43437
Kescheid,Rheinland-Pfalz,50.64756,7.52776
Kesfeld,Rheinland-Pfalz,50.13772,6.21658
Kesseling,Rheinland-Pfalz,50.48252,6.98645
Kesselsdorf,Sachsen,51.0503,13.53621
Kessin,Mecklenburg-Vorpommern,54.01376,12.21585
Kesten,Rheinland-Pfalz,49.95221,6.81812
Kestert,Rheinland-Pfalz,50.12677,7.76569
Ketsch,Baden-Württemberg,49.37164,8.52601
Kettemers Mühle,Rheinland-Pfalz,50.60459,7.68197
Ketten,Thüringen,50.73072,9.98459
Kettenhausen,Rheinland-Pfalz,50.7273,7.6948
Kettenheim,Rheinland-Pfalz,49.7021,8.1389
Kettenkamp,Niedersachsen,52.54109,7.87143
Kettershausen,Bayern,48.19527,10.26179
Kettig,Rheinland-Pfalz,50.37288,7.4605
Ketzin,Brandenburg,52.50989,12.83148
Ketzür,Brandenburg,52.48522,12.5601
Keula,Thüringen,51.28627,10.73382
Kevelaer,Nordrhein-Westfalen,51.58315,6.25992
Kickeshausen,Rheinland-Pfalz,50.07016,6.18582
"Kiebitzberg, Gem Beveringen",Brandenburg,53.13447,12.18056
Kiebitzreihe,Schlewig-Holstein,53.78112,9.61383
Kiedrich,Hessen,50.04007,8.08263
Kiefersfelden,Bayern,47.61811,12.18679
Kiehnwerder,Brandenburg,52.64405,14.36122
Kiekebusch,Brandenburg,52.00009,13.97781
Kiel,Schlewig-Holstein,54.32233,10.12789
Kienbaum,Brandenburg,52.62518,13.91087
Kienberg,Bayern,48.0353,12.46681
Kienberg,Brandenburg,52.63142,12.81202
Kienitz,Brandenburg,52.64405,14.36122
Kienwerder,Brandenburg,52.36147,13.19002
Kierspe,Nordrhein-Westfalen,51.13392,7.56613
Kiesby,Schlewig-Holstein,54.64155,9.80308
Kieselbach,Thüringen,50.85724,10.09967
Kieselbronn,Baden-Württemberg,48.93311,8.74943
Kieselwitz,Brandenburg,52.16503,14.56099
Kietz,Brandenburg,52.72889,12.41213
Kieve,Mecklenburg-Vorpommern,53.32468,12.45353
Kiliansroda,Thüringen,50.94415,11.42979
Kindelbrück,Thüringen,51.25729,11.09259
Kindenheim,Rheinland-Pfalz,49.54306,8.13804
Kinderbeuern,Rheinland-Pfalz,50.02296,7.01439
Kinding,Bayern,48.99967,11.38711
Kindsbach,Rheinland-Pfalz,49.41416,7.6281
"Kindsbach, Forsthaus",Rheinland-Pfalz,49.40834,7.71562
Kindshagen,Mecklenburg-Vorpommern,54.30752,12.61132
Kinheim,Rheinland-Pfalz,50.02296,7.01439
Kinsau,Bayern,47.87758,10.90889
Kinzenburg,Rheinland-Pfalz,50.13897,6.34764
Kipfenberg,Bayern,48.95006,11.39411
Kippenheim,Baden-Württemberg,48.29408,7.82476
Kirburg,Rheinland-Pfalz,50.69809,7.81941
Kirch Jesar,Mecklenburg-Vorpommern,53.40188,11.24957
Kirch Mulsow,Mecklenburg-Vorpommern,54.01771,11.69805
Kirch-Mummendorf,Mecklenburg-Vorpommern,53.84653,11.18732
Kirchanschöring,Bayern,47.95295,12.83455
Kirchardt,Baden-Württemberg,49.20529,8.99045
Kirchbarkau,Schlewig-Holstein,54.21897,10.16541
Kirchberg,Baden-Württemberg,48.75894,9.7985
Kirchberg,Bayern,48.40533,12.04824
Kirchberg,Rheinland-Pfalz,49.94321,7.40837
Kirchberg,Sachsen,50.59274,12.54662
Kirchberg i. Wald,Bayern,48.8981,13.18219
Kirchbrak,Niedersachsen,51.95522,9.51824
Kirchdorf,Baden-Württemberg,48.07695,10.12351
Kirchdorf,Bayern,48.5144,12.39463
Kirchdorf,Mecklenburg-Vorpommern,54.19518,13.19044
Kirchdorf,Niedersachsen,52.56802,8.80827
Kirchehrenbach,Bayern,49.73279,11.1543
Kircheib,Rheinland-Pfalz,50.717,7.53308
Kirchen,Rheinland-Pfalz,50.80842,7.88198
Kirchendemenreuth,Bayern,49.71446,12.15606
Kirchengel,Thüringen,51.23446,10.93052
Kirchenlamitz,Bayern,50.15676,11.94823
Kirchenpingarten,Bayern,49.94126,11.72274
Kirchensittenbach,Bayern,49.55599,11.42191
Kirchensur,Bayern,48.03278,12.30562
Kirchentellinsfurt,Baden-Württemberg,48.54233,9.13829
Kirchenthumbach,Bayern,49.76653,11.6986
Kirchgandern,Thüringen,51.36287,10.07218
Kirchgellersen,Niedersachsen,53.23553,10.24213
Kirchhain,Hessen,50.84948,8.91369
Kirchhalling,Bayern,47.94403,12.69994
Kirchham,Bayern,48.34656,13.26742
Kirchhasel,Thüringen,50.73282,11.32871
Kirchhaslach,Bayern,48.16477,10.32151
Kirchheilingen,Thüringen,51.09493,10.62322
Kirchheim,Baden-Württemberg,48.85503,9.6707
Kirchheim,Bayern,48.67077,10.69196
Kirchheim,Hessen,50.83705,9.57538
Kirchheim,Rheinland-Pfalz,49.53795,8.18049
Kirchheim,Thüringen,50.87842,10.97212
Kirchheimbolanden,Rheinland-Pfalz,49.66696,7.98012
Kirchhundem,Nordrhein-Westfalen,51.04782,8.06632
Kirchlauter,Bayern,50.04542,10.7009
Kirchlengern,Nordrhein-Westfalen,52.22515,8.65662
Kirchlinteln,Niedersachsen,52.91191,9.38598
Kirchnüchel,Schlewig-Holstein,54.19783,10.59905
Kirchohmfeld,Thüringen,51.45727,10.36357
Kirchroth,Bayern,48.95445,12.53944
Kirchsahr,Rheinland-Pfalz,50.54829,6.99493
Kirchscheidungen,Sachsen-Anhalt,51.21757,11.65896
Kirchseelte,Niedersachsen,52.90915,8.58705
Kirchseeon,Bayern,48.06777,11.88267
Kirchstätt,Bayern,47.94545,12.60182
Kirchtimke,Niedersachsen,53.2239,9.07729
Kirchwald,Rheinland-Pfalz,50.36912,7.15165
Kirchwalsede,Niedersachsen,53.06664,9.48352
Kirchweidach,Bayern,48.07042,12.6499
Kirchweiler,Rheinland-Pfalz,50.13325,6.7214
Kirchwistedt,Niedersachsen,53.43477,8.79697
Kirchworbis,Thüringen,51.45727,10.36357
Kirchzarten,Baden-Württemberg,47.95931,7.9503
Kirchzell,Bayern,49.61796,9.17715
Kirf,Rheinland-Pfalz,49.63944,6.54156
Kirkel,Saarland,49.29534,7.25513
Kirmutscheid,Rheinland-Pfalz,50.34786,6.85686
Kirn,Rheinland-Pfalz,49.78701,7.49201
Kirrweiler,Rheinland-Pfalz,49.48623,7.89153
Kirsbach,Rheinland-Pfalz,50.3,6.87738
Kirschau,Sachsen,51.09724,14.39358
Kirschbacherhof,Rheinland-Pfalz,49.24198,7.37344
Kirschbachermühle,Rheinland-Pfalz,49.24198,7.37344
Kirschfurt,Bayern,49.74787,9.36614
Kirschkau,Thüringen,50.53947,11.92895
Kirschroth,Rheinland-Pfalz,49.7973,7.64903
Kirschweiler,Rheinland-Pfalz,49.71426,7.34479
Kirtorf,Hessen,50.77162,9.1064
Kisdorf,Schlewig-Holstein,53.80904,10.00774
Kisselbach,Rheinland-Pfalz,50.11304,7.57863
Kissenbrück,Niedersachsen,52.11146,10.59451
Kissing,Bayern,48.30523,10.97228
Kist,Bayern,49.74013,9.82992
Kittendorf,Mecklenburg-Vorpommern,53.66892,12.93076
Kittlitz,Brandenburg,51.85668,13.90489
Kittlitz,Sachsen,51.0774,14.65558
Kittlitz,Schlewig-Holstein,53.68539,10.88566
Kitzen,Sachsen,51.16569,10.45153
Kitzingen,Bayern,49.74513,10.18752
Kitzscher,Sachsen,51.18811,12.54857
Kißleberfeld,Niedersachsen,52.24301,11.00172
Kißlegg,Baden-Württemberg,47.7925,9.89449
Kladrum,Mecklenburg-Vorpommern,53.5239,11.79548
Klaftertalerhof,Rheinland-Pfalz,49.4437,7.89566
Klais,Bayern,47.48608,11.21365
Klamp,Schlewig-Holstein,54.30053,10.56164
Klanxbüll,Schlewig-Holstein,54.86126,8.67161
Klappholz,Schlewig-Holstein,54.62152,9.57061
Klasdorf,Brandenburg,52.03348,13.50421
Klaubmühle,Bayern,50.08087,10.56645
Klausdorf,Brandenburg,52.09995,13.11052
Klausdorf,Mecklenburg-Vorpommern,54.37122,13.0232
Klausdorf,Schlewig-Holstein,54.30278,10.18553
Klausen,Rheinland-Pfalz,49.90245,6.87602
Kleekamp,Mecklenburg-Vorpommern,53.79131,11.64686
Kleemeisterei,Baden-Württemberg,48.84943,9.87661
Kleeste,Brandenburg,53.11688,11.92614
Kleesten,Mecklenburg-Vorpommern,53.58385,12.07135
Klein Ammensleben,Sachsen-Anhalt,52.27958,11.62463
Klein Barkau,Schlewig-Holstein,54.21897,10.16541
Klein Behnitz,Brandenburg,52.63142,12.81202
Klein Belitz,Mecklenburg-Vorpommern,53.86087,11.94391
Klein Bengerstorf,Mecklenburg-Vorpommern,53.40359,10.76152
Klein Bennebek,Schlewig-Holstein,54.40052,9.4998
Klein Berßen,Niedersachsen,52.80203,7.44172
Klein Briesen,Brandenburg,52.17817,12.6006
Klein Bölkow,Mecklenburg-Vorpommern,53.98913,11.89085
Klein Bünsdorf,Mecklenburg-Vorpommern,53.83187,10.87156
Klein Bünzow,Mecklenburg-Vorpommern,53.93414,13.7212
Klein Chüden,Sachsen-Anhalt,52.84009,11.19969
Klein Döbbern,Brandenburg,51.7437,14.41743
Klein Düben,Brandenburg,51.5838,14.37591
Klein Gartz,Sachsen-Anhalt,52.79643,11.33372
Klein Gischow,Mecklenburg-Vorpommern,53.86087,11.94391
Klein Gladebrügge,Schlewig-Holstein,53.92727,10.29327
Klein Gnemern,Mecklenburg-Vorpommern,53.86087,11.94391
Klein Gottschow,Brandenburg,53.11688,11.92614
Klein Grönau,Schlewig-Holstein,53.80147,10.75035
Klein Görnow,Mecklenburg-Vorpommern,53.69223,11.86932
Klein Haßlow,Brandenburg,53.12115,12.51526
Klein Heikeland,Niedersachsen,53.42196,7.20977
Klein Jarchow,Mecklenburg-Vorpommern,53.71009,11.68974
Klein Kampen,Schlewig-Holstein,53.87491,9.3993
Klein Krams,Mecklenburg-Vorpommern,53.33713,11.46798
Klein Kreutz,Brandenburg,52.48522,12.5601
Klein Kussewitz,Mecklenburg-Vorpommern,54.07308,12.21219
Klein Kölzig,Brandenburg,51.63818,14.59961
Klein Labenz,Mecklenburg-Vorpommern,53.79131,11.64686
Klein Langerwisch,Brandenburg,53.13447,12.18056
Klein Leine,Brandenburg,51.91288,14.12376
Klein Leppin,Brandenburg,52.98856,11.7934
Klein Linde,Brandenburg,53.11688,11.92614
Klein Loitz,Brandenburg,51.5838,14.37591
Klein Luckow,Mecklenburg-Vorpommern,53.4504,13.80473
Klein Lukow,Mecklenburg-Vorpommern,53.5235,13.05111
Klein Lüben,Brandenburg,52.98856,11.7934
Klein Marzehns,Brandenburg,52.07082,12.69015
Klein Meckelsen,Niedersachsen,53.29205,9.51779
Klein Molzahn,Mecklenburg-Vorpommern,53.77944,11.04967
Klein Neuleben,Mecklenburg-Vorpommern,53.83187,10.87156
Klein Nordende,Schlewig-Holstein,53.7353,9.65923
Klein Offenseth-Sparrieshoop,Schlewig-Holstein,53.78508,9.67983
Klein Oschersleben,Sachsen-Anhalt,51.99247,11.31928
Klein Oßnig,Brandenburg,51.7437,14.41743
Klein Pampau,Schlewig-Holstein,53.47932,10.61596
Klein Pravtshagen,Mecklenburg-Vorpommern,53.95172,11.12204
Klein Pritz,Mecklenburg-Vorpommern,53.69223,11.86932
Klein Quenstedt,Sachsen-Anhalt,51.93746,11.05498
Klein Radden,Brandenburg,51.85668,13.90489
Klein Raden,Mecklenburg-Vorpommern,53.77814,12.01836
Klein Rheide,Schlewig-Holstein,54.40052,9.4998
Klein Rodensleben,Sachsen-Anhalt,52.13518,11.50131
Klein Rogahn,Mecklenburg-Vorpommern,53.57352,11.3027
Klein Rönnau,Schlewig-Holstein,53.92727,10.29327
Klein Salitz,Mecklenburg-Vorpommern,53.67731,11.11736
Klein Schierstedt,Sachsen-Anhalt,51.77931,11.47298
Klein Schulzendorf,Brandenburg,52.23178,13.1885
Klein Schwansee,Mecklenburg-Vorpommern,53.9075,10.97564
Klein Schwarzlosen,Sachsen-Anhalt,52.43399,11.81062
Klein Schwechten,Sachsen-Anhalt,52.62268,11.65093
Klein Siemz,Mecklenburg-Vorpommern,53.83187,10.87156
Klein Sien,Mecklenburg-Vorpommern,53.86087,11.94391
Klein Stieten,Mecklenburg-Vorpommern,53.84194,11.45942
Klein Tessin,Mecklenburg-Vorpommern,53.68244,12.36276
Klein Thurow,Mecklenburg-Vorpommern,53.67731,11.11736
Klein Trebbow,Mecklenburg-Vorpommern,53.72237,11.41783
Klein Upahl,Mecklenburg-Vorpommern,53.68329,12.0939
Klein Vielen,Mecklenburg-Vorpommern,53.35873,13.24523
Klein Wanzleben,Sachsen-Anhalt,52.07002,11.36887
Klein Warin,Mecklenburg-Vorpommern,53.8647,11.68699
Klein Warin Lager,Mecklenburg-Vorpommern,53.8647,11.68699
Klein Warnow,Brandenburg,53.1628,11.7454
Klein Welzin,Mecklenburg-Vorpommern,53.65278,11.17452
Klein Wesenberg,Schlewig-Holstein,53.79968,10.55855
Klein Wieblitz,Sachsen-Anhalt,52.78368,10.87672
Klein Wittensee,Schlewig-Holstein,54.40276,9.74704
Klein Woltersdorf,Brandenburg,53.13447,12.18056
Klein Zecher,Schlewig-Holstein,53.62052,10.8185
Klein Ziethen,Brandenburg,52.97946,13.74486
Klein-Mutz,Brandenburg,53.05639,13.10828
Klein-Winternheim,Rheinland-Pfalz,49.94794,8.15828
Kleinaitingen,Bayern,48.23834,10.85739
Kleinalsleben,Sachsen-Anhalt,51.99247,11.31928
Kleinaschau,Bayern,48.02156,12.03508
Kleinau,Sachsen-Anhalt,52.78907,11.72233
Kleinbartloff,Thüringen,51.36002,10.47949
Kleinberndten,Thüringen,51.28627,10.73382
Kleinblittersdorf,Saarland,49.15422,7.06888
Kleinbockedra,Thüringen,50.85628,11.77906
Kleinbodungen,Thüringen,51.44177,10.57222
Kleinbrembach,Thüringen,51.17087,11.16515
Kleinbrüchter,Thüringen,51.28627,10.73382
Kleinbundenbach,Rheinland-Pfalz,49.30514,7.42155
Kleindröben,Sachsen-Anhalt,51.83464,12.98299
Kleinebersdorf,Thüringen,50.85628,11.77906
Kleineutersdorf,Thüringen,50.80012,11.58376
Kleinfeld,Mecklenburg-Vorpommern,53.83187,10.87156
Kleinfischlingen,Rheinland-Pfalz,49.26177,8.13443
Kleinfurra,Thüringen,51.47117,10.74226
Kleingeschwenda,Thüringen,50.63519,11.35947
Kleingießhübel,Sachsen,50.88828,14.19987
Kleinhelfendorf,Bayern,51.16569,10.45153
Kleinhelmsdorf,Sachsen-Anhalt,51.00979,12.03229
Kleinheubach,Bayern,49.72014,9.21594
Kleinhub,Bayern,51.16569,10.45153
Kleinich,Rheinland-Pfalz,49.89343,7.1865
Kleinjena,Sachsen-Anhalt,51.10502,11.82778
Kleinkahl,Bayern,50.10591,9.28548
Kleinkarlbach,Rheinland-Pfalz,49.54306,8.13804
Kleinkarolinenfeld,Bayern,51.16569,10.45153
Kleinkeula,Thüringen,51.25626,10.35915
Kleinkmehlen,Brandenburg,51.37793,13.7576
Kleinkochberg,Thüringen,50.73282,11.32871
Kleinkoogsdeich,Schlewig-Holstein,54.75626,8.74507
Kleinkorga,Sachsen-Anhalt,51.16569,10.45153
Kleinkrausnik,Brandenburg,51.70642,13.63103
Kleinlangenfeld,Rheinland-Pfalz,50.13897,6.34764
Kleinlangheim,Bayern,49.75347,10.32548
Kleinleinungen,Sachsen-Anhalt,51.45058,11.23554
Kleinmachnow,Brandenburg,52.36147,13.19002
Kleinmaischeid,Rheinland-Pfalz,50.60459,7.68197
Kleinmockritz,Sachsen,51.13432,13.12724
Kleinmölsen,Thüringen,50.96935,11.15475
Kleinmühle,Rheinland-Pfalz,49.64194,8.13416
Kleinmühlingen,Sachsen-Anhalt,51.97447,11.65596
Kleinnaundorf,Sachsen,51.28346,13.67654
Kleinneuhausen,Thüringen,51.21247,11.28237
Kleinniedesheim,Rheinland-Pfalz,49.56121,8.31984
Kleinobringen,Thüringen,51.07341,11.29717
Kleinopitz,Sachsen,50.97007,13.5362
Kleinostheim,Bayern,50.01944,9.07016
Kleinow,Brandenburg,53.21814,12.89931
Kleinpaschleben,Sachsen-Anhalt,51.71349,12.0183
Kleinrehmühle,Bayern,50.20696,11.61141
Kleinreinsdorf,Thüringen,50.72505,12.21195
Kleinrinderfeld,Bayern,49.70054,9.84466
Kleinromstedt,Thüringen,51.01108,11.50044
Kleinrudestedt,Thüringen,51.09237,11.09922
Kleinrössen,Brandenburg,51.59237,13.22793
Kleinschmalkalden,Thüringen,50.76217,10.47511
Kleinschwabhausen,Thüringen,50.94415,11.42979
Kleinsendelbach,Bayern,49.6152,11.14153
Kleinsteinfeld,Rheinland-Pfalz,49.08987,7.96204
Kleinsteinhausen,Rheinland-Pfalz,49.19984,7.46936
Kleinthiemig,Sachsen,51.28346,13.67654
Kleinwallstadt,Bayern,49.86605,9.17964
Kleinwasserburg,Brandenburg,52.13705,13.81707
Kleinwechsungen,Thüringen,51.47117,10.74226
Kleinwelsbach,Thüringen,51.09493,10.62322
Kleinwolmsdorf,Sachsen,51.09461,13.98915
Kleinzerbst,Sachsen-Anhalt,51.77197,12.07353
Kleinzerlang,Brandenburg,53.11224,12.90053
Kleinziethen,Brandenburg,52.3544,13.39417
Klempau,Schlewig-Holstein,53.76787,10.66888
Klenzenhof,Brandenburg,53.13447,12.18056
Klepzig,Brandenburg,52.07082,12.69015
Klessener Zootzen,Brandenburg,52.73483,12.57911
Klessig,Sachsen,51.20212,13.27839
Kletkamp,Schlewig-Holstein,54.25914,10.65445
Klettbach,Thüringen,50.9143,11.15061
Klettgau,Baden-Württemberg,47.62345,8.40992
Klettstedt,Thüringen,51.16137,10.81909
Klettwitz,Brandenburg,51.54108,13.89215
Kletzen-Zschölkau,Sachsen,51.46928,12.35978
Kletzin,Mecklenburg-Vorpommern,53.82989,12.16461
Kletzke,Brandenburg,52.94993,11.96002
Kleve,Nordrhein-Westfalen,51.80916,6.12801
Kleve,Schlewig-Holstein,54.11092,9.26083
Kleverhof,Mecklenburg-Vorpommern,53.97155,12.70468
Kleßen,Brandenburg,52.72889,12.41213
Kliding,Rheinland-Pfalz,50.14349,7.07033
Klieken,Sachsen-Anhalt,51.93811,12.43055
Kliestow,Brandenburg,52.23178,13.1885
Klietz,Sachsen-Anhalt,52.58293,12.03886
Klingelbach,Rheinland-Pfalz,50.26865,7.97579
Klingenberg,Bayern,49.76796,9.18062
Klingenberg,Sachsen,50.93083,13.55392
Klingenmühlhöfle,Baden-Württemberg,48.89043,9.64704
Klingenmünster,Rheinland-Pfalz,49.08987,7.96204
Klingenthal,Sachsen,50.39335,12.47813
Klings,Thüringen,50.66473,10.14051
Klink,Mecklenburg-Vorpommern,53.51459,12.73048
Klinke,Sachsen-Anhalt,52.62138,11.71825
Klinken,Mecklenburg-Vorpommern,53.5239,11.79548
Klinkow,Brandenburg,53.3194,13.87248
Klinkrade,Schlewig-Holstein,53.69829,10.52664
Klipphausen,Sachsen,51.09541,13.46418
Klippmühle,Hessen,51.22819,9.04982
Klitsche,Sachsen-Anhalt,52.37445,12.17608
Klitten,Sachsen,51.28469,14.70593
Klitzschen,Sachsen,51.54863,12.95254
Klixbüll,Schlewig-Holstein,54.75626,8.74507
Klobikau,Sachsen-Anhalt,51.3882,11.86378
Klockow,Brandenburg,53.1628,11.7454
Klockow,Mecklenburg-Vorpommern,53.53678,12.93072
Klocksin,Mecklenburg-Vorpommern,53.58217,12.50996
Kloddram,Mecklenburg-Vorpommern,53.39957,10.9684
Kloschwitz,Sachsen-Anhalt,51.5252,11.82739
Klossa,Sachsen-Anhalt,51.85088,13.03348
Kloster,Mecklenburg-Vorpommern,54.55054,13.10574
Kloster Neuendorf,Sachsen-Anhalt,52.53867,11.40509
Kloster Schäftlarn,Bayern,47.97868,11.45417
Kloster St Ludwig,Bayern,49.9254,10.25346
Kloster Veßra,Thüringen,50.50626,10.62202
Kloster Zinna,Brandenburg,51.95066,13.09874
Klosterberg,Rheinland-Pfalz,49.96595,7.01934
Klosterbrücke,Brandenburg,52.92156,14.07997
Klosterdorf,Brandenburg,52.62518,13.91087
Klosterfelde,Brandenburg,52.7836,13.49036
Klosterheide,Brandenburg,52.9669,12.98502
Klosterhäseler,Sachsen-Anhalt,51.18797,11.53109
Klosterkumbd,Rheinland-Pfalz,49.98951,7.54625
Klosterlechfeld,Bayern,48.16078,10.80704
Klostermansfeld,Sachsen-Anhalt,51.58307,11.49236
Klosterwalde,Brandenburg,53.18163,13.54788
Klotten,Rheinland-Pfalz,50.16468,7.20052
Kludenbach,Rheinland-Pfalz,49.94321,7.40837
Kluis,Mecklenburg-Vorpommern,54.50826,13.26102
Kluse,Niedersachsen,52.95914,7.34285
Kläden,Sachsen-Anhalt,52.74107,11.55011
Klöden,Sachsen-Anhalt,51.83464,12.98299
Klötze,Sachsen-Anhalt,52.62603,11.17187
Klüden,Sachsen-Anhalt,52.53867,11.40509
Klüssendorf,Mecklenburg-Vorpommern,53.84194,11.45942
Klüsserath,Rheinland-Pfalz,49.83891,6.85195
Klütz,Mecklenburg-Vorpommern,53.95172,11.12204
Klüß,Mecklenburg-Vorpommern,53.1628,11.7454
Knapendorf,Sachsen-Anhalt,51.3882,11.86378
"Knappenfeld, Gem Surberg",Bayern,47.83296,12.74977
Knappensee-Groß Särchen,Sachsen,51.39418,14.39717
Knappensee-Koblenz,Sachsen,51.39418,14.39717
Knappensee-Wartha,Sachsen,51.39418,14.39717
Knau,Thüringen,50.66201,11.56757
Kneese,Mecklenburg-Vorpommern,53.67731,11.11736
Knegendorf,Mecklenburg-Vorpommern,53.68329,12.0939
Kneispermühle,Rheinland-Pfalz,49.31719,7.52115
Kneitlingen,Niedersachsen,52.14356,10.80059
Knetzgau,Bayern,49.99274,10.54624
Kniepenberg,Schlewig-Holstein,54.62661,9.98461
Knittelsheim,Rheinland-Pfalz,49.22817,8.18145
Knittlingen,Baden-Württemberg,49.0226,8.76004
Knoblauch,Brandenburg,52.5979,12.52041
Knochenmühle,Rheinland-Pfalz,49.20223,7.97003
Knopp-Labach,Rheinland-Pfalz,49.31719,7.52115
Knoppermühle,Rheinland-Pfalz,49.31719,7.52115
Knorrendorf,Mecklenburg-Vorpommern,53.65186,13.12414
Knorrenhof,Brandenburg,53.11688,11.92614
Knyphauserwald,Niedersachsen,53.59573,7.73372
Knöringen,Rheinland-Pfalz,49.23721,8.0906
Knüllwald,Hessen,51.03676,9.51249
Kobbeln,Brandenburg,52.16503,14.56099
Koberg,Schlewig-Holstein,53.60306,10.61165
Kobern-Gondorf,Rheinland-Pfalz,50.30929,7.45533
Koblentz,Mecklenburg-Vorpommern,53.50257,13.99953
Koblenz,Rheinland-Pfalz,50.34984,7.58691
Kobrow,Mecklenburg-Vorpommern,53.69223,11.86932
Kochel,Bayern,47.66468,11.36911
Kodersdorf,Sachsen,51.23279,14.89521
Kogel,Bayern,47.79891,11.81535
Kogel,Mecklenburg-Vorpommern,53.5046,11.68952
Kohlbacher Hof,Hessen,49.77007,8.8909
Kohlberg,Baden-Württemberg,48.55836,9.33723
Kohlberg,Bayern,49.60905,12.01966
Kohlhof,Brandenburg,52.5979,12.52041
Kohlmühle,Bayern,50.39834,11.38123
Kohlsdorf,Brandenburg,52.15111,14.14896
Kohren-Sahlis,Sachsen,51.01733,12.60648
Koitzsch,Sachsen,51.26567,13.90437
Kolbenmühle,Rheinland-Pfalz,49.62698,7.81437
Kolberg,Brandenburg,51.16569,10.45153
Kolbermoor,Bayern,47.83938,12.04945
Kolbingen,Baden-Württemberg,48.05934,8.89562
Koldenbüttel,Schlewig-Holstein,54.38985,9.06735
Koldenhof,Mecklenburg-Vorpommern,53.35873,13.24523
Kolitzheim,Bayern,49.9254,10.25346
Kolka,Sachsen,51.05507,12.68595
Kolkerheide,Schlewig-Holstein,54.67218,9.13237
Kolkwitz,Brandenburg,51.74985,14.24469
Kollig,Rheinland-Pfalz,50.30021,7.29804
Kollmar,Schlewig-Holstein,53.73011,9.49331
Kollmoor,Schlewig-Holstein,53.9367,9.5192
Kollnburg,Bayern,49.03054,12.88388
Kollow,Schlewig-Holstein,53.46413,10.4602
"Kollow, Kurheim",Schlewig-Holstein,53.55673,10.51734
Kollweiler,Rheinland-Pfalz,49.456,7.52818
Kolmberg,Bayern,51.16569,10.45153
Kolochau,Brandenburg,51.74171,13.42121
Kolpin,Brandenburg,52.38647,14.19504
Kolrep,Brandenburg,52.98479,12.35979
Koltzschen,Sachsen,51.0778,12.9057
Kolverath,Rheinland-Pfalz,50.25494,7.01082
Kommen,Rheinland-Pfalz,49.89124,7.07324
Komptendorf,Brandenburg,51.7437,14.41743
Konau,Niedersachsen,53.25568,10.94552
Konken,Rheinland-Pfalz,49.56984,7.35799
Konnersreuth,Bayern,50.01127,12.22889
Konow,Mecklenburg-Vorpommern,53.98913,11.89085
Konradsmühle,Rheinland-Pfalz,49.31719,7.52115
Konradsreuth,Bayern,50.26884,11.8461
Konstanz,Baden-Württemberg,47.68555,9.16885
Konz,Rheinland-Pfalz,49.67566,6.62541
Konzell,Bayern,49.07639,12.70426
Kopitzsch,Thüringen,50.72386,11.83699
Kopp,Rheinland-Pfalz,50.17564,6.62522
Koppatz,Brandenburg,51.7437,14.41743
Koppenbrück,Brandenburg,52.8583,12.43437
Koppenkreut,Baden-Württemberg,48.88261,9.81495
Korb,Baden-Württemberg,48.83676,9.3762
Korbach,Hessen,51.27462,8.85792
Korbetha,Sachsen-Anhalt,51.38975,12.05287
Korbußen,Thüringen,50.91442,12.13504
Kordel,Rheinland-Pfalz,49.833,6.65625
Korgau,Sachsen-Anhalt,51.69048,12.73535
Korleput,Mecklenburg-Vorpommern,53.90807,12.34444
Korlingen,Rheinland-Pfalz,49.71485,6.79303
Kornbach,Sachsen,50.5287,11.99549
Korntal-Münchingen,Baden-Württemberg,48.84913,9.09681
Kornwestheim,Baden-Württemberg,48.86291,9.17847
Korschenbroich,Nordrhein-Westfalen,51.19565,6.54506
Korswandt,Mecklenburg-Vorpommern,53.93924,14.18758
Korweiler,Rheinland-Pfalz,50.07132,7.44511
Kosel,Sachsen,51.23279,14.89521
Kosel,Schlewig-Holstein,54.53159,9.79395
Koserow,Mecklenburg-Vorpommern,54.01268,14.04956
Kosilenzien,Brandenburg,51.4344,13.22132
Kospoda,Thüringen,50.73505,11.72756
Kossa,Sachsen,51.60345,12.65036
Kossau,Thüringen,50.64584,11.25088
Kossebau,Sachsen-Anhalt,52.78907,11.72233
Kossenblatt,Brandenburg,52.15111,14.14896
Kossin,Brandenburg,51.95066,13.09874
Kostebrau,Brandenburg,51.50045,13.73994
Kotelow,Mecklenburg-Vorpommern,53.60793,13.47528
Kottenborn,Rheinland-Pfalz,50.38252,6.93157
Kottenbornermühle,Rheinland-Pfalz,50.38252,6.93157
Kottenheim,Rheinland-Pfalz,50.34898,7.25552
Kottgeisering,Bayern,48.12384,11.12991
Kottweiler-Schwanden,Rheinland-Pfalz,49.456,7.52818
Kotzen,Brandenburg,52.5979,12.52041
Kotzenbüll,Schlewig-Holstein,54.31493,8.89021
Koxhausen,Rheinland-Pfalz,49.99551,6.23244
Koßdorf,Brandenburg,51.59237,13.22793
Koßwig,Brandenburg,51.78322,14.0757
Kraak,Mecklenburg-Vorpommern,53.45201,11.42993
Kraam,Rheinland-Pfalz,50.717,7.53308
Kraatz,Brandenburg,53.3194,13.87248
Kraatz-Buberow,Brandenburg,53.05639,13.10828
Krachtsheide,Brandenburg,52.21586,14.00835
Krackow,Mecklenburg-Vorpommern,53.33916,14.34829
Kradenbach,Rheinland-Pfalz,50.17706,6.88055
Kraftisried,Bayern,47.76971,10.48364
Kraftsdorf,Thüringen,50.92995,12.01063
Kragelund,Schlewig-Holstein,54.63618,9.87124
Krahne,Brandenburg,52.48522,12.5601
Krahnepuhl,Brandenburg,52.50645,12.46318
Kraiburg,Bayern,48.18477,12.43135
Kraichtal,Baden-Württemberg,49.12586,8.74072
Krailling,Bayern,48.10732,11.39832
Krainwinkl,Bayern,47.83296,12.74977
Kraja,Thüringen,51.44177,10.57222
Krakow,Mecklenburg-Vorpommern,53.68244,12.36276
Krambergsmühle,Rheinland-Pfalz,50.66528,7.76381
Kramerhof,Mecklenburg-Vorpommern,54.37122,13.0232
Krampfer,Brandenburg,53.11688,11.92614
Krampnitz,Brandenburg,52.46992,12.99658
Kranenburg,Niedersachsen,53.5899,9.25208
Kranenburg,Nordrhein-Westfalen,51.79365,6.01803
Kranepuhl,Brandenburg,52.17817,12.6006
Krangen,Brandenburg,52.98437,12.87082
Kranichborn,Thüringen,51.09237,11.09922
Kranichfeld,Thüringen,50.84122,11.18859
Krankenthal,Rheinland-Pfalz,49.3734,8.07627
Kranlucken,Thüringen,50.73072,9.98459
Kranzbach,Bayern,47.48608,11.21365
Kranzberg,Bayern,48.406,11.61665
Krassow,Mecklenburg-Vorpommern,53.8647,11.68699
Krastel,Rheinland-Pfalz,50.07132,7.44511
Kratzeburg,Mecklenburg-Vorpommern,53.35873,13.24523
Kratzenburg,Rheinland-Pfalz,50.15862,7.48796
Kratzerhöfle,Baden-Württemberg,48.69374,9.8127
Krauchenwies,Baden-Württemberg,47.99859,9.22076
Kraupa,Brandenburg,51.46332,13.5105
Krauschwitz,Sachsen,51.52022,14.71466
Krauschwitz,Sachsen-Anhalt,51.12305,12.0267
Krauschütz,Sachsen,51.28346,13.67654
Krausnick,Brandenburg,51.99014,13.77779
Krautenberg,Bayern,47.92526,10.31087
Krauthausen,Thüringen,50.91344,10.20282
Krautheim,Baden-Württemberg,49.38263,9.63438
Krautheim,Thüringen,51.07341,11.29717
Krautscheid,Rheinland-Pfalz,49.99551,6.23244
Kraußnitz,Sachsen,51.28346,13.67654
Kreba-Neudorf,Sachsen,51.28469,14.70593
Krebeck,Niedersachsen,51.60763,10.22025
Kreblitz,Brandenburg,51.8536,13.75045
Krebsbach Talsperre,Thüringen,50.65507,12.19363
Krefeld,Nordrhein-Westfalen,51.34244,6.57455
Kreien,Mecklenburg-Vorpommern,53.46787,12.02471
Kreiensen,Niedersachsen,51.84439,9.98036
Kreimbach-Kaulbach,Rheinland-Pfalz,49.55093,7.63053
Kreischa,Sachsen,50.94429,13.75869
Kreißa,Sachsen,51.20212,13.27839
Krelau,Schlewig-Holstein,54.36612,9.16403
Krelinger Bruch,Niedersachsen,52.76277,9.58332
Krembz,Mecklenburg-Vorpommern,53.67731,11.11736
Kremkau,Sachsen-Anhalt,52.68707,11.4372
Kremmen,Brandenburg,52.78381,13.008
Kremmin,Mecklenburg-Vorpommern,53.27783,11.6271
Krempdorf,Schlewig-Holstein,53.8266,9.43121
Krempe,Schlewig-Holstein,53.83242,9.52029
Krempel,Schlewig-Holstein,54.32758,9.01596
Krempendorf,Brandenburg,53.31257,12.24274
Kremperheide,Schlewig-Holstein,53.87501,9.46728
Krempermoor,Schlewig-Holstein,53.87501,9.46728
Krempin,Mecklenburg-Vorpommern,54.01771,11.69805
Krems II,Schlewig-Holstein,54.00125,10.41829
Krenzliner Hütte,Mecklenburg-Vorpommern,53.33713,11.46798
Kressbronn,Baden-Württemberg,47.60416,9.5969
Krettenhof,Baden-Württemberg,48.76021,9.68666
Kretz,Rheinland-Pfalz,50.39438,7.3621
Kretzhaus,Rheinland-Pfalz,50.61772,7.33208
Kretzschau,Sachsen-Anhalt,51.01843,12.15186
Kreut,Bayern,47.69131,11.30214
Kreuth,Bayern,47.61834,11.72669
Kreuzau,Nordrhein-Westfalen,50.7381,6.49051
Kreuzbruch,Brandenburg,52.86777,13.42273
Kreuzburg,Brandenburg,53.11688,11.92614
Kreuzebra,Thüringen,51.32506,10.29995
Kreuzhof,Rheinland-Pfalz,49.62698,7.81437
Kreuzpullach,Bayern,48.02485,11.56815
Kreuzquelle,Hessen,50.38637,8.88385
Kreuztal,Nordrhein-Westfalen,50.98031,7.97955
Kreuzwertheim,Bayern,49.76694,9.51959
Krevese,Sachsen-Anhalt,52.78907,11.72233
Krewelin,Brandenburg,53.05639,13.10828
Kreypau,Sachsen-Anhalt,51.27929,12.09208
Kreßberg,Baden-Württemberg,49.13083,10.18407
Kribbe,Brandenburg,53.1628,11.7454
Krickenbach,Rheinland-Pfalz,49.3629,7.66889
Kriebitzsch,Thüringen,51.01804,12.35491
Kriebstein,Sachsen,50.97096,12.97611
Kriegsfeld,Rheinland-Pfalz,49.69607,7.9303
Kriele,Brandenburg,52.5979,12.52041
Krielow,Brandenburg,52.40377,12.78065
Krien,Mecklenburg-Vorpommern,53.83945,13.4791
Kriesow,Mecklenburg-Vorpommern,53.65186,13.12414
Kriftel,Hessen,50.08422,8.46967
Krina,Sachsen-Anhalt,51.6585,12.42901
Krinitz,Mecklenburg-Vorpommern,53.21121,11.41481
Krippendorf,Thüringen,50.87536,11.62055
Kritzenast,Bayern,49.37832,12.70581
Kritzmow,Mecklenburg-Vorpommern,54.05172,12.0508
Kritzow,Mecklenburg-Vorpommern,53.6595,11.6889
Krogaspe,Schlewig-Holstein,54.14074,9.89114
Krohnhorst,Brandenburg,53.18163,13.54788
Krokau,Schlewig-Holstein,54.39513,10.36466
Krombach,Bayern,50.08142,9.20632
Krombach,Thüringen,51.38965,10.16816
Kromsdorf,Thüringen,50.94415,11.42979
Kronach,Bayern,50.2421,11.31131
Kronau,Baden-Württemberg,49.22242,8.60953
Kronberg,Bayern,48.17294,12.31377
Kronberg,Hessen,50.18623,8.51192
Kronburg,Bayern,47.90416,10.15634
Kronprinzenkoog,Schlewig-Holstein,53.95633,8.98282
Kronsgaard,Schlewig-Holstein,54.7442,9.90331
Kronshagen,Schlewig-Holstein,54.33282,10.0857
Kronsmoor,Schlewig-Holstein,53.90589,9.62954
Kronweiler,Rheinland-Pfalz,49.70508,7.16398
Kropp,Schlewig-Holstein,54.40052,9.4998
Kroppach,Rheinland-Pfalz,50.7273,7.6948
Kroppen,Brandenburg,51.45661,13.86426
Kroppenstedt,Sachsen-Anhalt,51.94192,11.23244
Kropstädt,Sachsen-Anhalt,51.89458,12.83063
Krosigk,Sachsen-Anhalt,51.60535,11.927
Krostitz,Sachsen,51.52335,12.30296
Krottelbach,Rheinland-Pfalz,49.477,7.34546
Krottorf,Sachsen-Anhalt,52.01819,11.21961
Kruchten,Rheinland-Pfalz,49.90874,6.31392
Kruckow,Mecklenburg-Vorpommern,53.91804,13.24177
Kruft,Rheinland-Pfalz,50.38512,7.3367
Krugau,Brandenburg,51.91288,14.12376
Kruge,Brandenburg,52.79807,14.01577
Krugland,Mecklenburg-Vorpommern,53.86087,11.94391
Krugsdorf,Mecklenburg-Vorpommern,53.50257,13.99953
Krukow,Mecklenburg-Vorpommern,53.5235,13.05111
Krukow,Schlewig-Holstein,53.43479,10.5472
Krumbach,Bayern,48.24031,10.37509
Krummbek,Schlewig-Holstein,54.39513,10.36466
Krummenau,Rheinland-Pfalz,49.93805,7.2676
Krummendeich,Niedersachsen,53.85072,9.21778
Krummendiek,Schlewig-Holstein,53.92699,9.36454
Krummennaab,Bayern,49.83191,12.09969
Krummensee,Brandenburg,52.45771,13.65039
Krummesse,Schlewig-Holstein,53.76787,10.66888
Krummhörn,Niedersachsen,53.45997,7.11948
Krummin,Mecklenburg-Vorpommern,53.98213,13.77864
Krummland,Schlewig-Holstein,54.48599,9.70994
Krummwisch,Schlewig-Holstein,54.32864,9.84345
Krumpa,Sachsen-Anhalt,51.27917,11.88817
Krumscheid,Rheinland-Pfalz,50.56516,7.3806
Krumstedt,Schlewig-Holstein,54.04992,9.19518
Krunkel,Rheinland-Pfalz,50.58842,7.53101
Krusendorf,Niedersachsen,53.25568,10.94552
Krusenfelde,Mecklenburg-Vorpommern,53.83945,13.4791
Krusenhagen,Mecklenburg-Vorpommern,53.94583,11.58931
Krähenberg,Rheinland-Pfalz,49.3575,7.47965
Kränzlin,Brandenburg,52.90326,12.72486
Kröbeln,Brandenburg,51.53215,13.37895
Krölpa,Thüringen,50.67726,11.54005
Kröning,Bayern,48.55324,12.36426
Kröpelin,Mecklenburg-Vorpommern,54.06316,11.7968
Kröppelshagen-Fahrendorf,Schlewig-Holstein,53.49039,10.31662
Kröppen,Rheinland-Pfalz,49.1291,7.54499
Kröslin,Mecklenburg-Vorpommern,53.98213,13.77864
Kröv,Rheinland-Pfalz,49.99257,7.09006
Krücklham,Bayern,48.15092,12.33083
Krüden,Sachsen-Anhalt,52.88777,11.75233
Krügersdorf,Brandenburg,52.15111,14.14896
Krümmel,Rheinland-Pfalz,50.553,7.80532
Krün,Bayern,47.5052,11.2786
Krüssau,Sachsen-Anhalt,52.14254,11.95492
Krüzen,Schlewig-Holstein,53.43479,10.5472
Kublank,Mecklenburg-Vorpommern,53.5353,13.59334
Kubschütz,Sachsen,51.14858,14.56955
Kuchelmiß,Mecklenburg-Vorpommern,53.68244,12.36276
Kuchen,Baden-Württemberg,48.63913,9.80014
Kuckeland,Sachsen,51.21877,12.75372
Kuckenburg,Sachsen-Anhalt,51.34216,11.58123
Kuckuck,Brandenburg,53.13447,12.18056
Kuddewörde,Schlewig-Holstein,53.58675,10.40213
Kuden,Schlewig-Holstein,54.00258,9.23948
Kudensee,Schlewig-Holstein,53.91479,9.23964
Kuhardt,Rheinland-Pfalz,49.14482,8.31357
Kuhberg,Brandenburg,52.98856,11.7934
Kuhbier,Brandenburg,53.13447,12.18056
Kuhblank,Brandenburg,52.98856,11.7934
Kuhfelde,Sachsen-Anhalt,52.79643,11.33372
Kuhhorst,Brandenburg,52.90326,12.72486
Kuhlen,Mecklenburg-Vorpommern,53.71009,11.68974
Kuhlenbusch,Mecklenburg-Vorpommern,54.31077,12.49967
Kuhlenfeld,Mecklenburg-Vorpommern,53.40359,10.76152
Kuhlhausen,Sachsen-Anhalt,52.58293,12.03886
Kuhlhorst,Niedersachsen,52.52575,8.36743
Kuhlowitz,Brandenburg,52.17817,12.6006
Kuhlrade,Mecklenburg-Vorpommern,53.77944,11.04967
Kuhnhöfen,Rheinland-Pfalz,50.553,7.80532
Kuhs,Mecklenburg-Vorpommern,53.68329,12.0939
Kuhsdorf,Brandenburg,53.13447,12.18056
Kuhstorf,Mecklenburg-Vorpommern,53.40188,11.24957
Kuhwalk,Mecklenburg-Vorpommern,53.46787,12.02471
Kulkwitz,Sachsen,51.28787,12.21271
Kulmain,Bayern,49.89629,11.89701
Kulmbach,Bayern,50.12598,11.43114
Kulpin,Schlewig-Holstein,53.68539,10.88566
Kumhausen,Bayern,48.52365,12.20536
Kummer,Mecklenburg-Vorpommern,53.33713,11.46798
Kummerfeld,Schlewig-Holstein,53.70097,9.79054
Kummerow,Brandenburg,53.21125,14.20947
Kummerow,Mecklenburg-Vorpommern,54.0196,12.84758
Kummersdorf,Brandenburg,52.24406,13.91797
Kummersdorf Gut,Brandenburg,52.13528,13.3709
Kummersdorf-Alexanderdorf,Brandenburg,52.22567,13.43068
Kumpfmühle,Bayern,51.16569,10.45153
Kundert,Rheinland-Pfalz,50.69809,7.81941
Kunersdorf,Brandenburg,52.15111,14.14896
Kunitz,Thüringen,50.87536,11.62055
Kunow,Brandenburg,53.09802,13.28463
Kunrau,Sachsen-Anhalt,52.62603,11.17187
Kunreuth,Bayern,49.68235,11.1443
Kupferberg,Bayern,50.14407,11.58866
Kupferzell,Baden-Württemberg,49.21163,9.70539
Kuppenheim,Baden-Württemberg,48.82796,8.25441
Kuppentin,Mecklenburg-Vorpommern,53.46787,12.02471
Kurort Berggießhübel,Sachsen,50.87448,13.9493
Kurort Hartha,Sachsen,50.97007,13.5362
Kurort Jonsdorf,Sachsen,50.85405,14.69473
Kurort Oberwiesenthal,Sachsen,50.44052,12.95267
Kurort Oybin,Sachsen,50.84125,14.74239
Kurort Rathen,Sachsen,50.87199,14.04256
Kurort Seiffen,Sachsen,50.64835,13.45242
Kurort Volkersdorf,Sachsen,51.16768,13.66377
Kurtscheid,Rheinland-Pfalz,50.51412,7.46685
Kurtschlag,Brandenburg,53.00545,13.36551
Kurzen Trechow,Mecklenburg-Vorpommern,53.86087,11.94391
Kurzlipsdorf,Brandenburg,51.95066,13.09874
Kuschkow,Brandenburg,51.99014,13.77779
Kusel,Rheinland-Pfalz,49.54649,7.40273
Kusey,Sachsen-Anhalt,52.62603,11.17187
Kussow,Mecklenburg-Vorpommern,53.95172,11.12204
Kusterdingen,Baden-Württemberg,48.48975,9.10218
Kutenholz,Niedersachsen,53.48112,9.3229
Kutzenhausen,Bayern,48.34152,10.6948
Kutzleben,Thüringen,51.16137,10.81909
Kyllburg,Rheinland-Pfalz,50.05755,6.60138
Kyllburgweiler,Rheinland-Pfalz,50.05755,6.60138
Kyritz,Brandenburg,52.98479,12.35979
Käbschütztal,Sachsen,51.09541,13.46418
Kägsdorf,Mecklenburg-Vorpommern,54.10838,11.67445
Kählen,Schlewig-Holstein,54.33916,10.22265
Kälberfeld,Thüringen,50.9421,10.3893
Kämmeritze,Thüringen,50.63519,11.35947
Kämpfelbach,Baden-Württemberg,48.93487,8.63304
Kändler,Sachsen,50.86091,12.83627
Kärlingerhaus,Bayern,47.63321,13.05171
Käshofen,Rheinland-Pfalz,49.3575,7.47965
Käterhagen,Mecklenburg-Vorpommern,53.86087,11.94391
Käthen,Sachsen-Anhalt,52.62138,11.71825
Köchelstorf,Mecklenburg-Vorpommern,53.77944,11.04967
Köck,Bayern,51.16569,10.45153
Köckte,Sachsen-Anhalt,52.49571,11.17824
Ködderitzsch,Thüringen,51.0879,11.62857
Köditz,Bayern,50.33199,11.8485
Köditzberg,Thüringen,50.65898,11.11527
Ködnitz,Bayern,50.09795,11.5032
Köfeln,Thüringen,50.81461,12.03238
Köfering,Bayern,48.938,12.18937
Köhlen,Niedersachsen,53.6247,8.84154
Köhn,Schlewig-Holstein,54.35831,10.47798
Köhnerbrücke,Schlewig-Holstein,54.35831,10.47798
Kölbingen,Rheinland-Pfalz,50.55079,7.9309
Kölleda,Thüringen,51.21247,11.28237
Kölleshof,Baden-Württemberg,48.56212,9.62526
Kölln-Reisiek,Schlewig-Holstein,53.75073,9.71782
Köln,Nordrhein-Westfalen,50.94176,6.96426
Kölnische Höfe,Rheinland-Pfalz,50.25494,7.01082
Kölsa,Brandenburg,51.59237,13.22793
Kölzin,Mecklenburg-Vorpommern,53.74763,12.1883
Könderitz,Sachsen-Anhalt,51.01843,12.15186
Köngen,Baden-Württemberg,48.68674,9.35206
Köngernheim,Rheinland-Pfalz,49.83783,8.25653
Königerode,Sachsen-Anhalt,51.64225,11.12517
Königheim,Baden-Württemberg,49.61797,9.59561
Königreich,Rheinland-Pfalz,49.38948,7.61506
Königs Wusterhausen,Brandenburg,52.29486,13.62672
Königsau,Rheinland-Pfalz,49.78701,7.49201
Königsbach-Stein,Baden-Württemberg,48.97061,8.64145
Königsberg,Bayern,50.08087,10.56645
Königsberg,Brandenburg,53.12115,12.51526
Königsborn,Sachsen-Anhalt,52.14738,11.76182
Königsbronn,Baden-Württemberg,48.72855,10.11122
Königsbrunn,Bayern,48.25845,10.88217
Königsbrück,Sachsen,51.26567,13.90437
Königsdorf,Bayern,47.81625,11.48095
Königsee,Thüringen,50.65898,11.11527
Königseggwald,Baden-Württemberg,47.92662,9.42955
Königsfeld,Baden-Württemberg,48.14064,8.41581
Königsfeld,Bayern,49.94433,11.16334
Königsfeld,Rheinland-Pfalz,50.49565,7.15123
Königsfeld,Sachsen,51.04474,12.79055
Königshain,Sachsen,51.14685,14.88522
Königshain-Wiederau,Sachsen,51.04474,12.79055
Königsheim,Baden-Württemberg,48.09903,8.86744
Königshof,Brandenburg,52.70157,14.09171
Königshorst,Brandenburg,52.76191,12.81194
Königshügel,Schlewig-Holstein,54.31935,9.4099
Königshütte,Brandenburg,52.5979,12.52041
Königshütte,Sachsen-Anhalt,51.74239,10.76526
Königslutter,Niedersachsen,52.27321,10.79297
Königsmark,Sachsen-Anhalt,52.78907,11.72233
Königsmoor,Niedersachsen,53.27799,9.69117
Königsmoos,Bayern,48.64855,11.18687
Königstein,Bayern,49.60506,11.65857
Königstein,Hessen,50.19003,8.46013
Königstein,Sachsen,50.87199,14.04256
Königswalde,Sachsen,50.6451,12.71186
Königswartha,Sachsen,51.31059,14.32911
Königswill,Schlewig-Holstein,54.5223,9.56615
Königswinter,Nordrhein-Westfalen,50.69245,7.26292
Könitz,Thüringen,51.16569,10.45153
Könkendorf,Brandenburg,53.13447,12.18056
Könnern,Sachsen-Anhalt,51.67516,11.76621
Könnigde,Sachsen-Anhalt,52.66141,11.55543
Köpernitz,Brandenburg,52.26741,12.28739
Köpfelsberg,Bayern,47.94403,12.69994
Köppelmühle,Bayern,48.19978,11.87226
Körba,Brandenburg,51.74171,13.42121
Körbelitz,Sachsen-Anhalt,52.14738,11.76182
Körbitz,Brandenburg,51.95066,13.09874
Körborn,Rheinland-Pfalz,49.56984,7.35799
Körchow,Mecklenburg-Vorpommern,53.80765,11.37623
Kördorf,Rheinland-Pfalz,50.29585,7.91754
Körle,Hessen,51.17453,9.52363
Körner,Thüringen,51.23119,10.58734
Körperich,Rheinland-Pfalz,49.90874,6.31392
Körzin,Brandenburg,52.22866,12.92762
Kösching,Bayern,48.83805,11.53089
Köschinger Waldhaus,Bayern,48.83805,11.53089
Köselitz,Sachsen-Anhalt,51.93811,12.43055
Köshof,Baden-Württemberg,48.89043,9.64704
Kösnitz,Thüringen,51.01108,11.50044
"Köthel, Kr Hzgt Lauenburg",Schlewig-Holstein,53.59911,10.44675
"Köthel, Kr Stormarn",Schlewig-Holstein,53.59911,10.44675
Köthen,Sachsen-Anhalt,51.7398,11.97076
Kötschau,Thüringen,50.94415,11.42979
Kötschlitz,Sachsen-Anhalt,51.35911,12.08754
Kötterichen,Rheinland-Pfalz,50.25494,7.01082
Köttwitzsch,Sachsen,51.04474,12.79055
Kötz,Bayern,48.40713,10.27587
Kötzlin,Brandenburg,52.98479,12.35979
Kötzschau,Sachsen-Anhalt,51.27929,12.09208
Kötzting,Bayern,49.17678,12.85175
Köwerich,Rheinland-Pfalz,49.83891,6.85195
Kößlarn,Bayern,48.37126,13.12284
Kückenshagen,Mecklenburg-Vorpommern,54.31077,12.49967
Küdow,Brandenburg,52.8583,12.43437
Kühbach,Bayern,48.50697,11.18346
Kühdorf,Thüringen,50.7443,12.14674
Kühlenstein,Mecklenburg-Vorpommern,53.95172,11.12204
Kühlenthal,Bayern,48.56633,10.83067
Kühler Morgen,Thüringen,50.44155,11.61814
Kühlungsborn,Mecklenburg-Vorpommern,54.14025,11.74367
Kühndorf,Thüringen,50.66639,10.55494
Kühnhaide,Sachsen,50.60886,13.18468
Kühnhausen,Thüringen,51.04516,10.95031
Kühnitzsch,Sachsen,51.38083,12.82912
Kühren,Schlewig-Holstein,54.22409,10.29885
Kühren-Burkartshain,Sachsen,51.38083,12.82912
Kührstedt,Niedersachsen,53.6247,8.84154
Kühsen,Schlewig-Holstein,53.69829,10.52664
Kükels,Schlewig-Holstein,53.92152,10.22117
Küllstedt,Thüringen,51.26597,10.24972
Külsheim,Baden-Württemberg,49.66759,9.51824
Külz,Rheinland-Pfalz,49.99609,7.44468
Kümbdchen,Rheinland-Pfalz,49.99609,7.44468
Kümmernitz,Sachsen-Anhalt,52.83068,12.16724
Kümmersbruck,Bayern,49.41995,11.88751
Kümmritz,Brandenburg,51.97487,13.59976
Künzell,Hessen,50.5321,9.73539
Künzelsau,Baden-Württemberg,49.30431,9.69796
Künzing,Bayern,48.66591,13.07575
Küps,Bayern,50.18851,11.27872
Kürnach,Bayern,49.84644,10.04027
Kürnbach,Baden-Württemberg,49.0819,8.84932
Kürten,Nordrhein-Westfalen,51.049,7.24992
Küsel,Sachsen-Anhalt,52.14254,11.95492
Küssaberg,Baden-Württemberg,47.59522,8.32221
Küsten,Niedersachsen,52.97793,11.06264
Küstrin-Kietz,Brandenburg,52.55133,14.55333
Kütten,Sachsen-Anhalt,51.60535,11.927
Kützin,Mecklenburg-Vorpommern,53.50693,11.07801
Kützkow,Brandenburg,52.50645,12.46318
Laaber,Bayern,49.06612,11.89174
Laage,Mecklenburg-Vorpommern,53.90807,12.34444
Laake,Niedersachsen,53.25568,10.94552
Laar,Niedersachsen,52.61218,6.84698
Laasdorf,Thüringen,50.85628,11.77906
Laase,Mecklenburg-Vorpommern,53.77814,12.01836
Laasen,Thüringen,50.52977,11.3828
Laaslich,Brandenburg,53.11688,11.92614
Laasow,Brandenburg,51.82047,14.01213
Laatzen,Niedersachsen,52.28125,9.84827
Laave,Niedersachsen,53.25568,10.94552
Labenz,Schlewig-Holstein,53.69829,10.52664
Laberweinting,Bayern,48.76514,12.32476
Laboe,Schlewig-Holstein,54.40222,10.22559
Labrun,Sachsen-Anhalt,51.16569,10.45153
Lachen,Bayern,47.94493,10.2413
Lachendorf,Niedersachsen,52.61898,10.24197
Lachnitzmühle,Rheinland-Pfalz,50.44237,7.59047
Lachstedt,Thüringen,51.0879,11.62857
Lacken,Bayern,48.03278,12.30562
Ladbergen,Nordrhein-Westfalen,52.13648,7.73724
Ladeburg,Brandenburg,52.68748,13.56728
Ladeburg,Sachsen-Anhalt,52.10347,12.08581
Ladelund,Schlewig-Holstein,54.83475,9.03312
Ladenburg,Baden-Württemberg,49.48252,8.61812
Ladenthin,Mecklenburg-Vorpommern,53.33916,14.34829
Laer,Nordrhein-Westfalen,52.05767,7.35313
Lage,Niedersachsen,52.55701,7.05515
Lage,Nordrhein-Westfalen,51.98113,8.77688
Lagendorf,Sachsen-Anhalt,52.78368,10.87672
Lahn,Niedersachsen,52.82229,7.63096
Lahnau,Hessen,50.58781,8.56804
Lahnstein,Rheinland-Pfalz,50.31014,7.61188
Lahntal,Hessen,50.84708,8.66845
Lahr,Baden-Württemberg,48.33915,7.87815
Lahr,Rheinland-Pfalz,49.99003,6.87952
Lahstedt,Niedersachsen,52.24154,10.24714
Laichingen,Baden-Württemberg,48.49286,9.6786
Lalendorf,Mecklenburg-Vorpommern,53.76022,12.38723
Lalling,Bayern,48.84216,13.17659
Lam,Bayern,49.19715,13.05087
Lambertsberg,Rheinland-Pfalz,50.08513,6.38539
Lambertskreuz,Rheinland-Pfalz,49.43227,7.96496
Lambrecht,Rheinland-Pfalz,49.3734,8.07627
Lambrechtshagen,Mecklenburg-Vorpommern,54.1024,12.07593
Lambsborn,Rheinland-Pfalz,49.3575,7.47965
Lambsheim,Rheinland-Pfalz,49.50728,8.28886
Lamerdingen,Bayern,48.08674,10.73166
Lammershagen,Schlewig-Holstein,54.28984,10.43091
Lampaden,Rheinland-Pfalz,49.67873,6.74208
Lampertheim,Hessen,49.59415,8.49624
Lampertswalde,Sachsen,51.28346,13.67654
Lamsfeld-Groß Liebitz,Brandenburg,51.91288,14.12376
Lamspringe,Niedersachsen,51.96192,10.01162
Lamstedt,Niedersachsen,53.63018,9.09834
Lancken,Mecklenburg-Vorpommern,53.40765,11.72243
Lancken-Granitz,Mecklenburg-Vorpommern,54.34211,13.69412
Landau,Bayern,48.64168,12.70567
Landau,Rheinland-Pfalz,49.19352,8.09486
Landeck,Baden-Württemberg,48.11973,7.86638
Landensberg,Bayern,48.43377,10.51832
Landesbergen,Niedersachsen,52.5581,9.12005
Landgemeinde,Sachsen-Anhalt,51.45058,11.23554
Landin,Brandenburg,52.82024,13.25234
Landkern,Rheinland-Pfalz,50.19369,7.15361
Landkirchen,Schlewig-Holstein,54.47005,11.13293
Landolfshausen,Niedersachsen,51.54071,10.16298
Landrecht,Schlewig-Holstein,53.92699,9.36454
Landsberg,Bayern,48.0253,10.85066
Landsberg,Sachsen-Anhalt,51.53243,12.11555
Landsberied,Bayern,48.16009,11.17045
Landscheid,Rheinland-Pfalz,49.98797,6.77316
Landscheide,Schlewig-Holstein,53.91479,9.23964
Landsendorf,Thüringen,50.58139,11.47863
Landshut,Bayern,48.54795,12.138
Landstuhl,Rheinland-Pfalz,49.3982,7.56026
Landturm,Baden-Württemberg,49.15227,9.92144
Landwehr,Niedersachsen,51.92162,9.98497
Landwüst,Sachsen,50.30514,12.3245
Langballig,Schlewig-Holstein,54.79712,9.63702
Langdorf,Bayern,49.01193,13.14783
Langebrück,Sachsen,51.1261,13.84178
Langeln,Sachsen-Anhalt,51.89536,10.70342
Langeln,Schlewig-Holstein,53.77298,9.84693
Langelsheim,Niedersachsen,51.89835,10.31419
Langen,Brandenburg,52.90326,12.72486
Langen,Hessen,49.98867,8.66281
Langen,Niedersachsen,53.11844,8.07011
Langen Brütz,Mecklenburg-Vorpommern,53.69609,11.52711
Langen Jarchow,Mecklenburg-Vorpommern,53.71009,11.68974
Langen Trechow,Mecklenburg-Vorpommern,53.86087,11.94391
Langenaltheim,Bayern,48.89397,10.92932
Langenapel,Sachsen-Anhalt,52.78368,10.87672
Langenargen,Baden-Württemberg,47.59951,9.54225
Langenau,Baden-Württemberg,48.50606,10.10929
Langenbach,Bayern,48.43433,11.85158
Langenbach,Rheinland-Pfalz,50.31973,7.70052
Langenbach,Sachsen,50.53947,11.92895
Langenbach,Thüringen,50.53285,10.897
Langenberg,Nordrhein-Westfalen,51.77998,8.32362
Langenberg,Rheinland-Pfalz,49.01611,8.15813
Langenbernsdorf,Sachsen,50.74986,12.29311
Langenbogen,Sachsen-Anhalt,51.45646,11.81881
Langenbrettach,Baden-Württemberg,49.2172,9.39278
Langenburg,Baden-Württemberg,49.25437,9.859
Langendorf,Niedersachsen,53.10778,11.2327
Langendorf,Sachsen-Anhalt,51.14291,12.07586
Langeneichstädt,Sachsen-Anhalt,51.34216,11.58123
Langenenslingen,Baden-Württemberg,48.14862,9.37785
Langeneß,Schlewig-Holstein,54.64083,8.61966
Langenfeld,Bayern,49.61018,10.51174
Langenfeld,Nordrhein-Westfalen,51.11899,6.96257
Langenfeld,Rheinland-Pfalz,50.36912,7.15165
Langengrassau,Brandenburg,51.8536,13.75045
Langenhagen,Mecklenburg-Vorpommern,53.58385,12.07135
Langenhagen,Niedersachsen,52.45545,9.72061
Langenhahn,Rheinland-Pfalz,50.55079,7.9309
Langenhain,Thüringen,50.93185,10.56086
Langenhalde,Baden-Württemberg,48.91266,9.98096
Langenhanshagen,Mecklenburg-Vorpommern,54.23283,12.6236
Langenhanshagen Heide,Mecklenburg-Vorpommern,54.23283,12.6236
Langenheide,Mecklenburg-Vorpommern,53.25568,10.94552
Langenhennersdorf,Sachsen,50.87448,13.9493
Langenhessen,Sachsen,51.16569,10.45153
Langenhorn,Schlewig-Holstein,54.68164,8.93372
Langenhorst,Schlewig-Holstein,54.4108,9.9788
Langenlehsten,Schlewig-Holstein,53.47932,10.61596
Langenleuba-Niederhain,Thüringen,50.95966,12.58894
Langenlipsdorf,Brandenburg,51.95066,13.09874
Langenlonsheim,Rheinland-Pfalz,49.89861,7.90332
Langenmosen,Bayern,48.60775,11.20836
Langennaundorf,Brandenburg,51.5951,13.3007
Langenneufnach,Bayern,48.26359,10.60521
Langenorla,Thüringen,50.70572,11.60129
Langenpreising,Bayern,48.42644,11.9753
Langenreichenbach,Sachsen,51.4565,12.92728
Langenrieth,Brandenburg,51.4344,13.22132
Langenroda,Thüringen,51.28863,11.37115
Langensalzwedel,Sachsen-Anhalt,52.56094,11.94126
Langenscheid,Rheinland-Pfalz,50.3549,8.04866
Langenselbold,Hessen,50.19183,9.05265
Langensendelbach,Bayern,49.64056,11.0663
Langenstein,Sachsen-Anhalt,51.8707,10.90885
Langensteinbach,Sachsen,51.01623,12.71699
Langenstück,Mecklenburg-Vorpommern,53.8647,11.68699
Langenthal,Rheinland-Pfalz,49.79928,7.59146
Langenweddingen,Sachsen-Anhalt,52.03183,11.51991
Langenweißbach,Sachsen,50.66835,12.60888
Langenwetzendorf,Thüringen,50.67949,12.09402
Langenwolschendorf,Thüringen,50.62924,12.03912
Langenzenn,Bayern,49.48627,10.76504
Langeoog,Niedersachsen,53.74737,7.49257
Langerringen,Bayern,48.1255,10.74646
Langerwehe,Nordrhein-Westfalen,50.807,6.3766
Langerwisch,Brandenburg,51.16569,10.45153
Langerwisch Süd,Brandenburg,52.30971,13.07311
Langethalsmühle,Thüringen,50.93901,11.75028
Langewahl,Brandenburg,52.38647,14.19504
Langewiesen,Thüringen,50.67195,10.97981
Langfurth,Bayern,49.09975,10.4523
Langgöns,Hessen,50.47736,8.581
Langhagen,Mecklenburg-Vorpommern,53.76022,12.38723
Langhardt,Rheinland-Pfalz,50.43079,7.1172
Langheckerhof,Rheinland-Pfalz,49.65376,7.87329
Langhennersdorf,Sachsen,50.96611,13.31116
Langlingen,Niedersachsen,52.55573,10.28193
Langnow,Brandenburg,53.13447,12.18056
Langquaid,Bayern,48.82266,12.05144
Langscheid,Rheinland-Pfalz,50.36912,7.15165
Langsdorf,Mecklenburg-Vorpommern,54.11052,12.65577
Langstedt,Schlewig-Holstein,54.62064,9.37061
Langsur,Rheinland-Pfalz,49.72897,6.51078
Langula,Thüringen,51.16569,10.42104
Langwedel,Niedersachsen,53.00475,9.16885
Langwedel,Schlewig-Holstein,54.21168,9.92982
Langweid,Bayern,48.48533,10.86095
Langweiler,Rheinland-Pfalz,49.74021,7.38019
Langwieden,Rheinland-Pfalz,49.3575,7.47965
Langwiederberg,Bayern,48.05473,12.19542
Langwitz,Mecklenburg-Vorpommern,53.73868,12.76657
Lank,Mecklenburg-Vorpommern,53.30347,11.08369
Lankau,Schlewig-Holstein,53.60306,10.61165
Lanke,Brandenburg,52.76525,13.64496
Lansen,Mecklenburg-Vorpommern,53.51459,12.73048
Lanz,Brandenburg,53.08315,11.49815
Lanze,Schlewig-Holstein,53.43479,10.5472
Lapitz,Mecklenburg-Vorpommern,53.5235,13.05111
Lappersdorf,Bayern,49.06927,12.06202
Lasbek,Schlewig-Holstein,53.74593,10.48397
Lascheid,Rheinland-Pfalz,50.13897,6.34764
Lasel,Rheinland-Pfalz,50.11084,6.4802
Lassahn,Mecklenburg-Vorpommern,53.5616,10.94705
Lassan,Mecklenburg-Vorpommern,53.98213,13.77864
Lastrup,Niedersachsen,52.79435,7.89251
Latdorf,Sachsen-Anhalt,51.80198,11.66856
Latendorf,Schlewig-Holstein,54.00208,10.06088
Lathen,Niedersachsen,52.88228,7.36462
Laubach,Hessen,50.54725,9.03335
Laubach,Rheinland-Pfalz,50.16149,7.2617
Lauben,Bayern,47.91935,10.29407
Laubenheim,Rheinland-Pfalz,49.89159,7.84458
Lauberhof,Rheinland-Pfalz,49.51225,8.02941
Laubsdorf,Brandenburg,51.7437,14.41743
Laubst,Brandenburg,51.65575,14.22417
Laubusch,Sachsen,51.45679,14.10083
Laucha,Sachsen-Anhalt,51.21757,11.65896
Laucha,Thüringen,50.93185,10.56086
Lauchhammer,Brandenburg,51.50045,13.73994
Lauchheim,Baden-Württemberg,48.85951,10.23719
Lauchringen,Baden-Württemberg,47.6243,8.33076
Lauchröden,Thüringen,50.91344,10.20282
Lauda-Königshofen,Baden-Württemberg,49.54786,9.72943
Laudenbach,Baden-Württemberg,49.60927,8.64486
Laudenbach,Bayern,49.74435,9.17469
Laudert,Rheinland-Pfalz,50.11304,7.57863
Lauen,Mecklenburg-Vorpommern,53.83187,10.87156
Lauenau,Niedersachsen,52.27415,9.36793
Lauenbrück,Niedersachsen,53.20986,9.59277
Lauenburg,Schlewig-Holstein,53.3871,10.51981
Lauenförde,Niedersachsen,51.65984,9.3879
Lauenhagen,Niedersachsen,52.35633,9.20802
Lauenstein,Sachsen,50.75693,13.79231
Lauf,Baden-Württemberg,48.63752,8.14333
Lauf,Bayern,49.54021,11.27529
Laufach,Bayern,50.01195,9.29439
Laufeld,Rheinland-Pfalz,50.07866,6.77218
Laufen,Bayern,47.92389,12.87835
Laufenbacherhof,Rheinland-Pfalz,50.41461,6.8077
Laufenburg,Baden-Württemberg,47.58407,8.06357
Laufersweiler,Rheinland-Pfalz,49.93234,7.30882
Lauffen,Baden-Württemberg,49.07805,9.15817
Laufmühle,Bayern,48.85624,12.91309
Laufzorn,Bayern,48.02485,11.56815
Laugna,Bayern,48.5297,10.6963
Lauingen,Bayern,48.55715,10.44032
Laumersheim,Rheinland-Pfalz,49.54376,8.23683
Lauperath,Rheinland-Pfalz,50.08513,6.38539
Laupheim,Baden-Württemberg,48.22606,9.85547
Laurenburg,Rheinland-Pfalz,50.28074,7.83452
Lauscha,Thüringen,50.49399,11.14041
Lauschgrün,Sachsen,50.61352,12.24518
Lauschied,Rheinland-Pfalz,49.75984,7.67099
Lausitz,Brandenburg,51.53215,13.37895
Lausnitz,Thüringen,50.70616,11.6338
Lauta,Sachsen,51.45679,14.10083
Lautenbach,Baden-Württemberg,48.52069,8.115
Lautenbachhof,Baden-Württemberg,48.70017,8.66668
Lauter,Bayern,48.91931,11.73828
Lauter,Sachsen,50.55545,12.72441
Lauterach,Baden-Württemberg,48.2929,9.66123
Lauterbach,Baden-Württemberg,48.22916,8.34448
Lauterbach,Hessen,50.64633,9.36476
Lauterbach,Thüringen,51.07874,10.3351
Lauterecken,Rheinland-Pfalz,49.65219,7.59042
Lauterhofen,Bayern,49.36892,11.60585
Lautersheim,Rheinland-Pfalz,49.64194,8.13416
Lauterstein,Baden-Württemberg,48.72001,9.91929
Lautert,Rheinland-Pfalz,50.20139,7.85813
Lautertal,Bayern,50.34312,10.9687
Lautertal,Hessen,50.14942,8.99087
Lautrach,Bayern,47.8967,10.116
Lautzenbrücken,Rheinland-Pfalz,50.66661,8.01375
Lautzenhausen,Rheinland-Pfalz,49.93805,7.2676
Laußig,Sachsen,51.4869,12.6412
Laußnitz,Sachsen,51.26567,13.90437
Lawalde,Sachsen,51.0774,14.65558
Lawalde-Kleindehsa,Sachsen,51.0774,14.65558
Lawalde-Lauba,Sachsen,51.0774,14.65558
Lawitz,Brandenburg,52.0884,14.6454
Lebach,Saarland,49.41469,6.88937
Lebecksmühle,Rheinland-Pfalz,49.4321,7.36022
Lebehn,Mecklenburg-Vorpommern,53.49892,14.30434
Lebendorf,Sachsen-Anhalt,51.67516,11.76621
Lebien,Sachsen-Anhalt,51.16569,10.45153
Lebrade,Schlewig-Holstein,54.1684,10.43229
Lebus,Brandenburg,52.42677,14.46597
Lebusa,Brandenburg,51.74171,13.42121
Lechbruck,Bayern,47.69692,10.78256
Lechenbach,Rheinland-Pfalz,50.77426,7.77423
Leck,Schlewig-Holstein,54.76989,9.01126
Leddin,Brandenburg,52.8583,12.43437
Lederhose,Thüringen,50.848,11.96203
Leegebruch,Brandenburg,52.72239,13.19159
Leer,Niedersachsen,53.2552,7.45136
Leese,Niedersachsen,52.50981,9.14828
Leeskow,Brandenburg,51.98339,14.29955
Leest,Brandenburg,52.46992,12.99658
Leetza,Sachsen-Anhalt,51.89458,12.83063
Leezdorf,Niedersachsen,53.50578,7.26072
Leezen,Mecklenburg-Vorpommern,53.69609,11.52711
Leezen,Schlewig-Holstein,53.85411,10.2501
Legau,Bayern,47.86117,10.13451
Legde,Brandenburg,52.94993,11.96002
Legden,Nordrhein-Westfalen,52.04197,7.08852
Legefeld,Thüringen,50.89675,11.26789
Lehe,Niedersachsen,52.95914,7.34285
Lehe,Schlewig-Holstein,54.32758,9.01596
Lehen in Surberg,Bayern,47.83296,12.74977
Lehenfeld,Baden-Württemberg,48.9184,9.11922
Leherfeld,Schlewig-Holstein,54.3446,9.08258
Lehermann,Bayern,51.16569,10.45153
Lehesten,Thüringen,50.72689,11.53888
Lehma,Thüringen,51.01804,12.35491
Lehmberg,Bayern,48.85624,12.91309
Lehmen,Rheinland-Pfalz,50.24828,7.44801
Lehmkuhlen,Schlewig-Holstein,54.22409,10.29885
Lehmrade,Schlewig-Holstein,53.62052,10.8185
Lehmsiek,Schlewig-Holstein,54.40276,9.74704
Lehner,Bayern,47.79891,11.81535
Lehnin,Brandenburg,52.34271,12.67683
Lehnitz,Brandenburg,51.16569,10.45153
Lehnsdorf,Brandenburg,52.07082,12.69015
Lehnstedt,Thüringen,50.94415,11.42979
Lehrberg,Bayern,49.34672,10.49685
Lehre,Niedersachsen,52.33686,10.68563
Lehrensteinsfeld,Baden-Württemberg,49.12962,9.32285
Lehrte,Niedersachsen,52.38521,10.01648
Lehsen,Mecklenburg-Vorpommern,53.50693,11.07801
Leibchel,Brandenburg,51.91288,14.12376
Leibertingen,Baden-Württemberg,48.01077,8.98567
Leiblfing,Bayern,48.77301,12.53279
Leibsch,Brandenburg,51.99014,13.77779
Leichlingen,Nordrhein-Westfalen,51.10793,7.05923
Leidenborn,Rheinland-Pfalz,50.13772,6.21658
Leidersbach,Bayern,49.8921,9.24136
Leienkaul,Rheinland-Pfalz,50.25166,7.07828
Leiferde,Niedersachsen,52.44571,10.43376
Leimbach,Rheinland-Pfalz,50.18901,6.58201
Leimbach,Sachsen-Anhalt,51.34216,11.58123
Leimbach,Thüringen,51.14691,10.49814
Leimen,Baden-Württemberg,49.34744,8.71264
Leimen,Rheinland-Pfalz,49.26028,7.67464
Leimersheim,Rheinland-Pfalz,49.12461,8.34366
Leina,Thüringen,50.93185,10.56086
Leinach,Bayern,49.86154,9.79881
Leinburg,Bayern,49.45124,11.30654
Leinefelde,Thüringen,51.38661,10.32291
Leinfelden-Echterdingen,Baden-Württemberg,48.6886,9.14103
Leingarten,Baden-Württemberg,49.13821,9.10642
Leinhäusle,Baden-Württemberg,48.85809,9.79316
Leiningen,Rheinland-Pfalz,50.11304,7.57863
Leiningen,Thüringen,50.60956,12.17024
Leiningerhof,Rheinland-Pfalz,49.74161,7.86568
Leinsweiler,Rheinland-Pfalz,49.19352,8.09486
Leinzell,Baden-Württemberg,48.84943,9.87661
Leipa,Sachsen-Anhalt,51.83464,12.98299
Leipe,Brandenburg,51.78322,14.0757
Leipheim,Bayern,48.45799,10.19568
Leipnitz,Sachsen,51.21877,12.75372
Leippe-Torno,Sachsen,51.45679,14.10083
Leippen,Sachsen,51.09541,13.46418
Leipzig,Sachsen,51.34069,12.37973
Leisel,Rheinland-Pfalz,49.70508,7.16398
Leislau,Sachsen-Anhalt,51.10502,11.82778
Leisnig,Sachsen,51.15647,12.9271
Leisterförde,Mecklenburg-Vorpommern,53.40359,10.76152
Leiten,Bayern,48.48673,11.50191
Leiteneck,Bayern,48.03278,12.30562
Leithof,Rheinland-Pfalz,49.66696,7.98012
Leitlitz,Thüringen,50.62924,12.03912
Leitzkau,Sachsen-Anhalt,52.10347,12.08581
Leitzweiler,Rheinland-Pfalz,49.61281,7.25131
Leiwen,Rheinland-Pfalz,49.83891,6.85195
Leizen,Mecklenburg-Vorpommern,53.32468,12.45353
Leißling,Sachsen-Anhalt,51.20958,11.94525
Lelkendorf,Mecklenburg-Vorpommern,53.88256,12.58682
Lemberg,Rheinland-Pfalz,49.17035,7.65218
Lembruch,Niedersachsen,52.52575,8.36743
Lemförde,Niedersachsen,52.4618,8.37615
Lemgo,Nordrhein-Westfalen,52.03535,8.907
Lemgow,Niedersachsen,52.90346,11.33155
Lemnitz,Thüringen,50.72386,11.83699
Lemwerder,Niedersachsen,53.1623,8.61515
Lengdorf,Bayern,48.25748,12.0475
Lengede,Niedersachsen,52.20097,10.28284
Lengefeld,Sachsen,50.73531,13.18669
Lengefeld,Sachsen-Anhalt,51.45058,11.23554
Lengefeld,Thüringen,51.25626,10.35915
Lengenbostel,Niedersachsen,53.29205,9.51779
Lengenfeld,Sachsen,50.56931,12.36611
Lengenfeld unterm Stein,Thüringen,51.25626,10.35915
Lengenwang,Bayern,47.6951,10.5899
Lengerich,Niedersachsen,52.57215,7.50568
Lengerich,Nordrhein-Westfalen,52.16494,7.83904
Lengersau,Bayern,47.62094,10.03599
Lengfeld,Thüringen,50.50626,10.62202
Lenggries,Bayern,47.55722,11.54556
Lenne,Niedersachsen,51.85165,9.61033
Lennestadt,Nordrhein-Westfalen,51.13026,8.09026
Lennewitz,Brandenburg,52.94993,11.96002
Lenningen,Baden-Württemberg,48.5553,9.46831
Lensahn,Schlewig-Holstein,54.21963,10.88332
Lenschow,Mecklenburg-Vorpommern,53.5239,11.79548
Lenterode,Thüringen,51.36287,10.07218
Lentföhrden,Schlewig-Holstein,53.87259,9.88369
Lenting,Bayern,48.80478,11.45966
Lentzke,Brandenburg,52.76191,12.81194
Lenzen,Brandenburg,53.08315,11.49815
Lenzen,Mecklenburg-Vorpommern,53.69223,11.86932
Lenzersilge,Brandenburg,53.11688,11.92614
Lenzkirch,Baden-Württemberg,47.85644,8.20889
Leonberg,Baden-Württemberg,48.80116,8.99799
Leonberg,Bayern,49.93482,12.27359
Leopoldshagen,Mecklenburg-Vorpommern,53.71537,14.15981
Leopoldshöhe,Nordrhein-Westfalen,52.00812,8.70107
Leppin,Mecklenburg-Vorpommern,53.31812,11.92791
Leppin,Sachsen-Anhalt,52.88777,11.75233
Leps,Sachsen-Anhalt,52.00334,12.22069
Lerchen,Bayern,47.83296,12.74977
Leschen,Sachsen,51.13432,13.12724
Letschin,Brandenburg,52.64405,14.36122
Lettweiler,Rheinland-Pfalz,49.72731,7.77112
Letzlingen,Sachsen-Anhalt,52.53867,11.40509
Leuben-Schleinitz,Sachsen,51.20212,13.27839
Leubetha,Sachsen,50.34531,12.24269
Leubingen,Thüringen,51.17087,11.16515
Leubnitz,Sachsen,50.63486,12.18558
Leubsdorf,Rheinland-Pfalz,50.56516,7.3806
Leubsdorf,Sachsen,50.80817,13.10433
Leubsdorf,Thüringen,50.72386,11.83699
Leuchtenberg,Bayern,49.59763,12.25892
Leuenberg,Brandenburg,52.79807,14.01577
Leun,Hessen,50.55393,8.31693
Leuna,Sachsen-Anhalt,51.32287,12.08202
Leupahn,Sachsen,51.04474,12.79055
Leupoldsgrün,Bayern,50.29167,11.79827
Leussow,Mecklenburg-Vorpommern,53.33713,11.46798
Leutenbach,Baden-Württemberg,48.88767,9.39256
Leutenbach,Bayern,49.69908,11.18191
Leutenberg,Thüringen,50.58139,11.47863
Leutenhain,Sachsen,51.04474,12.79055
Leutenthal,Thüringen,51.07341,11.29717
Leuterod,Rheinland-Pfalz,50.553,7.80532
Leutersdorf,Sachsen,50.95493,14.65194
Leutersdorf,Thüringen,50.53061,10.35396
Leutershausen,Bayern,49.28554,10.38052
Leutesdorf,Rheinland-Pfalz,50.47141,7.38205
Leutewitz,Sachsen,51.26068,13.23232
Leuthen,Brandenburg,51.7437,14.41743
Leutkirch,Baden-Württemberg,47.82261,10.0064
Leutnitz,Thüringen,50.64584,11.25088
Levenhagen,Mecklenburg-Vorpommern,54.11842,13.37624
Levensau,Schlewig-Holstein,54.39433,10.11544
Levenstorf,Mecklenburg-Vorpommern,53.51459,12.73048
Leverkusen,Nordrhein-Westfalen,51.05463,7.01486
Levetzow,Mecklenburg-Vorpommern,53.893,11.4995
Levitzow,Mecklenburg-Vorpommern,53.88256,12.58682
Lexgaard,Schlewig-Holstein,54.87299,8.89749
Lexow,Mecklenburg-Vorpommern,53.44759,12.43199
Libbenichen,Brandenburg,52.4943,14.36042
Libbesdorf,Sachsen-Anhalt,51.77197,12.07353
Libehna,Sachsen-Anhalt,51.71349,12.0183
Lich,Hessen,50.50037,8.82959
Lichte,Thüringen,50.53329,11.22026
Lichtenau,Baden-Württemberg,48.72553,8.00679
Lichtenau,Bayern,49.57252,10.14434
Lichtenau,Nordrhein-Westfalen,51.62073,8.89957
Lichtenau,Sachsen,50.91406,12.94737
Lichtenberg,Bayern,49.63979,11.33594
Lichtenberg,Brandenburg,52.90326,12.72486
Lichtenberg,Mecklenburg-Vorpommern,51.16569,10.45153
Lichtenberg,Sachsen,51.01745,13.70552
Lichtenborn,Rheinland-Pfalz,50.13772,6.21658
Lichtenbrunn,Thüringen,50.41323,11.69093
Lichtenfels,Bayern,50.1739,11.04751
Lichtenfels,Hessen,51.17366,8.79831
Lichtenhain,Sachsen,50.97307,14.27302
Lichtenhain Bergbahn,Thüringen,50.57293,11.13701
Lichtenhain b Gräfenthal,Thüringen,50.5168,11.28297
Lichtenow,Brandenburg,52.62518,13.91087
Lichtensee,Sachsen,51.38906,13.41402
Lichtenstein,Baden-Württemberg,48.41692,9.25657
Lichtenstein,Sachsen,50.75478,12.62715
Lichtentanne,Sachsen,50.69254,12.4263
Lichtentanne,Thüringen,50.58139,11.47863
Lichtenwald,Baden-Württemberg,48.74644,9.48795
Lichterfeld,Brandenburg,51.59657,13.74282
Lichterfelde,Brandenburg,52.41511,13.45792
Lichterfelde,Sachsen-Anhalt,52.88777,11.75233
Liebenau,Hessen,51.49729,9.28146
Liebenau,Niedersachsen,52.60028,9.09194
Liebenau,Sachsen,50.75693,13.79231
Liebenburg,Niedersachsen,51.99687,10.40908
Liebengrün,Thüringen,50.54763,11.60602
Liebenhof,Brandenburg,52.568,14.07353
Liebenscheid,Rheinland-Pfalz,50.57669,8.04837
Liebenstein,Thüringen,50.75315,10.787
Liebenthal,Brandenburg,52.99446,12.96899
Liebenwalde,Brandenburg,52.86777,13.42273
Lieberose,Brandenburg,51.98339,14.29955
Lieblingshof,Mecklenburg-Vorpommern,54.01376,12.21585
Liebschütz,Thüringen,50.54763,11.60602
Liebschützberg,Sachsen,51.34915,13.11114
Liebshausen,Rheinland-Pfalz,50.02507,7.63355
Liebstadt,Sachsen,50.86182,13.85219
Liebstedt,Thüringen,51.01108,11.50044
Liederbach,Hessen,50.11528,8.49037
Liedersdorf,Sachsen-Anhalt,51.45058,11.23554
Lieg,Rheinland-Pfalz,50.10642,7.4625
Liega,Sachsen,51.28346,13.67654
Liegau-Augustusbad,Sachsen,51.1261,13.84178
Lienen,Nordrhein-Westfalen,52.14533,7.97398
Liepe,Brandenburg,52.49004,13.23304
Liepe,Mecklenburg-Vorpommern,53.21121,11.41481
Liepen,Mecklenburg-Vorpommern,53.83945,13.4791
Liepgarten,Mecklenburg-Vorpommern,53.71537,14.15981
Lierfeld,Rheinland-Pfalz,50.13897,6.34764
Lierschied,Rheinland-Pfalz,50.19177,7.77045
Liesenich,Rheinland-Pfalz,50.08943,7.2844
Lieser,Rheinland-Pfalz,49.91683,7.06457
Lieshöfe,Baden-Württemberg,48.24884,9.18276
Lieskau,Brandenburg,51.59019,14.05936
Lieskau,Sachsen-Anhalt,51.51197,11.90121
Liessow,Mecklenburg-Vorpommern,53.90807,12.34444
Liesten,Sachsen-Anhalt,52.79643,11.33372
Lieth,Schlewig-Holstein,54.14724,9.07217
Lietzen,Brandenburg,52.4943,14.36042
Lietzow,Brandenburg,52.63142,12.81202
Lietzow,Mecklenburg-Vorpommern,54.41174,13.42585
Ließem,Rheinland-Pfalz,49.99789,6.49627
Ließen,Brandenburg,51.95066,13.09874
Lilienthal,Niedersachsen,53.15559,8.89707
Limbach,Baden-Württemberg,49.45713,9.21042
Limbach,Rheinland-Pfalz,50.24255,7.65571
Limbach,Sachsen,50.61352,12.24518
Limbach-Oberfrohna,Sachsen,50.86763,12.71592
Limburg,Hessen,50.39689,8.08175
Limburgerhof,Rheinland-Pfalz,49.41188,8.39611
Limeshain,Hessen,50.26429,8.98906
Limsdorf,Brandenburg,52.21586,14.00835
Linau,Schlewig-Holstein,53.64328,10.46711
Lind,Rheinland-Pfalz,50.42582,7.06905
Linda,Sachsen-Anhalt,51.85088,13.03348
Linda,Thüringen,50.79418,12.00886
Lindach,Bayern,48.03278,12.30562
Lindau,Bayern,47.56271,9.67655
Lindau,Sachsen-Anhalt,52.00334,12.22069
Lindau,Schlewig-Holstein,54.4108,9.9788
Lindberg,Bayern,49.01769,13.23782
Lindchen,Brandenburg,51.60675,14.16326
Lindemannsruhe,Rheinland-Pfalz,49.45906,8.09448
Linden,Bayern,48.73393,12.73096
Linden,Hessen,50.53264,8.67849
Linden,Rheinland-Pfalz,50.04378,7.71724
Linden,Schlewig-Holstein,54.24257,9.1926
Linden,Thüringen,50.40422,10.70779
Lindenau,Brandenburg,51.45661,13.86426
Lindenbach,Rheinland-Pfalz,50.35051,7.72275
Lindenberg,Bayern,47.60914,9.887
Lindenberg,Brandenburg,52.75659,12.8874
Lindenberg,Mecklenburg-Vorpommern,53.83658,13.01175
Lindenberg,Rheinland-Pfalz,49.37981,8.09413
Lindenberg,Sachsen-Anhalt,51.18797,11.53109
Lindenbrück,Brandenburg,52.13528,13.3709
Lindenfels,Hessen,49.68312,8.77966
Lindenhof,Bayern,50.04335,11.66531
Lindenhof,Mecklenburg-Vorpommern,53.79131,11.64686
Lindenhof,Rheinland-Pfalz,49.44211,7.31975
Lindenkreuz,Thüringen,50.848,11.96203
Lindenschied,Rheinland-Pfalz,49.94321,7.40837
Linderbach,Thüringen,50.96935,11.15475
Linderhof,Baden-Württemberg,48.21369,9.02346
Lindern,Niedersachsen,52.84459,7.77995
Lindetal,Mecklenburg-Vorpommern,53.5353,13.59334
Lindewerra,Thüringen,51.36287,10.07218
Lindewitt,Schlewig-Holstein,54.68918,9.19989
Lindhorst,Niedersachsen,52.36175,9.28904
Lindig,Thüringen,50.80012,11.58376
Lindigt,Sachsen,51.09541,13.46418
Lindlar,Nordrhein-Westfalen,51.0218,7.34917
Lindow,Brandenburg,52.45878,13.04188
Lindow,Mecklenburg-Vorpommern,53.83187,10.87156
Lindstedt,Sachsen-Anhalt,52.53867,11.40509
Lindthal,Brandenburg,51.59657,13.74282
Lindtorf,Sachsen-Anhalt,52.7276,11.95016
Lindwedel,Niedersachsen,52.67635,9.61784
Lindwerder,Sachsen-Anhalt,51.85088,13.03348
Lingen,Niedersachsen,52.53665,7.3257
Lingenfeld,Rheinland-Pfalz,49.24188,8.3455
Lingerhahn,Rheinland-Pfalz,50.11304,7.57863
Linkenbach,Rheinland-Pfalz,50.55898,7.59053
Linkenheim-Hochstetten,Baden-Württemberg,49.13029,8.40836
Linkersbaindt,Bayern,49.04835,10.62459
Linnich,Nordrhein-Westfalen,50.9792,6.28561
Linow,Brandenburg,53.11224,12.90053
Linsburg,Niedersachsen,52.59364,9.30374
Linsengericht,Hessen,50.18037,9.229
Linstow,Mecklenburg-Vorpommern,53.68244,12.36276
Linthe,Brandenburg,52.20037,12.79268
Lintig,Niedersachsen,53.6247,8.84154
Linum,Brandenburg,52.76191,12.81194
Linumhorst,Brandenburg,52.78381,13.008
Linz,Rheinland-Pfalz,50.5803,7.30588
Lippelsdorf,Thüringen,50.5168,11.28297
Lippersdorf-Erdmannsdorf,Thüringen,50.85628,11.77906
Lippetal,Nordrhein-Westfalen,51.6798,8.08671
Lipporn,Rheinland-Pfalz,50.19177,7.77045
Lipprechterode,Thüringen,51.44177,10.57222
Lippstadt,Nordrhein-Westfalen,51.6854,8.35101
Lipsa,Brandenburg,51.45661,13.86426
Lipten,Brandenburg,51.72805,13.9005
Lirstal,Rheinland-Pfalz,50.25494,7.01082
Lisberg,Bayern,49.8978,10.72635
Lissendorf,Rheinland-Pfalz,50.31073,6.60346
List,Schlewig-Holstein,55.01864,8.40626
Listerfehrda,Sachsen-Anhalt,51.16569,10.45153
Litzendorf,Bayern,49.91223,11.00929
Lobbach,Baden-Württemberg,49.37479,8.88996
Lobbese,Brandenburg,51.95066,13.09874
Lobenstein,Thüringen,50.44155,11.61814
Lobetal,Brandenburg,52.68748,13.56728
Lobstädt,Sachsen,51.13041,12.49305
Loburg,Sachsen-Anhalt,52.10347,12.08581
Loch,Bayern,47.83296,12.74977
Lochau,Sachsen-Anhalt,51.45087,12.07967
Lochmühle,Rheinland-Pfalz,49.78701,7.49201
Lochmühle,Thüringen,50.93901,11.75028
Lochum,Rheinland-Pfalz,50.69809,7.81941
Locking,Bayern,48.03278,12.30562
Lockstedt,Sachsen-Anhalt,52.40715,11.20149
Lockstedt,Schlewig-Holstein,53.99365,9.63046
Locktow,Brandenburg,52.17817,12.6006
Lockwisch,Mecklenburg-Vorpommern,53.83187,10.87156
Loddin,Mecklenburg-Vorpommern,54.01268,14.04956
Loder,Bayern,51.16569,10.45153
Loffenau,Baden-Württemberg,48.7725,8.3873
Lohbarbek,Schlewig-Holstein,53.99365,9.63046
Lohberg,Bayern,49.17577,13.10499
Lohe-Föhrden,Schlewig-Holstein,54.29882,9.50302
Lohe-Rickelshof,Schlewig-Holstein,54.18978,9.09115
Lohen,Bayern,48.15092,12.33083
Lohfelden,Hessen,51.26697,9.55545
"Lohheide, gemfr. Bezirk",Niedersachsen,52.77626,9.98372
Lohkirchen,Bayern,48.35997,12.50617
Lohm,Brandenburg,52.8583,12.43437
Lohmar,Nordrhein-Westfalen,50.86017,7.25381
Lohme,Mecklenburg-Vorpommern,54.52775,13.55347
Lohmen,Mecklenburg-Vorpommern,53.68329,12.0939
Lohmen,Sachsen,50.98918,13.99633
Lohmühle,Rheinland-Pfalz,49.78701,7.49201
Lohne,Niedersachsen,52.65057,8.2626
Lohnsfeld,Rheinland-Pfalz,49.55053,7.85322
Lohnweiler,Rheinland-Pfalz,49.6671,7.61116
Lohr,Bayern,49.9892,9.57225
Lohra,Hessen,50.72426,8.63031
Lohrheim,Rheinland-Pfalz,50.3549,8.04866
Lohsa,Sachsen,51.39418,14.39717
Loibersdorf,Bayern,51.16569,10.45153
Loiching,Bayern,48.61873,12.42899
Loissin,Mecklenburg-Vorpommern,54.08213,13.58567
Loit,Schlewig-Holstein,54.59974,9.7439
Loitsche,Sachsen-Anhalt,52.27958,11.62463
Loitz,Mecklenburg-Vorpommern,53.99776,13.1547
Loitzendorf,Bayern,49.0852,12.65446
Loiz,Mecklenburg-Vorpommern,53.69223,11.86932
Lollar,Hessen,50.64698,8.70356
Lollschied,Rheinland-Pfalz,50.19177,7.77045
Lommatzsch,Sachsen,51.20212,13.27839
Longen,Rheinland-Pfalz,49.83337,6.73863
Longkamp,Rheinland-Pfalz,49.89124,7.07324
Longuich,Rheinland-Pfalz,49.83891,6.85195
Lonnerstadt,Bayern,49.69945,10.74546
Lonnig,Rheinland-Pfalz,50.31048,7.40635
Lonsee,Baden-Württemberg,48.54058,9.9226
Lonsheim,Rheinland-Pfalz,49.78563,8.03697
Looft,Schlewig-Holstein,53.98885,9.5278
Looganlage,Rheinland-Pfalz,49.32814,8.21057
Loop,Schlewig-Holstein,54.14074,9.89114
Loose,Schlewig-Holstein,54.52247,9.88187
Loosemühle,Hessen,50.35126,9.20546
Lorch,Baden-Württemberg,48.80723,9.67042
Lorch,Hessen,50.074,7.82899
Loreley,Rheinland-Pfalz,50.19225,7.68574
Lorsch,Hessen,49.65065,8.56549
Lorscheid,Rheinland-Pfalz,49.71485,6.79303
Lorup,Niedersachsen,52.93793,7.67744
Losenrade,Sachsen-Anhalt,52.88777,11.75233
Losheim,Saarland,49.51629,6.7258
Lositz-Jehmichen,Thüringen,50.63519,11.35947
Lossa,Sachsen-Anhalt,51.18797,11.53109
Losse,Sachsen-Anhalt,52.88777,11.75233
Lostau,Sachsen-Anhalt,52.14254,11.95492
Losten,Mecklenburg-Vorpommern,53.79058,11.4282
Lotenberg,Baden-Württemberg,48.65599,9.6701
Lothra,Thüringen,50.44155,11.61814
Lotte,Nordrhein-Westfalen,52.31384,7.93049
Lottengrün,Sachsen,50.36256,12.07973
Lottorf,Schlewig-Holstein,54.44588,9.55436
Lottschesee,Brandenburg,52.7836,13.49036
Lottstetten,Baden-Württemberg,47.62937,8.57362
Louisenberg,Schlewig-Holstein,54.44078,9.82271
Louisenhof,Schlewig-Holstein,53.55673,10.51734
Loxstedt,Niedersachsen,53.45156,8.56706
Loßburg,Baden-Württemberg,48.39752,8.4676
Lubmin,Mecklenburg-Vorpommern,54.08213,13.58567
Lubochow,Brandenburg,51.60675,14.16326
Luchle,Baden-Württemberg,47.71114,8.08763
Lucka,Thüringen,51.0947,12.3327
Luckau,Brandenburg,51.8536,13.75045
Luckau,Niedersachsen,52.93701,11.03594
Luckenau,Sachsen-Anhalt,51.16569,10.45153
Luckenbach,Rheinland-Pfalz,50.69809,7.81941
Luckenwalde,Brandenburg,52.08189,13.17706
Luckow,Mecklenburg-Vorpommern,53.71537,14.15981
Luckow-Petershagen,Brandenburg,53.21125,14.20947
Lucksfleiß,Brandenburg,52.48522,12.5601
Luckwitz,Mecklenburg-Vorpommern,53.50693,11.07801
Ludorf,Mecklenburg-Vorpommern,53.37563,12.59989
Ludwigsau,Hessen,50.88038,9.70586
Ludwigsburg,Baden-Württemberg,48.89786,9.20472
Ludwigsburg,Brandenburg,53.3194,13.87248
Ludwigschorgast,Bayern,50.12615,11.55958
Ludwigsfelde,Brandenburg,52.27808,13.25691
Ludwigshafen,Rheinland-Pfalz,49.48082,8.40905
Ludwigshöhe,Rheinland-Pfalz,49.83783,8.25653
Ludwigslust,Mecklenburg-Vorpommern,53.33713,11.46798
Ludwigsstadt,Bayern,50.48601,11.38292
Ludwigswinkel,Rheinland-Pfalz,49.09014,7.67303
Luftkurort Lückendorf,Sachsen,50.84125,14.74239
Lug,Bayern,47.84045,12.59315
Lug,Brandenburg,51.72805,13.9005
Lug,Rheinland-Pfalz,49.20934,7.87957
Lugau,Brandenburg,51.59657,13.74282
Lugau,Sachsen,50.73995,12.74666
Luggendorf,Brandenburg,53.13447,12.18056
Luhden,Niedersachsen,52.22524,9.09012
Luhe-Wildenau,Bayern,49.58444,12.14866
Luhme,Brandenburg,53.1613,12.75199
Luhnstedt,Schlewig-Holstein,54.17054,9.66336
Luhnvie,Schlewig-Holstein,54.17054,9.66336
Luhrbach,Rheinland-Pfalz,49.3734,8.07627
Luisenhof,Thüringen,50.91055,10.91512
Luisenthal,Thüringen,50.82742,10.73404
Luko,Sachsen-Anhalt,51.93811,12.43055
Lumpzig,Thüringen,50.88529,12.31009
Lunden,Schlewig-Holstein,54.32758,9.01596
Lunestedt,Niedersachsen,53.43477,8.79697
Lunow,Brandenburg,52.92156,14.07997
Lunzenau,Sachsen,50.96988,12.74854
Lunzig,Thüringen,50.7443,12.14674
Lupburg,Bayern,49.1551,11.73031
Lupendorf,Mecklenburg-Vorpommern,53.58217,12.50996
Luppenau,Sachsen-Anhalt,51.35911,12.08754
"Luppertsseifen, Gem Burscheid",Rheinland-Pfalz,50.08513,6.38539
Luschendorf,Schlewig-Holstein,53.98416,10.70836
Luschendorferhof,Schlewig-Holstein,53.98416,10.70836
Luso,Sachsen-Anhalt,52.00334,12.22069
Lustadt,Rheinland-Pfalz,49.24461,8.27352
Lutheran,Mecklenburg-Vorpommern,53.46787,12.02471
Lutherstadt Eisleben,Sachsen-Anhalt,51.552,11.61145
Lutherstadt Wittenberg,Sachsen-Anhalt,51.86694,12.59262
Lutter,Niedersachsen,51.98929,10.26786
Lutter,Thüringen,51.36287,10.07218
Lutterbek,Schlewig-Holstein,54.40222,10.22559
Lutterstorf,Mecklenburg-Vorpommern,53.79058,11.4282
Lutzerath,Rheinland-Pfalz,50.12669,7.00744
Lutzhorn,Schlewig-Holstein,53.80626,9.77566
Lutzingen,Bayern,48.67433,10.54302
Lutzketal,Brandenburg,51.94751,14.56902
Luxem,Rheinland-Pfalz,50.36912,7.15165
Lychen,Brandenburg,53.21087,13.31538
Lykershausen,Rheinland-Pfalz,50.19225,7.68574
Lägerdorf,Schlewig-Holstein,53.86598,9.58382
Lähden,Niedersachsen,52.74409,7.56764
Ländlerhof,Rheinland-Pfalz,49.3629,7.66889
Lärz,Mecklenburg-Vorpommern,53.292,12.74611
Läwitz,Thüringen,50.62924,12.03912
Löbau,Sachsen,51.0774,14.65558
Löbejün,Sachsen-Anhalt,51.60535,11.927
Löben,Sachsen-Anhalt,51.73072,13.04439
Löberitz,Sachsen-Anhalt,51.63745,12.13243
Löberschütz,Thüringen,50.87536,11.62055
Löbichau,Thüringen,50.88529,12.31009
Löbitz,Sachsen-Anhalt,51.10502,11.82778
Löbnitz,Mecklenburg-Vorpommern,54.30752,12.61132
Löbnitz,Sachsen,51.52335,12.30296
Löbnitz,Sachsen-Anhalt,51.89816,11.63385
Löbnitz an der Linde,Sachsen-Anhalt,51.71349,12.0183
Löchgau,Baden-Württemberg,49.00199,9.10841
Löcknitz,Mecklenburg-Vorpommern,53.45882,12.96781
Lödderitz,Sachsen-Anhalt,51.90367,11.83496
Löderburg,Sachsen-Anhalt,51.89681,11.52954
Lödla,Thüringen,51.01804,12.35491
Löf,Rheinland-Pfalz,50.24828,7.44801
Löffingen,Baden-Württemberg,47.87433,8.37386
Lögow,Brandenburg,52.8583,12.43437
Löhma,Thüringen,50.59733,11.83993
Löhme,Brandenburg,52.62056,13.67405
Löhnberg,Hessen,50.51103,8.27044
Löhne,Nordrhein-Westfalen,52.18661,8.74345
Löhsten,Brandenburg,51.59237,13.22793
Löllbach,Rheinland-Pfalz,49.6671,7.61116
Löningen,Niedersachsen,52.72681,7.77398
Löpten,Brandenburg,52.10664,13.70189
Löptin,Schlewig-Holstein,54.17627,10.19297
Lörrach,Baden-Württemberg,47.62111,7.6713
Lörzweiler,Rheinland-Pfalz,49.90208,8.29508
Lösnich,Rheinland-Pfalz,49.96595,7.01934
Lösten,Sachsen,51.09541,13.46418
Lötzbeuren,Rheinland-Pfalz,49.92935,7.19575
Löwenberg,Brandenburg,53.05639,13.10828
Löwenbruch,Brandenburg,52.27808,13.25691
Löwenstedt,Schlewig-Holstein,54.62929,9.18705
Löwenstein,Baden-Württemberg,49.10037,9.38634
Löwitz,Mecklenburg-Vorpommern,53.78748,12.4067
Lößnitz,Sachsen,50.61556,12.75211
Lübars,Sachsen-Anhalt,52.14254,11.95492
Lübbecke,Nordrhein-Westfalen,52.31297,8.62757
Lübben,Brandenburg,51.94488,13.88853
Lübbenau,Brandenburg,51.85668,13.90489
Lübbendorf,Mecklenburg-Vorpommern,53.30347,11.08369
Lübberstedt,Niedersachsen,53.3105,8.82622
Lübberstorf,Mecklenburg-Vorpommern,53.8647,11.68699
Lübbow,Niedersachsen,52.91461,11.21529
Lübeck,Schlewig-Holstein,53.87584,10.71737
Lübesse,Mecklenburg-Vorpommern,53.45201,11.42993
Lüblow,Mecklenburg-Vorpommern,53.33713,11.46798
Lübnitz,Brandenburg,52.17817,12.6006
Lübow,Mecklenburg-Vorpommern,53.84194,11.45942
Lübs,Mecklenburg-Vorpommern,53.6605,13.8872
Lübs,Sachsen-Anhalt,52.00334,12.22069
Lübschützer Teiche,Sachsen,51.35849,12.62861
Lübstorf,Mecklenburg-Vorpommern,53.72237,11.41783
Lübtheen,Mecklenburg-Vorpommern,53.30347,11.08369
Lübz,Mecklenburg-Vorpommern,53.46787,12.02471
Lübzin-Rosenow,Mecklenburg-Vorpommern,53.77814,12.01836
Lübzow,Brandenburg,53.11688,11.92614
Lübzow Ausbau,Brandenburg,53.11688,11.92614
Lüchfeld,Brandenburg,52.8583,12.43437
Lüchow,Niedersachsen,52.98567,11.15386
Lüchow,Schlewig-Holstein,53.69829,10.52664
Lüchtoft,Schlewig-Holstein,54.7442,9.90331
Lückenburg,Rheinland-Pfalz,49.75083,7.0039
Lückstedt,Sachsen-Anhalt,52.78907,11.72233
Lüdelsen,Sachsen-Anhalt,52.68405,11.01609
Lüdendorf,Brandenburg,51.95066,13.09874
Lüdenscheid,Nordrhein-Westfalen,51.21664,7.64084
Lüder,Niedersachsen,52.8083,10.66511
Lüderitz,Sachsen-Anhalt,52.43399,11.81062
Lüdersburg,Niedersachsen,53.29346,10.50807
Lüdersdorf,Brandenburg,52.50172,13.62852
Lüdersdorf,Mecklenburg-Vorpommern,53.84828,11.27928
Lüdersfeld,Niedersachsen,52.35959,9.25452
Lüdershagen,Mecklenburg-Vorpommern,54.30752,12.61132
Lüdinghausen,Nordrhein-Westfalen,51.7677,7.39902
Lüerdissen,Niedersachsen,51.95187,9.62542
Lügde,Nordrhein-Westfalen,51.88988,9.26891
Lühburg,Mecklenburg-Vorpommern,53.97155,12.70468
Lühmannsdorf,Mecklenburg-Vorpommern,53.97693,13.5489
Lühnsdorf,Brandenburg,52.07082,12.69015
Lühsdorf,Brandenburg,52.08189,13.17706
Lülsfeld,Bayern,49.87395,10.35746
Lünebach,Rheinland-Pfalz,50.13897,6.34764
Lüneburg,Niedersachsen,53.24026,10.39438
Lünen,Nordrhein-Westfalen,51.61086,7.50431
Lüningshagen,Mecklenburg-Vorpommern,53.98913,11.89085
Lünne,Niedersachsen,52.39209,7.47065
Lünow,Brandenburg,52.48522,12.5601
Lürschau,Schlewig-Holstein,54.51526,9.47248
Lüsse,Brandenburg,52.17817,12.6006
Lüssow,Mecklenburg-Vorpommern,53.97249,12.81735
Lütau,Schlewig-Holstein,53.43479,10.5472
Lütetsburg,Niedersachsen,53.61282,7.28932
Lütjenburg,Schlewig-Holstein,54.30053,10.56164
Lütjenheide,Brandenburg,52.98856,11.7934
Lütjenholm,Schlewig-Holstein,54.68164,8.93372
Lütjensee,Schlewig-Holstein,53.65234,10.36392
Lütjenwestedt,Schlewig-Holstein,54.13835,9.48844
Lütow,Mecklenburg-Vorpommern,53.98213,13.77864
Lüttchendorf,Sachsen-Anhalt,51.46083,11.67133
Lütte,Brandenburg,52.17817,12.6006
Lüttenhagen,Mecklenburg-Vorpommern,53.35109,13.4107
Lüttenmark,Mecklenburg-Vorpommern,53.40359,10.76152
Lüttewitz b Döbeln,Sachsen,51.13432,13.12724
Lüttgenrode,Sachsen-Anhalt,51.978,10.73566
Lüttholm,Schlewig-Holstein,54.63823,9.63865
Lüttow,Mecklenburg-Vorpommern,53.5616,10.94705
Lütz,Rheinland-Pfalz,50.10642,7.4625
Lützelbach,Hessen,49.78855,9.07528
Lützelsoon,Rheinland-Pfalz,49.78701,7.49201
Lützen,Sachsen-Anhalt,51.25559,12.14097
Lützkampen,Rheinland-Pfalz,50.14833,6.17141
Lützlow,Brandenburg,53.3194,13.87248
Lützow,Mecklenburg-Vorpommern,53.65278,11.17452
Maasbüll,Schlewig-Holstein,54.74961,9.56203
Maasdorf,Brandenburg,51.53215,13.37895
Maasdorf,Sachsen-Anhalt,51.68128,11.91583
Maasen,Niedersachsen,52.70155,8.89451
Maasholm,Schlewig-Holstein,54.69712,10.00313
Machern,Rheinland-Pfalz,49.96595,7.01934
Machern,Sachsen,51.35849,12.62861
Machtemesmühle,Rheinland-Pfalz,49.99551,6.23244
Macken,Rheinland-Pfalz,50.10642,7.4625
Mackenbach,Rheinland-Pfalz,49.47585,7.58433
Mackenrode,Thüringen,51.36287,10.07218
Mackenrodt,Rheinland-Pfalz,49.8124,7.25528
Madreut,Bayern,47.94403,12.69994
Magdala,Thüringen,50.94415,11.42979
Magdeburg,Sachsen-Anhalt,52.12246,11.62616
Magdeburgerforth,Sachsen-Anhalt,52.14254,11.95492
Magstadt,Baden-Württemberg,48.74731,8.97441
Mahdel,Brandenburg,51.72081,13.2298
Mahlberg,Baden-Württemberg,48.2883,7.81014
Mahlenzien,Brandenburg,52.36809,12.33949
Mahlitz,Sachsen-Anhalt,52.5979,12.52041
Mahlow,Brandenburg,52.3544,13.39417
Mahlsdorf,Brandenburg,52.11411,12.45576
Mahlsdorf,Sachsen-Anhalt,52.79643,11.33372
Mahlstetten,Baden-Württemberg,48.06848,8.84224
Mahlwinkel,Sachsen-Anhalt,52.43399,11.81062
Mahndorf,Sachsen-Anhalt,51.93746,11.05498
Maierhof,Baden-Württemberg,48.0745,9.75175
Maierhöfen,Bayern,47.62094,10.03599
Maiermund,Rheinland-Pfalz,49.97307,7.15563
Maihingen,Bayern,48.93167,10.50768
Maihof,Rheinland-Pfalz,49.49639,8.07308
Maikammer,Rheinland-Pfalz,49.30041,8.10155
Mailham,Bayern,48.14406,12.30109
Mainaschaff,Bayern,49.98204,9.08566
Mainbernheim,Bayern,49.70818,10.2188
Mainburg,Bayern,48.65023,11.77516
Mainhardt,Baden-Württemberg,49.07805,9.55751
Mainhausen,Hessen,50.01341,9.015
Mainleus,Bayern,50.11127,11.36942
Mainstockheim,Bayern,49.77203,10.15207
Maintal,Hessen,50.14721,8.82497
Mainz,Rheinland-Pfalz,49.98652,8.24142
Mainz-Kastel,Hessen,50.0271,8.27967
Mainz-Kostheim,Hessen,50.0078,8.30013
Mairing,Bayern,48.56985,13.06939
Mais,Bayern,48.00098,12.43637
Maisach,Bayern,48.22839,11.24358
Maisborn,Rheinland-Pfalz,50.11304,7.57863
Maitenbeth,Bayern,48.14979,12.09258
Maitzborn,Rheinland-Pfalz,49.94321,7.40837
Makenhof,Baden-Württemberg,48.93701,9.26728
Malberg,Rheinland-Pfalz,50.37782,7.2104
Malbergweich,Rheinland-Pfalz,50.05755,6.60138
Malborn,Rheinland-Pfalz,49.76052,6.9528
Malchin,Mecklenburg-Vorpommern,53.73868,12.76657
Malching,Bayern,48.29393,12.22305
Malchow,Mecklenburg-Vorpommern,53.44759,12.43199
Malente,Schlewig-Holstein,54.19783,10.59905
Malgersdorf,Bayern,48.5343,12.74413
Malitschkendorf,Brandenburg,51.74171,13.42121
Malk,Mecklenburg-Vorpommern,53.21121,11.41481
Malleichen,Bayern,47.62094,10.03599
Mallentin,Mecklenburg-Vorpommern,53.84653,11.18732
Mallersdorf-Pfaffenberg,Bayern,48.7652,12.22962
Mallin,Mecklenburg-Vorpommern,53.5235,13.05111
Malliß,Mecklenburg-Vorpommern,53.21121,11.41481
Mallnow,Brandenburg,52.42677,14.46597
Malsburg-Marzell,Baden-Württemberg,47.73219,7.71104
Malsch,Baden-Württemberg,49.06842,8.50876
Malschwitz,Sachsen,51.26639,14.51334
Malse,Niedersachsen,53.49807,9.11349
Malsfeld,Hessen,51.07544,9.51045
Malter,Sachsen,50.87331,13.63656
Malterdingen,Baden-Württemberg,48.16098,7.79227
Malterhausen,Brandenburg,51.95066,13.09874
Maltitz,Sachsen,51.13432,13.12724
Malz,Brandenburg,52.74392,13.36149
Malzow,Mecklenburg-Vorpommern,53.83187,10.87156
Mamerow,Mecklenburg-Vorpommern,53.76022,12.38723
Mammelzen,Rheinland-Pfalz,50.70209,7.68122
Mammendorf,Bayern,48.21058,11.16748
Mamming,Bayern,48.64211,12.61037
Manching,Bayern,48.71815,11.50841
Mandel,Rheinland-Pfalz,49.86385,7.73176
Mandelbachtal,Saarland,49.19434,7.16027
Mandelshagen,Mecklenburg-Vorpommern,54.07308,12.21219
Mandern,Rheinland-Pfalz,49.6347,6.78629
Manderscheid,Rheinland-Pfalz,50.09059,6.60647
Manebach,Thüringen,50.69989,10.90656
Mangelsdorf,Sachsen-Anhalt,52.58293,12.03886
Manhagen,Schlewig-Holstein,54.21963,10.88332
Manker,Brandenburg,52.8583,12.43437
Mankmoos,Mecklenburg-Vorpommern,53.79131,11.64686
Mankmuß,Brandenburg,53.1628,11.7454
Mannebach,Rheinland-Pfalz,49.95807,6.77432
Mannhausen,Sachsen-Anhalt,52.40715,11.20149
Mannheim,Baden-Württemberg,49.48811,8.50504
Mannstedt,Thüringen,51.12231,11.41758
Mannweiler-Cölln,Rheinland-Pfalz,49.74161,7.86568
Manschnow,Brandenburg,52.55133,14.55333
Mansfeld,Sachsen-Anhalt,51.59819,11.45869
Mantel,Bayern,49.65428,12.03225
Manubach,Rheinland-Pfalz,49.95753,7.86457
Marbach,Baden-Württemberg,48.93701,9.26728
Marbach,Hessen,49.56762,8.9738
Marburg,Hessen,50.81704,8.78105
March,Baden-Württemberg,48.05818,7.77966
Margarethenthal,Brandenburg,53.11688,11.92614
Margetshöchheim,Bayern,49.83515,9.86401
Marggraffshof,Brandenburg,52.36147,13.19002
Maria Laach,Rheinland-Pfalz,50.42953,7.24435
Maria Martental,Rheinland-Pfalz,50.25166,7.07828
Mariaposching,Bayern,48.84159,12.80205
Marienberg,Sachsen,50.60886,13.18468
Marienborn,Sachsen-Anhalt,52.14756,11.22068
Marieney,Sachsen,50.34531,12.24269
Marienfeld,Nordrhein-Westfalen,51.97152,8.17248
Marienfels,Rheinland-Pfalz,50.19177,7.77045
Mariengrund,Thüringen,50.70572,11.60129
Marienhafe,Niedersachsen,53.50578,7.26072
Marienhagen,Niedersachsen,52.04078,9.68012
Marienhausen,Rheinland-Pfalz,50.54119,7.67005
Marienheide,Nordrhein-Westfalen,51.07197,7.54931
Marienhof,Mecklenburg-Vorpommern,53.27783,11.6271
Marienhof,Schlewig-Holstein,54.62981,9.92925
Marienmünster,Nordrhein-Westfalen,51.8183,9.23079
Marienrachdorf,Rheinland-Pfalz,50.53048,7.75282
Marienstatt,Rheinland-Pfalz,50.69809,7.81941
Marienstedt,Schlewig-Holstein,53.62052,10.8185
Mariental,Niedersachsen,52.30622,11.0138
Marienthal,Brandenburg,53.05639,13.10828
Marienthal,Mecklenburg-Vorpommern,53.58994,12.55844
Marienthal,Rheinland-Pfalz,50.6306,7.37024
Marienthal,Thüringen,50.91055,10.91512
Marienwalde,Brandenburg,52.7836,13.49036
Marienwerder,Brandenburg,52.7836,13.49036
Marihn,Mecklenburg-Vorpommern,53.53678,12.93072
Maring-Noviand,Rheinland-Pfalz,49.93702,6.98657
Marisfeld,Thüringen,50.58263,10.53498
Markau,Brandenburg,52.63142,12.81202
Markdorf,Baden-Württemberg,47.72436,9.40602
Marke,Sachsen-Anhalt,51.73073,12.26264
Markee,Brandenburg,52.63142,12.81202
Markendorf,Brandenburg,51.95066,13.09874
Markersbach,Sachsen,50.52013,12.85254
Markersdorf,Sachsen,51.14685,14.88522
Markertsgrün,Bayern,49.90955,10.65572
Markgrafpieske,Brandenburg,52.34235,13.87464
Markgröningen,Baden-Württemberg,48.91248,9.0658
Markkleeberg,Sachsen,51.27003,12.38041
Marklkofen,Bayern,48.55277,12.55949
Marklohe,Niedersachsen,52.65983,9.14928
Markneukirchen,Sachsen,50.30514,12.3245
Markranstädt,Sachsen,51.28787,12.21271
Markritz,Sachsen,51.13432,13.12724
Marksuhl,Thüringen,50.91344,10.20282
Markt Berolzheim,Bayern,49.00759,10.84569
Markt Bibart,Bayern,49.65856,10.40503
Markt Einersheim,Bayern,49.68378,10.23917
Markt Erlbach,Bayern,49.49248,10.64947
Markt Indersdorf,Bayern,48.3676,11.36548
Markt Nordheim,Bayern,49.56004,10.34751
Markt Rettenbach,Bayern,47.94787,10.39491
Markt Schwaben,Bayern,48.19978,11.87226
Markt Taschendorf,Bayern,49.70064,10.5568
Markt Wald,Bayern,48.14777,10.59422
Marktbergel,Bayern,49.44059,10.36268
Marktbreit,Bayern,49.62522,10.14393
Marktgraitz,Bayern,50.18411,11.21122
Marktgölitz,Thüringen,50.52977,11.3828
Marktheidenfeld,Bayern,49.84446,9.57192
Marktl,Bayern,48.25522,12.84465
Marktleugast,Bayern,50.17285,11.63917
Marktleuthen,Bayern,50.12844,12.00525
Marktoberdorf,Bayern,47.75826,10.60725
Marktoffingen,Bayern,48.92534,10.46565
Marktredwitz,Bayern,50.01451,12.1117
Marktrodach,Bayern,50.25174,11.39248
Marktschellenberg,Bayern,47.67961,13.03991
Marktschorgast,Bayern,50.09528,11.65503
Marktsteft,Bayern,49.659,10.16443
Marktzeuln,Bayern,50.16878,11.16718
Markvippach,Thüringen,51.09237,11.09922
Markwerben,Sachsen-Anhalt,51.20958,11.94525
Marl,Niedersachsen,52.4618,8.37615
Marl,Nordrhein-Westfalen,51.67723,7.11963
Marloffstein,Bayern,49.5973,11.07132
Marlow,Mecklenburg-Vorpommern,54.16125,12.46157
Marne,Schlewig-Holstein,53.95633,8.98282
Marnerdeich,Schlewig-Holstein,53.95633,8.98282
Marnheim,Rheinland-Pfalz,49.62142,8.04454
Marnitz,Mecklenburg-Vorpommern,53.31812,11.92791
Maroldsweisach,Bayern,50.19782,10.68377
Marolterode,Thüringen,51.24493,10.65966
Maroth,Rheinland-Pfalz,50.60459,7.68197
Marpingen,Saarland,49.44597,7.04792
Marquardt,Brandenburg,52.46992,12.99658
Marquartstein,Bayern,47.75847,12.4621
Marquede,Brandenburg,52.5979,12.52041
Marsberg,Nordrhein-Westfalen,51.45518,8.84651
Marschacht,Niedersachsen,53.40721,10.35361
Marsow,Mecklenburg-Vorpommern,53.39957,10.9684
Martensdorf,Mecklenburg-Vorpommern,53.84194,11.45942
Martensrade,Schlewig-Holstein,54.28984,10.43091
Martfeld,Niedersachsen,52.87604,9.06094
Marth,Thüringen,51.36287,10.07218
Martinroda,Thüringen,50.74918,10.47856
Martinsheim,Bayern,49.62522,10.14393
Martinshöhe,Rheinland-Pfalz,49.3575,7.47965
Martinskirchen,Brandenburg,51.59237,13.22793
Martinsrieth,Sachsen-Anhalt,51.45058,11.23554
Martinstein,Rheinland-Pfalz,49.78373,7.54248
Marwitz,Brandenburg,52.68143,13.14458
Marxdorf,Brandenburg,52.01322,13.86968
Marxen,Niedersachsen,53.31141,10.00931
Marxheim,Bayern,48.74185,10.9452
Marxzell,Baden-Württemberg,48.84285,8.44979
Marzahna,Brandenburg,51.95066,13.09874
Marzahne,Brandenburg,52.48522,12.5601
Marzauermühle,Rheinland-Pfalz,50.66528,7.76381
Marzhausen,Rheinland-Pfalz,50.6571,7.80794
Marzling,Bayern,48.41025,11.79373
Masburg,Rheinland-Pfalz,50.23911,7.19794
Maschenhorst,Sachsen-Anhalt,52.29038,11.40587
Maselheim,Baden-Württemberg,48.13426,9.88382
Massen,Brandenburg,51.59657,13.74282
Massenbachhausen,Baden-Württemberg,49.17951,9.03547
Massenhausen,Bayern,48.34749,11.64318
Massenhausen,Thüringen,50.40422,10.70779
Masserberg,Thüringen,50.50767,10.94296
Massing,Bayern,48.39505,12.61451
Massow,Mecklenburg-Vorpommern,53.32468,12.45353
Mastershausen,Rheinland-Pfalz,50.05882,7.35151
Masthorn,Rheinland-Pfalz,50.13897,6.34764
Matersen,Mecklenburg-Vorpommern,53.98913,11.89085
Matgendorf,Mecklenburg-Vorpommern,53.88256,12.58682
Mattendorf,Brandenburg,51.63818,14.59961
Mattstedt,Thüringen,51.01108,11.50044
Matzenbach,Rheinland-Pfalz,49.477,7.34546
Matzerath,Rheinland-Pfalz,50.13897,6.34764
Matzlow-Garwitz,Mecklenburg-Vorpommern,53.40765,11.72243
Maua,Thüringen,50.87536,11.62055
Mauchenheim,Rheinland-Pfalz,49.6827,8.04919
Mauden,Rheinland-Pfalz,50.70793,7.98185
Mauderode,Thüringen,51.47117,10.74226
Mauel,Rheinland-Pfalz,50.08513,6.38539
Mauer,Baden-Württemberg,49.34026,8.799
Mauern,Bayern,48.51481,11.90577
Mauerreuten,Bayern,47.83296,12.74977
Mauerstetten,Bayern,47.8923,10.66992
Maulbeerwalde,Brandenburg,53.12115,12.51526
Maulbronn,Baden-Württemberg,48.99777,8.80318
Maulburg,Baden-Württemberg,47.64347,7.7775
Mauschbach,Rheinland-Pfalz,49.18651,7.36522
Mauth,Bayern,48.88935,13.58423
Mauthaus,Bayern,50.31175,11.4517
Mautitz,Sachsen,51.26068,13.23232
Maxberg,Bayern,48.8972,10.99694
Maxdorf,Rheinland-Pfalz,49.49119,8.29059
Maxhütte-Haidhof,Bayern,49.18696,12.11296
Maxsain,Rheinland-Pfalz,50.553,7.80532
Mayen,Rheinland-Pfalz,50.32388,7.16785
Mayschoß,Rheinland-Pfalz,50.51497,7.01489
Maßbach,Bayern,50.18323,10.27609
Maßlow,Mecklenburg-Vorpommern,53.84194,11.45942
Maßweiler,Rheinland-Pfalz,49.26701,7.53775
Mechau,Sachsen-Anhalt,52.79643,11.33372
Mechelgrün,Sachsen,50.50355,12.22399
Mechelroda,Thüringen,50.94415,11.42979
Mechelsdorf,Mecklenburg-Vorpommern,54.10838,11.67445
Mechernich,Nordrhein-Westfalen,50.59504,6.62549
Mechow,Schlewig-Holstein,53.69823,10.77178
Mechtersen,Niedersachsen,53.2759,10.29613
Mechterstädt,Thüringen,50.93185,10.56086
Meckel,Rheinland-Pfalz,49.99789,6.49627
Meckenbach,Rheinland-Pfalz,49.74605,7.32799
Meckenbeuren,Baden-Württemberg,47.71017,9.57653
Meckenheim,Nordrhein-Westfalen,50.61906,7.01493
Meckenheim,Rheinland-Pfalz,49.39277,8.23589
Meckesheim,Baden-Württemberg,49.32876,8.82349
Mecklinge,Niedersachsen,52.52575,8.36743
Medard,Rheinland-Pfalz,49.6671,7.61116
Meddersheim,Rheinland-Pfalz,49.7973,7.64903
Meddewade,Schlewig-Holstein,53.74593,10.48397
Medebach,Nordrhein-Westfalen,51.21561,8.66066
Medelby,Schlewig-Holstein,54.8114,9.19547
Medewitz,Brandenburg,52.11411,12.45576
Medewitzerhütten,Brandenburg,52.11411,12.45576
Medlingen,Bayern,48.57685,10.33336
Medow,Mecklenburg-Vorpommern,53.83945,13.4791
Meeder,Bayern,50.32367,10.89853
Meerane,Sachsen,50.85587,12.48523
Meerbeck,Niedersachsen,52.3427,9.15042
Meerbusch,Nordrhein-Westfalen,51.27645,6.66553
Meerfeld,Rheinland-Pfalz,50.09606,6.82754
Meersburg,Baden-Württemberg,47.67625,9.26538
Meesiger,Mecklenburg-Vorpommern,53.83658,13.01175
Meetzen,Mecklenburg-Vorpommern,53.67731,11.11736
Meezen,Schlewig-Holstein,54.10997,9.68736
Megesheim,Bayern,48.93815,10.65096
Meggerdorf,Schlewig-Holstein,54.31935,9.4099
Mehlbach,Rheinland-Pfalz,49.52052,7.72088
Mehlbek,Schlewig-Holstein,53.97691,9.43482
Mehlingen,Rheinland-Pfalz,49.4819,7.83809
Mehlmeisel,Bayern,49.98287,11.86672
Mehlsdorf,Brandenburg,51.87042,13.42378
Mehltheuer,Sachsen,50.5287,11.99549
Mehmels,Thüringen,50.60617,10.1562
Mehmke,Sachsen-Anhalt,52.78368,10.87672
Mehna,Thüringen,50.88529,12.31009
Mehren,Rheinland-Pfalz,50.44703,7.20682
Mehring,Bayern,48.18109,12.78763
Mehring,Rheinland-Pfalz,49.79707,6.82364
Mehringen,Sachsen-Anhalt,51.67669,11.56713
Mehrow,Brandenburg,52.62056,13.67405
Mehrstedt,Thüringen,51.24493,10.65966
Mehrstetten,Baden-Württemberg,48.37617,9.56822
Meichow,Brandenburg,53.3194,13.87248
Meiersberg,Mecklenburg-Vorpommern,53.71537,14.15981
Meierstorf,Mecklenburg-Vorpommern,53.62709,11.45488
Meilbrück,Rheinland-Pfalz,49.99789,6.49627
Meilendorf,Sachsen-Anhalt,51.77197,12.07353
Meilitz,Thüringen,50.73505,11.72756
Meinborn,Rheinland-Pfalz,50.49809,7.55319
Meine,Niedersachsen,52.36797,10.58016
Meinersen,Niedersachsen,52.47661,10.32805
Meinerzhagen,Nordrhein-Westfalen,51.1141,7.70826
Meineweh,Sachsen-Anhalt,51.07981,11.93027
Meinhard,Hessen,51.20587,10.06684
Meinheim,Bayern,49.02595,10.80916
Meiningen,Thüringen,50.53061,10.35396
Meinsdorf,Brandenburg,51.95066,13.09874
Meisburg,Rheinland-Pfalz,50.13325,6.7214
Meisdorf,Sachsen-Anhalt,51.74035,11.32522
Meisenheim,Rheinland-Pfalz,49.70854,7.66984
Meitingen,Bayern,48.5389,10.85298
Meitzendorf,Sachsen-Anhalt,52.27958,11.62463
Meißen,Sachsen,51.1633,13.47515
Meißenheim,Baden-Württemberg,48.40822,7.7759
Meißner,Hessen,51.2096,9.93881
Melbeck,Niedersachsen,53.16498,10.38158
Melchhof,Rheinland-Pfalz,50.02296,7.01439
Melchow,Brandenburg,52.87955,13.8171
Meldorf,Schlewig-Holstein,54.10401,9.06229
Melkof,Mecklenburg-Vorpommern,53.25568,10.94552
Melle,Niedersachsen,52.18967,8.35436
Mellen,Brandenburg,53.08315,11.49815
Mellenbach-Glasbach,Thüringen,50.53775,11.06682
Mellensee,Brandenburg,52.22567,13.43068
Mellenthin,Mecklenburg-Vorpommern,53.94046,14.07175
Mellin,Sachsen-Anhalt,52.68405,11.01609
Mellingen,Thüringen,50.94415,11.42979
Mellinghausen,Niedersachsen,52.70155,8.89451
Mellnitz,Sachsen-Anhalt,51.16569,10.45153
Mellnsdorf,Brandenburg,51.95066,13.09874
Mellrichstadt,Bayern,50.43836,10.33347
Melpers,Thüringen,50.60617,10.1562
Melsbach,Rheinland-Pfalz,50.51412,7.46685
Melsdorf,Schlewig-Holstein,54.31719,10.04773
Melsungen,Hessen,51.15302,9.59269
Meltewitz,Sachsen,51.38083,12.82912
Melusinental,Schlewig-Holstein,53.55673,10.51734
Melz,Mecklenburg-Vorpommern,53.32468,12.45353
Memleben,Sachsen-Anhalt,51.25181,11.52892
Memmelsdorf,Bayern,49.9306,10.95767
Memmingen,Bayern,47.97736,10.17635
Memmingerberg,Bayern,47.98802,10.22497
Menden,Nordrhein-Westfalen,51.42827,7.81627
Mendhausen,Thüringen,50.44895,10.44788
Mendig,Rheinland-Pfalz,50.36386,7.2756
Mengelrode,Thüringen,51.38965,10.16816
Mengen,Baden-Württemberg,48.04904,9.338
Mengerschied,Rheinland-Pfalz,49.89576,7.48037
Mengerskirchen,Hessen,50.54652,8.20144
Mengkofen,Bayern,48.72032,12.44105
Menglers,Hessen,51.04162,9.85937
Menkin,Brandenburg,53.39779,14.13781
Menningen,Rheinland-Pfalz,49.82052,6.51439
Menslage,Niedersachsen,52.6753,7.8188
Menteroda,Thüringen,51.3004,10.57436
Mentin,Mecklenburg-Vorpommern,53.31812,11.92791
Menz,Brandenburg,53.05639,13.10828
Menz,Sachsen-Anhalt,52.14738,11.76182
Menzendorf,Mecklenburg-Vorpommern,53.83187,10.87156
Meppen,Niedersachsen,52.71621,7.26409
Merbelsrod,Thüringen,50.42322,10.90786
Merching,Bayern,48.23908,10.97917
Merchweiler,Saarland,49.37209,7.09094
Merdingen,Baden-Württemberg,48.02706,7.68789
Merenberg,Hessen,50.5051,8.18774
Mering,Bayern,48.26698,11.00316
Merkelbach,Rheinland-Pfalz,50.69809,7.81941
Merkendorf,Bayern,49.20344,10.70168
Merkendorf,Thüringen,50.69536,12.01062
Merkers,Thüringen,50.85724,10.09967
Merkeshausen,Rheinland-Pfalz,49.99789,6.49627
Merklingen,Baden-Württemberg,48.50854,9.75449
Merlscheid,Rheinland-Pfalz,50.13897,6.34764
Mermuth,Rheinland-Pfalz,50.15862,7.48796
Merschbach,Rheinland-Pfalz,49.76052,6.9528
Merseburg,Sachsen-Anhalt,51.35483,11.9792
Mertendorf,Sachsen-Anhalt,51.10502,11.82778
Mertendorf,Thüringen,51.04167,11.82181
Mertesdorf,Rheinland-Pfalz,49.77191,6.73282
Mertesheim,Rheinland-Pfalz,49.54306,8.13804
Mertingen,Bayern,48.64388,10.81443
Mertloch,Rheinland-Pfalz,50.25312,7.30524
Merxheim,Rheinland-Pfalz,49.78373,7.54248
Merxleben,Thüringen,51.09493,10.62322
Merz,Brandenburg,52.15111,14.14896
Merzalben,Rheinland-Pfalz,49.26028,7.67464
Merzdorf,Brandenburg,51.67731,13.33595
Merzen,Niedersachsen,52.43387,7.81766
Merzenich,Nordrhein-Westfalen,50.83124,6.52583
Merzhausen,Baden-Württemberg,47.96534,7.82664
Merzien,Sachsen-Anhalt,51.71349,12.0183
Merzig,Saarland,49.44135,6.60795
Merzkirchen,Rheinland-Pfalz,49.60041,6.50744
Merzweiler,Rheinland-Pfalz,49.66803,7.50509
Meschede,Nordrhein-Westfalen,51.32926,8.25754
Meschendorf,Mecklenburg-Vorpommern,54.10838,11.67445
Meschendorf Zeltplatz,Mecklenburg-Vorpommern,54.10838,11.67445
Mescherin,Brandenburg,53.2369,14.37414
Meseberg,Brandenburg,53.05639,13.10828
Meseberg,Sachsen-Anhalt,52.53433,11.67348
Mesekenhagen,Mecklenburg-Vorpommern,54.11842,13.37624
Mesekow,Brandenburg,53.1628,11.7454
Mesendorf,Brandenburg,53.13447,12.18056
Mesenich,Rheinland-Pfalz,50.08592,7.21099
Mespelbrunn,Bayern,49.91918,9.29026
Messel,Hessen,49.92943,8.76316
Messenkamp,Niedersachsen,52.27415,9.36793
Messerich,Rheinland-Pfalz,49.99789,6.49627
Messersbacherhof,Rheinland-Pfalz,49.55589,7.79611
Messingen,Niedersachsen,52.48427,7.53764
Mestlin,Mecklenburg-Vorpommern,53.5239,11.79548
Metebach,Thüringen,50.93185,10.56086
Metelen,Nordrhein-Westfalen,52.15165,7.2129
Metelsdorf,Mecklenburg-Vorpommern,53.84194,11.45942
Metschow,Mecklenburg-Vorpommern,53.83658,13.01175
Metten,Bayern,48.85624,12.91309
Mettendorf,Rheinland-Pfalz,49.90874,6.31392
Mettenheim,Bayern,48.26566,12.46377
Mettenheim,Rheinland-Pfalz,49.74296,8.32295
Metterich,Rheinland-Pfalz,49.96812,6.54235
Mettingen,Nordrhein-Westfalen,52.32872,7.78786
Mettlach,Saarland,49.49526,6.55811
Mettmann,Nordrhein-Westfalen,51.25439,6.9832
Mettweiler,Rheinland-Pfalz,49.57721,7.29211
Metzels,Thüringen,50.60965,10.38398
Metzenhausen,Rheinland-Pfalz,49.94321,7.40837
Metzingen,Baden-Württemberg,48.53473,9.29534
Meudt,Rheinland-Pfalz,50.48113,7.94372
Meura,Thüringen,50.57293,11.13701
Meuro,Brandenburg,51.56111,13.89658
Meuro,Sachsen-Anhalt,51.69048,12.73535
Meuschau,Sachsen-Anhalt,51.35483,11.9792
Meusebach,Thüringen,50.85628,11.77906
Meusegast,Sachsen,50.95333,13.85478
Meuselbach-Schwarzmühle,Thüringen,50.53775,11.06682
Meuselwitz,Sachsen,51.13223,12.80021
Meuselwitz,Thüringen,51.05848,12.37304
Meuspath,Rheinland-Pfalz,50.42268,6.90756
Mewegen,Mecklenburg-Vorpommern,53.49892,14.30434
Meyenburg,Brandenburg,53.31257,12.24274
Meyn,Schlewig-Holstein,54.7584,9.18419
Meßdorf,Sachsen-Anhalt,52.68707,11.4372
Meßdunk,Brandenburg,52.48522,12.5601
Meßkirch,Baden-Württemberg,47.97821,9.10128
Meßstetten,Baden-Württemberg,48.16235,8.92184
Michaelsdorf,Mecklenburg-Vorpommern,54.35401,12.6325
Michelau,Bayern,50.052,10.79478
Michelbach,Rheinland-Pfalz,50.37688,7.55385
Michelbach an der Bilz,Baden-Württemberg,49.06856,9.7673
Michelbacher Mühle,Hessen,50.84708,8.66845
Michelfeld,Baden-Württemberg,49.09686,9.67783
Michelhölzle,Baden-Württemberg,48.09574,8.6822
Micheln,Sachsen-Anhalt,51.77197,12.07353
Michelsdorf,Brandenburg,52.34271,12.67683
Michelsneukirchen,Bayern,49.11906,12.55089
Michelstadt,Hessen,49.69577,9.05149
Michendorf,Brandenburg,52.30971,13.07311
Mickhausen,Bayern,48.24041,10.63851
Middelhagen,Mecklenburg-Vorpommern,54.34211,13.69412
Midlum,Schlewig-Holstein,54.71822,8.5031
Miehlen,Rheinland-Pfalz,50.19177,7.77045
Miekenhagen,Mecklenburg-Vorpommern,53.98913,11.89085
Mielberg,Schlewig-Holstein,54.40052,9.4998
Miele,Niedersachsen,52.77626,9.98372
Mielkendorf,Schlewig-Holstein,54.28366,10.04383
Miellen,Rheinland-Pfalz,50.31612,7.69362
Miersdorfer Werder,Brandenburg,51.16569,10.45153
Miesbach,Bayern,47.79891,11.81535
Miesitz,Thüringen,50.72386,11.83699
Mieste,Sachsen-Anhalt,52.49571,11.17824
Miesterhorst,Sachsen-Anhalt,52.49571,11.17824
Mieswarz,Thüringen,50.79847,10.05056
Mietingen,Baden-Württemberg,48.18338,9.90347
Mihla,Thüringen,51.07874,10.3351
Milbitz b Rottenbach,Thüringen,50.64584,11.25088
Milbitz b Teichel,Thüringen,50.73282,11.32871
Milda,Thüringen,50.87536,11.62055
Mildenau,Sachsen,50.5815,13.05523
Mildenberg,Brandenburg,53.05639,13.10828
Mildenitz,Mecklenburg-Vorpommern,53.46141,13.58451
Mildstedt,Schlewig-Holstein,54.46885,9.11699
Mildterhof,Schlewig-Holstein,54.38985,9.06735
Millienhagen,Mecklenburg-Vorpommern,54.18562,12.88176
Milmersdorf,Brandenburg,53.18163,13.54788
Milow,Brandenburg,52.5979,12.52041
Milow,Mecklenburg-Vorpommern,53.27783,11.6271
Miltach,Bayern,49.16226,12.76901
Miltenberg,Bayern,49.67526,9.30881
Miltern,Sachsen-Anhalt,52.56094,11.94126
Miltzow,Mecklenburg-Vorpommern,54.19518,13.19044
Milz,Thüringen,50.44895,10.44788
Milzau,Sachsen-Anhalt,51.3882,11.86378
Mimbach,Rheinland-Pfalz,50.36912,7.15165
Mindelheim,Bayern,48.04952,10.48509
Mindelstetten,Bayern,48.85122,11.64403
Minden,Nordrhein-Westfalen,52.29906,8.89407
Minden,Rheinland-Pfalz,49.82052,6.51439
Minderleinsmühle,Bayern,49.6152,11.14153
Minderlittgen,Rheinland-Pfalz,49.95221,6.81812
Minfeld,Rheinland-Pfalz,49.06854,8.1352
Minheim,Rheinland-Pfalz,49.95221,6.81812
Minkwitz,Sachsen-Anhalt,51.07623,12.20646
Mintraching,Bayern,48.95363,12.2418
Minzow,Mecklenburg-Vorpommern,53.32468,12.45353
Mirow,Mecklenburg-Vorpommern,53.27538,12.81752
Misselberg,Rheinland-Pfalz,50.30837,7.80944
Missen,Brandenburg,51.72805,13.9005
Missen-Wilhams,Bayern,47.60373,10.11819
Mistelbach,Bayern,49.91451,11.51771
Mistelgau,Bayern,49.90388,11.41636
Mistorf,Mecklenburg-Vorpommern,53.68329,12.0939
Mittelbach,Sachsen,50.81819,12.78047
Mittelbiberach,Baden-Württemberg,48.0745,9.75175
Mittelbrunn,Rheinland-Pfalz,49.38948,7.61506
Mitteleschenbach,Bayern,49.2115,10.79726
Mittelfischbach,Baden-Württemberg,49.00331,9.50248
Mittelfischbach,Rheinland-Pfalz,50.29585,7.91754
Mittelhausen,Sachsen-Anhalt,51.40467,11.38577
Mittelhausen,Thüringen,51.09237,11.09922
Mittelherwigsdorf,Sachsen,50.92414,14.77012
Mittelhof,Rheinland-Pfalz,50.77426,7.77423
Mittelmühle,Baden-Württemberg,49.07274,10.13028
Mittelndorf,Sachsen,50.97307,14.27302
Mittelneufnach,Bayern,48.18383,10.60648
Mittelnkirchen,Niedersachsen,53.55235,9.60194
Mittelpöllnitz,Thüringen,50.72386,11.83699
Mittelreidenbach,Rheinland-Pfalz,49.8124,7.25528
Mittelschieda,Bayern,50.15676,11.94823
Mittelschmalkalden,Thüringen,50.70723,10.25313
Mittelsinn,Bayern,50.18783,9.61591
Mittelstenahe,Niedersachsen,53.66768,9.03638
Mittelstetten,Bayern,48.25627,11.09642
Mittelstille,Thüringen,50.72204,10.43946
Mittelstrimmig,Rheinland-Pfalz,50.08943,7.2844
Mittelsömmern,Thüringen,51.16137,10.81909
Mittenaar,Hessen,50.68953,8.39098
Mittenwald,Bayern,47.44127,11.26405
Mittenwalde,Brandenburg,52.71905,13.54304
Mitterfels,Bayern,48.97592,12.68039
Mittergars,Bayern,48.15092,12.33083
Mitterleiten,Bayern,47.83296,12.74977
Mitterskirchen,Bayern,48.34543,12.72057
Mitterstatt,Bayern,47.83296,12.74977
Mitterteich,Bayern,49.93482,12.27359
Mittweida,Sachsen,50.97096,12.97611
Mittweide,Brandenburg,52.15111,14.14896
Mitwitz,Bayern,50.25055,11.20819
Mixdorf,Brandenburg,52.25235,14.42095
Mlode,Brandenburg,51.72805,13.9005
Mochau,Sachsen,51.13432,13.12724
Mochau,Sachsen-Anhalt,51.84618,12.63547
Mochow,Brandenburg,51.91288,14.12376
Mockrehna,Sachsen,51.4869,12.6412
Modautal,Hessen,49.75978,8.75619
Modenbacherhof,Rheinland-Pfalz,49.19352,8.09486
Moers,Nordrhein-Westfalen,51.45219,6.62813
Mogendorf,Rheinland-Pfalz,50.47165,7.83528
Mohlsdorf,Thüringen,50.69816,12.2342
Mohorn,Sachsen,51.0503,13.53621
Mohrenmühle,Rheinland-Pfalz,50.24828,7.44801
Mohrkirch,Schlewig-Holstein,54.67643,9.71462
Moidentin,Mecklenburg-Vorpommern,53.82319,11.31747
Moisall,Mecklenburg-Vorpommern,53.86087,11.94391
Moisburg,Niedersachsen,53.40609,9.69755
Molau,Sachsen-Anhalt,51.10502,11.82778
Molbergen,Niedersachsen,52.88863,7.93397
Molchow,Brandenburg,52.98437,12.87082
Molfsee,Schlewig-Holstein,54.28131,10.08069
Molkenberg,Sachsen-Anhalt,52.5979,12.52041
Mollenstorf,Mecklenburg-Vorpommern,53.5235,13.05111
Mollnitz,Brandenburg,53.11688,11.92614
Molmerswende,Sachsen-Anhalt,51.63498,11.31101
Molsberg,Rheinland-Pfalz,50.48113,7.94372
Molschleben,Thüringen,50.8969,10.76719
Molsdorf,Thüringen,50.91055,10.91512
Moltenow,Mecklenburg-Vorpommern,53.79162,11.68087
Moltkestein,Schlewig-Holstein,54.20397,9.54518
Moltow,Mecklenburg-Vorpommern,53.79058,11.4282
Moltzow,Mecklenburg-Vorpommern,53.58217,12.50996
Molzhain,Rheinland-Pfalz,50.70793,7.98185
Mommenheim,Rheinland-Pfalz,49.83783,8.25653
Monheim,Bayern,48.8337,10.848
Monheim,Nordrhein-Westfalen,51.09661,6.89744
Monreal,Rheinland-Pfalz,50.36912,7.15165
Monschau,Nordrhein-Westfalen,50.53262,6.25015
Monsheim,Rheinland-Pfalz,49.63568,8.2138
Monstab,Thüringen,51.01804,12.35491
Montabaur,Rheinland-Pfalz,50.43333,7.80489
Montforterhof,Rheinland-Pfalz,49.76001,7.78374
Monzelfeld,Rheinland-Pfalz,49.89124,7.07324
Monzernheim,Rheinland-Pfalz,49.7021,8.1389
Monzingen,Rheinland-Pfalz,49.79928,7.59146
Moor,Mecklenburg-Vorpommern,53.95172,11.12204
Moordiek,Schlewig-Holstein,53.90589,9.62954
Moordorf,Schlewig-Holstein,53.90589,9.62954
Moorenweis,Bayern,48.15472,11.08074
Moorgrund,Thüringen,50.82265,10.25402
Moorhusen,Schlewig-Holstein,53.92699,9.36454
Moormerland,Niedersachsen,53.30761,7.48001
Moorrege,Schlewig-Holstein,53.68339,9.67107
Moorweg,Niedersachsen,53.64487,7.60792
Moos,Baden-Württemberg,47.72421,8.93493
Moos,Bayern,49.23261,11.54066
Moosach,Bayern,48.03276,11.87611
Moosbach,Bayern,49.56644,12.41826
Moosburg,Baden-Württemberg,48.06185,9.60795
Moosburg,Bayern,48.47061,11.94057
Moosen,Bayern,48.02156,12.03508
Mooshäusl,Bayern,47.91476,12.71913
Moosinning,Bayern,48.2822,11.80741
Moosmühle,Bayern,48.34749,11.64318
Moospoint,Bayern,47.91476,12.71913
Moosthenning,Bayern,48.67585,12.4893
Moosweber,Bayern,51.16569,10.45153
Mooswiese,Baden-Württemberg,48.88361,9.76409
Moraas,Mecklenburg-Vorpommern,53.40188,11.24957
Morbach,Rheinland-Pfalz,49.82177,7.10443
Morest,Schlewig-Holstein,54.18649,10.96883
Morgenitz,Mecklenburg-Vorpommern,53.8773,13.92264
Morgenröthe-Rautenkranz,Sachsen,50.43176,12.46426
Moringen,Niedersachsen,51.70444,9.84263
Moritz,Sachsen-Anhalt,52.00334,12.22069
Moritzburg,Sachsen,51.16768,13.66377
Moritzheim,Rheinland-Pfalz,50.03236,7.28014
Morl,Sachsen-Anhalt,51.60535,11.927
Morsbach,Nordrhein-Westfalen,50.87281,7.70838
Morscheid,Rheinland-Pfalz,49.71485,6.79303
Morschen,Hessen,51.0685,9.61297
Morschheim,Rheinland-Pfalz,49.6827,8.04919
Morshausen,Rheinland-Pfalz,50.15862,7.48796
Morsleben,Sachsen-Anhalt,52.22486,11.30453
Morsum,Niedersachsen,52.95019,9.03392
Morungen,Sachsen-Anhalt,51.45058,11.23554
Morxdorf,Sachsen-Anhalt,51.16569,10.45153
Mosbach,Baden-Württemberg,49.38131,9.13327
Mosbruch,Rheinland-Pfalz,50.25494,7.01082
Moschheim,Rheinland-Pfalz,50.47165,7.83528
Mose,Sachsen-Anhalt,52.27958,11.62463
Moselkern,Rheinland-Pfalz,50.20283,7.36343
Mossautal,Hessen,49.64555,8.90394
Motrich,Brandenburg,52.98856,11.7934
Motten,Bayern,50.38795,9.77368
Motterwitz,Sachsen,51.21877,12.75372
Motzen,Brandenburg,52.2224,13.64438
Motzlar,Thüringen,50.73072,9.98459
Moxa,Thüringen,50.70572,11.60129
Moßbach,Thüringen,50.59733,11.83993
Much,Nordrhein-Westfalen,50.89316,7.39484
Mucheln,Schlewig-Holstein,54.28984,10.43091
Muchelndorf,Schlewig-Holstein,53.83242,9.52029
Muchow,Mecklenburg-Vorpommern,53.27783,11.6271
Muckwar,Brandenburg,51.64968,14.0256
Mudau,Baden-Württemberg,49.53273,9.20582
Mudenbach,Rheinland-Pfalz,50.64911,7.69312
Mudersbach,Rheinland-Pfalz,50.82548,7.94336
Mudershausen,Rheinland-Pfalz,50.28695,8.04655
Muggensturm,Baden-Württemberg,48.86962,8.2767
Muggerkuhl,Brandenburg,53.11688,11.92614
Muhr,Bayern,49.15541,10.71125
Mulda,Sachsen,50.76124,13.41921
Mulfingen,Baden-Württemberg,49.09793,9.8408
Mundelsheim,Baden-Württemberg,49.00086,9.20647
Munderkingen,Baden-Württemberg,48.22995,9.63331
Mundhardterhof,Rheinland-Pfalz,49.45906,8.09448
Munkbrarup,Schlewig-Holstein,54.83832,9.56259
Munningen,Bayern,48.91984,10.63563
Munschwitz,Thüringen,50.58139,11.47863
Munster,Niedersachsen,52.99055,10.08094
Mupperg,Thüringen,50.31548,11.20149
Murchin,Mecklenburg-Vorpommern,53.93414,13.7212
Murg,Baden-Württemberg,47.58658,8.02791
Murnau,Bayern,47.68198,11.19497
Murr,Baden-Württemberg,48.97662,9.28034
Murrhardt,Baden-Württemberg,48.97589,9.59822
Muschau,Sachsen,51.21877,12.75372
Muschwitz,Sachsen-Anhalt,51.15637,12.09987
Mustin,Mecklenburg-Vorpommern,53.69223,11.86932
Mustin,Schlewig-Holstein,53.68539,10.88566
Musweiler,Rheinland-Pfalz,50.03648,6.78753
Mutlangen,Baden-Württemberg,48.83536,9.78736
Muttenhaus,Baden-Württemberg,47.88272,9.47776
Mutterschied,Rheinland-Pfalz,49.98951,7.54625
Mutterstadt,Rheinland-Pfalz,49.44106,8.34673
Mutzschen,Sachsen,51.24045,12.91461
Mutzschwitz,Sachsen,51.20212,13.27839
Muxerath,Rheinland-Pfalz,49.99551,6.23244
Mylau,Sachsen,50.62408,12.26243
Mähren,Rheinland-Pfalz,50.55079,7.9309
Mähring,Bayern,49.90017,12.49761
Märkisch Buchholz,Brandenburg,52.13705,13.81707
Märkisch Wilmersdorf,Brandenburg,52.27808,13.25691
Möbiskruge,Brandenburg,52.16503,14.56099
Möckern,Sachsen-Anhalt,52.14254,11.95492
Möckern,Thüringen,50.85628,11.77906
Möckers,Thüringen,50.70723,10.25313
Möckmühl,Baden-Württemberg,49.32297,9.34958
Mödingen,Bayern,48.6378,10.44412
Mögelin,Brandenburg,52.5979,12.52041
Mögglingen,Baden-Württemberg,48.82328,9.9623
Möglenz,Brandenburg,51.4344,13.22132
Möglingen,Baden-Württemberg,48.87681,9.13149
Möhlau,Sachsen-Anhalt,51.16569,10.45153
Möhnesee,Nordrhein-Westfalen,51.47603,8.12317
Möhnsen,Schlewig-Holstein,53.55673,10.51734
Möhrenbach,Thüringen,50.64969,11.00372
Möhrendorf,Bayern,49.63965,11.00366
Mölbis,Sachsen,51.16569,10.45153
Möllenbeck,Mecklenburg-Vorpommern,53.31828,12.43616
Möllendorf,Sachsen-Anhalt,52.11044,11.55481
Möllenhagen,Mecklenburg-Vorpommern,53.53678,12.93072
Möllensdorf,Sachsen-Anhalt,51.93811,12.43055
Möllensee,Brandenburg,52.62518,13.91087
Möllern,Sachsen-Anhalt,51.13382,11.72678
Mölln,Mecklenburg-Vorpommern,53.65186,13.12414
Mölln,Schlewig-Holstein,53.61163,10.69908
Mölschow,Mecklenburg-Vorpommern,54.11382,13.83271
Mölsheim,Rheinland-Pfalz,49.61897,8.22474
Mömbris,Bayern,50.06025,9.14342
Mömlingen,Bayern,49.85457,9.08648
Mönchberg,Bayern,49.7964,9.27613
Mönchengladbach,Nordrhein-Westfalen,51.17765,6.42167
Mönchenholzhausen,Thüringen,50.96935,11.15475
Mönchenhöfe,Sachsen-Anhalt,51.16569,10.45153
Mönchhagen,Mecklenburg-Vorpommern,54.17438,12.23619
Mönchpfiffel-Nikolausrieth,Thüringen,51.36678,11.29191
Mönchsdeggingen,Bayern,48.77574,10.58057
Mönchshof,Baden-Württemberg,49.46366,9.75323
Mönchsroth,Bayern,49.01954,10.35907
Mönchweiler,Baden-Württemberg,48.10041,8.4218
Mönchwinkel,Brandenburg,52.34235,13.87464
Mönkeberg,Schlewig-Holstein,54.34825,10.18731
Mönkebude,Mecklenburg-Vorpommern,53.71537,14.15981
Mönkhagen,Schlewig-Holstein,53.87329,10.53354
Mönkloh,Schlewig-Holstein,53.91034,9.84381
Mönsheim,Baden-Württemberg,48.86351,8.86318
Möntenich,Rheinland-Pfalz,50.21396,7.26913
Mörbach,Thüringen,51.47117,10.74226
Mörel,Schlewig-Holstein,54.10997,9.68736
Mörfelden-Walldorf,Hessen,49.98072,8.56149
Möringen,Sachsen-Anhalt,52.62138,11.71825
Mörlen,Rheinland-Pfalz,50.70026,7.87648
Mörlenbach,Hessen,49.59158,8.73647
Mörnsheim,Bayern,48.84719,11.02611
Mörsbach,Rheinland-Pfalz,50.69809,7.81941
Mörschbach,Rheinland-Pfalz,50.02507,7.63355
Mörschied,Rheinland-Pfalz,49.8124,7.25528
Mörsdorf,Rheinland-Pfalz,50.10642,7.4625
Mörsdorf,Thüringen,50.85628,11.77906
Mörsfeld,Rheinland-Pfalz,49.65376,7.87329
Mörstadt,Rheinland-Pfalz,49.61897,8.22474
Mörtitz,Sachsen,51.4869,12.6412
Mörz,Brandenburg,52.17817,12.6006
Möschwitz,Sachsen,50.55798,12.17181
Möser,Sachsen-Anhalt,52.14254,11.95492
Mössingen,Baden-Württemberg,48.39156,9.07055
Mösthinsdorf,Sachsen-Anhalt,51.60535,11.927
Möthlitz,Brandenburg,52.5979,12.52041
Möthlow,Brandenburg,52.5979,12.52041
Möttingen,Bayern,48.80974,10.56099
Mötzing,Bayern,48.91205,12.42311
Mötzingen,Baden-Württemberg,48.53996,8.78189
Mötzow,Brandenburg,52.48522,12.5601
Mözen,Schlewig-Holstein,53.92727,10.29327
Mücheln,Sachsen-Anhalt,51.30808,11.8134
Mücka,Sachsen,51.28469,14.70593
Mücke,Hessen,50.62875,9.0598
Mückeln,Rheinland-Pfalz,50.11017,6.92229
Mückendorf,Brandenburg,52.03348,13.50421
Mückenfang,Mecklenburg-Vorpommern,53.94583,11.58931
Mückenhof,Rheinland-Pfalz,49.48062,7.63106
Mückenmühle,Rheinland-Pfalz,49.48062,7.63106
Müden,Niedersachsen,52.52595,10.36397
Müden,Rheinland-Pfalz,50.20283,7.36343
Mügeln,Sachsen,51.23638,13.04522
Mügeln,Sachsen-Anhalt,51.85088,13.03348
Müggendorf,Brandenburg,52.98856,11.7934
Müglitz,Sachsen,50.75693,13.79231
Müglitztal,Sachsen,50.95333,13.85478
Mühbrook,Schlewig-Holstein,54.159,10.02726
Mühl Rosin,Mecklenburg-Vorpommern,53.68329,12.0939
Mühlacker,Baden-Württemberg,48.9336,8.86051
Mühlanger,Sachsen-Anhalt,51.84618,12.63547
Mühlau,Sachsen,50.8996,12.7653
Mühlbeck,Sachsen-Anhalt,51.6585,12.42901
Mühlberg,Brandenburg,51.4344,13.22132
Mühlberg,Thüringen,50.8969,10.76719
Mühlbusch,Rheinland-Pfalz,49.59387,7.99801
Mühldorf,Bayern,48.24284,12.50566
Mühlen Eichsen,Mecklenburg-Vorpommern,53.67731,11.11736
Mühlenbach,Baden-Württemberg,48.25314,8.11079
Mühlenbarbek,Schlewig-Holstein,53.96511,9.71149
Mühlenbeck,Brandenburg,52.66239,13.36021
Mühlenbeck,Mecklenburg-Vorpommern,53.5345,11.35112
Mühlenrade,Schlewig-Holstein,53.55673,10.51734
Mühlenthal,Rheinland-Pfalz,50.81873,7.74218
Mühlhausen,Baden-Württemberg,48.91101,9.19615
Mühlhausen,Bayern,49.4654,11.1016
Mühlhausen,Thüringen,51.23744,10.45112
Mühlhausen-Ehingen,Baden-Württemberg,47.80999,8.80996
Mühlheim,Baden-Württemberg,48.03102,8.87422
Mühlheim,Hessen,50.10474,8.83815
Mühlholz,Baden-Württemberg,48.91266,9.98096
Mühlhölzle,Baden-Württemberg,48.83264,9.8756
Mühlingen,Baden-Württemberg,47.91494,9.01849
Mühlpfad,Rheinland-Pfalz,50.11304,7.57863
Mühlpoint,Bayern,47.83296,12.74977
Mühlscheid,Rheinland-Pfalz,49.63427,6.82357
Mühlstedt,Sachsen-Anhalt,51.92402,12.25986
Mühltal,Hessen,49.80586,8.69175
Mühltroff,Sachsen,50.53947,11.92895
Mühlwand,Sachsen,50.62036,12.3218
Mülbach,Rheinland-Pfalz,49.99789,6.49627
Mülheim,Nordrhein-Westfalen,51.42582,6.87553
Mülheim,Rheinland-Pfalz,49.90702,7.0142
Mülheim-Kärlich,Rheinland-Pfalz,50.39081,7.5045
Müllenbach,Rheinland-Pfalz,50.3309,7.05275
Müllheim,Baden-Württemberg,47.81653,7.63702
Müllrose,Brandenburg,52.25235,14.42095
Mülsen,Sachsen,50.74021,12.57766
Mülverstedt,Thüringen,51.09493,10.62322
Münchberg,Bayern,50.19622,11.76823
Müncheberg,Brandenburg,52.51119,14.13387
Münchehofe,Brandenburg,52.13705,13.81707
"Münchehofe, Mark",Brandenburg,52.50241,13.66124
München,Bayern,48.14196,11.55876
München-Flughafen,Bayern,48.38279,11.76317
Münchenbernsdorf,Thüringen,50.848,11.96203
Münchengosserstädt,Thüringen,51.01108,11.50044
Münchenlohra,Thüringen,51.40537,10.58608
Münchenroda,Thüringen,50.87536,11.62055
Münchhausen,Brandenburg,51.59657,13.74282
Münchhausen,Hessen,50.96035,8.71764
Münchhofe,Brandenburg,51.98339,14.29955
Münchsmünster,Bayern,48.76366,11.66139
Münchsteinach,Bayern,49.66737,10.59078
Münchwald,Rheinland-Pfalz,49.86385,7.73176
Münchweiler,Rheinland-Pfalz,49.30685,7.84785
Mündersbach,Rheinland-Pfalz,50.60459,7.68197
Münk,Rheinland-Pfalz,50.36912,7.15165
Münnerstadt,Bayern,50.25661,10.26624
Münsing,Bayern,47.88595,11.35452
Münsingen,Baden-Württemberg,48.42284,9.55208
Münster,Bayern,48.62012,10.90422
Münster,Hessen,49.92548,8.85938
Münster,Nordrhein-Westfalen,51.95248,7.63127
Münster-Sarmsheim,Rheinland-Pfalz,49.94169,7.87649
Münsterappel,Rheinland-Pfalz,49.74161,7.86568
Münsterdorf,Schlewig-Holstein,53.89996,9.53275
Münsterhausen,Bayern,48.31362,10.45402
Münstermaifeld,Rheinland-Pfalz,50.24827,7.36244
Münsterschwarzach Abtei,Bayern,49.80659,10.22921
Münstertal,Baden-Württemberg,47.85446,7.78431
Münzenberg,Hessen,50.46003,8.74303
Mürlenbach,Rheinland-Pfalz,50.13325,6.7214
Mürow,Brandenburg,53.04259,13.98426
Mürowsche Kavelheide,Brandenburg,53.21125,14.20947
Müsch,Rheinland-Pfalz,50.41461,6.8077
Müschen,Brandenburg,51.81359,14.1854
Müschenbach,Rheinland-Pfalz,50.69809,7.81941
Müsselmow,Mecklenburg-Vorpommern,53.71009,11.68974
Müssen,Schlewig-Holstein,53.49317,10.56497
Mützdorf,Brandenburg,52.07082,12.69015
Mützel,Sachsen-Anhalt,52.37445,12.17608
Mützenich,Rheinland-Pfalz,50.24031,6.28701
Mützlitz,Brandenburg,52.5979,12.52041
Nabburg,Bayern,49.44836,12.1716
Nachrodt-Wiblingwerde,Nordrhein-Westfalen,51.31197,7.61945
Nachterstedt,Sachsen-Anhalt,51.80185,11.3349
Nachtsheim,Rheinland-Pfalz,50.36912,7.15165
Nack,Rheinland-Pfalz,49.7021,8.1389
Nackel,Brandenburg,52.8583,12.43437
Nackenheim,Rheinland-Pfalz,49.90941,8.3365
Nackterhof,Rheinland-Pfalz,49.54802,8.10403
Nadrensee,Mecklenburg-Vorpommern,53.33916,14.34829
Nagel,Bayern,49.98335,11.93807
Nagold,Baden-Württemberg,48.52943,8.72171
Nagoldtal,Baden-Württemberg,48.8126,8.68539
Nahe,Schlewig-Holstein,53.79363,10.13578
Nahmitz,Brandenburg,52.34271,12.67683
Nahrendorf,Niedersachsen,53.16782,10.8345
Nahrstedt,Sachsen-Anhalt,52.62138,11.71825
Nahwinden,Thüringen,50.75397,11.11105
Naila,Bayern,50.33019,11.68415
Nakenstorf,Mecklenburg-Vorpommern,53.8647,11.68699
Nalbach,Saarland,49.38423,6.80056
Namborn,Saarland,49.52232,7.13875
Nandlstadt,Bayern,48.52551,11.80312
Nannhausen,Rheinland-Pfalz,49.98951,7.54625
Nanzdietschweiler,Rheinland-Pfalz,49.477,7.34546
Narsdorf,Sachsen,51.01623,12.71699
Naschendorf,Mecklenburg-Vorpommern,53.84653,11.18732
Nasingen,Rheinland-Pfalz,49.99551,6.23244
Nassau,Rheinland-Pfalz,50.30837,7.80944
Nasseböhla,Sachsen,51.28346,13.67654
Nassenfels,Bayern,48.79885,11.22772
Nassenheide,Brandenburg,52.74392,13.36149
Nastätten,Rheinland-Pfalz,50.20139,7.85813
Natendorf,Niedersachsen,53.07058,10.46533
Nattenheim,Rheinland-Pfalz,49.99789,6.49627
Nattheim,Baden-Württemberg,48.6994,10.24193
Nauberg,Sachsen,51.21877,12.75372
Naudin,Mecklenburg-Vorpommern,53.79058,11.4282
Nauen,Brandenburg,52.63142,12.81202
Nauendorf,Sachsen-Anhalt,51.60535,11.927
Nauendorf,Thüringen,50.84122,11.18859
Naugarten,Brandenburg,53.3194,13.87248
Nauheim,Hessen,49.94236,8.45122
Naumburg,Hessen,51.22899,9.17448
Naumburg,Sachsen-Anhalt,51.10502,11.82778
Naundorf,Brandenburg,51.76247,13.74846
Naundorf,Sachsen,51.18541,13.62361
Naundorf,Sachsen-Anhalt,51.16569,10.45153
Naundorf,Thüringen,51.01804,12.35491
Naunheim,Rheinland-Pfalz,50.25312,7.30524
Naunhof,Sachsen,51.27875,12.59181
Nauort,Rheinland-Pfalz,50.49686,7.71056
Naurath,Rheinland-Pfalz,49.79971,6.90237
Nauroth,Rheinland-Pfalz,50.70026,7.87648
Nausitz,Thüringen,51.28863,11.37115
Nausiß,Thüringen,51.19545,11.0682
Nausnitz,Thüringen,50.93901,11.75028
Nauwalde,Sachsen,51.38906,13.41402
Nazza,Thüringen,51.07874,10.3351
Nebel,Schlewig-Holstein,54.64697,8.336
Nebelin,Brandenburg,53.11688,11.92614
Nebelschütz,Sachsen,51.24067,14.03283
Nebra,Sachsen-Anhalt,51.25181,11.52892
Neckarbischofsheim,Baden-Württemberg,49.29381,8.96485
Neckargemünd,Baden-Württemberg,49.38967,8.82964
Neckargerach,Baden-Württemberg,49.40083,9.0808
Neckarsteinach,Hessen,49.40544,8.84185
Neckarsulm,Baden-Württemberg,49.19425,9.23516
Neckartailfingen,Baden-Württemberg,48.61304,9.26357
Neckartenzlingen,Baden-Württemberg,48.58452,9.24141
Neckarwestheim,Baden-Württemberg,49.04626,9.19079
Neckarzimmern,Baden-Württemberg,49.32391,9.14723
Neddemin,Mecklenburg-Vorpommern,53.60399,13.28988
Nedderhagen,Mecklenburg-Vorpommern,53.95172,11.12204
Nedlitz,Sachsen-Anhalt,52.07294,12.0878
Neef,Rheinland-Pfalz,50.08943,7.2844
Neehausen,Sachsen-Anhalt,51.552,11.61145
Neenstetten,Baden-Württemberg,48.54102,10.02782
Neese,Mecklenburg-Vorpommern,53.27783,11.6271
Neese Ausbau,Mecklenburg-Vorpommern,53.27783,11.6271
Neetze,Niedersachsen,53.26701,10.62393
Neetzka,Mecklenburg-Vorpommern,53.5353,13.59334
Neetzow,Mecklenburg-Vorpommern,53.83945,13.4791
Negenborn,Niedersachsen,51.88841,9.56878
Negenharrie,Schlewig-Holstein,54.11899,10.04834
Negernbötel,Schlewig-Holstein,53.92727,10.29327
Nehlitz,Sachsen-Anhalt,51.60535,11.927
Nehms,Schlewig-Holstein,54.02179,10.34482
Nehmten,Schlewig-Holstein,54.15081,10.34118
Nehren,Baden-Württemberg,48.43096,9.06983
Nehren,Rheinland-Pfalz,50.08592,7.21099
Neichen,Rheinland-Pfalz,50.17706,6.88055
Neidenbach,Rheinland-Pfalz,50.0019,6.60883
Neidenberga,Thüringen,50.58139,11.47863
Neidenfels,Rheinland-Pfalz,49.43227,7.96496
Neidenstein,Baden-Württemberg,49.3229,8.89953
Neidhartshausen,Thüringen,50.66473,10.14051
Neidhof,Rheinland-Pfalz,50.02296,7.01439
Neidlingen,Baden-Württemberg,48.57957,9.56467
Neindorf,Sachsen-Anhalt,52.01819,11.21961
Neinstedt,Sachsen-Anhalt,51.7288,11.0004
Neitersen,Rheinland-Pfalz,50.6662,7.59201
Neißeaue,Sachsen,51.14685,14.88522
Nellingen,Baden-Württemberg,48.54223,9.79346
Nempitz,Sachsen-Anhalt,51.27929,12.09208
Nemsdorf-Göhrendorf,Sachsen-Anhalt,51.34216,11.58123
Nenndorf,Niedersachsen,53.59025,7.45803
Nennhausen,Brandenburg,52.5979,12.52041
Nennslingen,Bayern,49.04592,11.12949
Nentershausen,Hessen,51.01371,9.93641
Nentershausen,Rheinland-Pfalz,50.41991,7.93492
Neperstorf,Mecklenburg-Vorpommern,53.79131,11.64686
Neppermin,Mecklenburg-Vorpommern,53.94046,14.07175
Nepperwitz,Sachsen,51.36439,12.68831
Nerchau,Sachsen,51.29163,12.78663
Nerdin,Mecklenburg-Vorpommern,53.83945,13.4791
Nerdlen,Rheinland-Pfalz,50.17706,6.88055
Nerenstetten,Baden-Württemberg,48.50606,10.10929
Neresheim,Baden-Württemberg,48.78905,10.3427
Neritz,Schlewig-Holstein,53.80135,10.35234
Nermsdorf,Thüringen,51.07341,11.29717
Neroth,Rheinland-Pfalz,50.13325,6.7214
Nersingen,Bayern,48.42874,10.12244
Nerzweiler,Rheinland-Pfalz,49.62357,7.55724
Neschholz,Brandenburg,52.17817,12.6006
Neschow,Mecklenburg-Vorpommern,53.77944,11.04967
Neschwitz,Sachsen,51.31059,14.32911
Nesow,Mecklenburg-Vorpommern,53.77944,11.04967
Nessa,Sachsen-Anhalt,51.12305,12.0267
Nesselwang,Bayern,47.62386,10.49951
Netphen,Nordrhein-Westfalen,50.91333,8.18876
Nettelsee,Schlewig-Holstein,54.17627,10.19297
Nettemühle,Rheinland-Pfalz,50.25312,7.30524
Nettersheim,Nordrhein-Westfalen,50.49904,6.66738
Nettetal,Nordrhein-Westfalen,51.32628,6.2721
Nettgau,Sachsen-Anhalt,52.68405,11.01609
Netzbach,Rheinland-Pfalz,50.28695,8.04655
Netzeband,Brandenburg,52.90326,12.72486
Netzen,Brandenburg,52.34271,12.67683
Netzow,Brandenburg,52.96478,12.02786
Netzschkau,Sachsen,50.61352,12.24518
Neu Babst,Mecklenburg-Vorpommern,53.8647,11.68699
Neu Bartelshagen,Mecklenburg-Vorpommern,54.30052,12.92859
Neu Bleckede,Niedersachsen,53.25568,10.94552
Neu Bochow,Brandenburg,52.40377,12.78065
Neu Boltenhagen,Mecklenburg-Vorpommern,54.08213,13.58567
Neu Darchau,Niedersachsen,53.22822,10.88429
Neu Degtow,Mecklenburg-Vorpommern,53.84653,11.18732
Neu Dessau,Brandenburg,52.5979,12.52041
Neu Duvenstedt,Schlewig-Holstein,54.33038,9.70798
Neu Duvenstedt-Nord,Schlewig-Holstein,54.3578,9.64261
Neu Fahrland,Brandenburg,52.46992,12.99658
Neu Falkenrehde,Brandenburg,52.63142,12.81202
Neu Gaarz,Mecklenburg-Vorpommern,53.84527,12.0922
Neu Garge,Niedersachsen,53.25568,10.94552
Neu Glienicke,Brandenburg,52.90326,12.72486
Neu Golm,Brandenburg,52.26236,14.03594
Neu Göhren,Mecklenburg-Vorpommern,53.21121,11.41481
Neu Gülze,Mecklenburg-Vorpommern,53.40359,10.76152
Neu Heinde,Mecklenburg-Vorpommern,53.88256,12.58682
Neu Hohenfelde,Mecklenburg-Vorpommern,54.09947,11.87608
Neu Hohenvier,Brandenburg,53.11688,11.92614
Neu Jabel,Mecklenburg-Vorpommern,53.23371,11.17997
Neu Kaliß,Mecklenburg-Vorpommern,53.21121,11.41481
Neu Karin,Mecklenburg-Vorpommern,54.06316,11.7968
Neu Kemnitz,Brandenburg,53.13447,12.18056
Neu Kosenow,Mecklenburg-Vorpommern,53.79552,13.76374
Neu Krüssow,Brandenburg,53.13447,12.18056
Neu Käbelich,Mecklenburg-Vorpommern,53.46141,13.58451
Neu Käterhagen,Mecklenburg-Vorpommern,53.86087,11.94391
Neu Königsaue,Sachsen-Anhalt,51.77931,11.47298
Neu Lutterow,Brandenburg,53.1613,12.75199
Neu Lübbenau,Brandenburg,51.99014,13.77779
Neu Lüblow,Mecklenburg-Vorpommern,53.33713,11.46798
Neu Lübtheen,Mecklenburg-Vorpommern,53.30347,11.08369
Neu Mahlisch,Brandenburg,52.4943,14.36042
Neu Necheln,Mecklenburg-Vorpommern,53.71009,11.68974
Neu Pastin,Mecklenburg-Vorpommern,53.69223,11.86932
Neu Pennewitt,Mecklenburg-Vorpommern,53.79131,11.64686
Neu Pinnow,Brandenburg,53.1628,11.7454
Neu Plötzin,Brandenburg,52.36479,12.87007
Neu Poorstorf,Mecklenburg-Vorpommern,53.8647,11.68699
Neu Poserin,Mecklenburg-Vorpommern,53.58385,12.07135
Neu Premslin,Brandenburg,53.1628,11.7454
Neu Redlin,Brandenburg,53.13447,12.18056
Neu Rethwisch,Mecklenburg-Vorpommern,54.13573,11.95561
Neu Runstedt,Sachsen-Anhalt,51.93746,11.05498
Neu Ruthenbeck,Mecklenburg-Vorpommern,53.5239,11.79548
Neu Saunstorf,Mecklenburg-Vorpommern,53.79058,11.4282
Neu Schlagsdorf,Mecklenburg-Vorpommern,53.69609,11.52711
Neu Schloen,Mecklenburg-Vorpommern,53.51459,12.73048
Neu Stieten,Mecklenburg-Vorpommern,53.82319,11.31747
Neu Thurow,Mecklenburg-Vorpommern,53.67731,11.11736
Neu Viecheln,Mecklenburg-Vorpommern,53.79058,11.4282
Neu Virneburg,Rheinland-Pfalz,50.36912,7.15165
Neu Vitense,Mecklenburg-Vorpommern,53.77944,11.04967
Neu Weitendorf,Mecklenburg-Vorpommern,53.90597,11.406
Neu Wendischthun,Niedersachsen,53.25568,10.94552
Neu Woserin,Mecklenburg-Vorpommern,53.69223,11.86932
Neu Wulmstorf,Niedersachsen,53.43076,9.82068
Neu Zachun,Mecklenburg-Vorpommern,53.40188,11.24957
Neu Zauche,Brandenburg,51.91288,14.12376
Neu Zittau,Brandenburg,52.42163,13.88462
Neu-Anspach,Hessen,50.29615,8.49894
Neu-Bamberg,Rheinland-Pfalz,49.79997,7.90035
Neu-Diesburgerhof,Rheinland-Pfalz,49.8721,6.41906
Neu-Eichenberg,Hessen,51.38126,9.8969
Neu-Isenburg,Hessen,50.05217,8.69524
Neu-Kentzlin,Mecklenburg-Vorpommern,53.83658,13.01175
Neu-Maschine,Rheinland-Pfalz,49.3734,8.07627
Neu-Ulm,Bayern,48.38112,10.03872
Neu-Vehlefanz,Brandenburg,52.78381,13.008
Neu-Ziddorf,Mecklenburg-Vorpommern,53.75001,12.58823
Neualbenreuth,Bayern,49.96005,12.4257
Neuasbach,Baden-Württemberg,48.6629,10.16581
Neubarnim,Brandenburg,52.64405,14.36122
Neubau,Rheinland-Pfalz,49.65376,7.87329
Neubensdorf,Brandenburg,52.36809,12.33949
Neuberend,Schlewig-Holstein,54.57727,9.5007
Neuberg,Hessen,50.20249,8.98256
Neubeuern,Bayern,47.78006,12.14163
Neubiberg,Bayern,48.08028,11.64037
Neubodenbach,Sachsen,51.07993,13.32311
Neubrandenburg,Mecklenburg-Vorpommern,53.55354,13.29109
Neubraunshain,Thüringen,51.01804,12.35491
Neubrunn,Bayern,49.72327,9.66375
Neubrunn,Thüringen,50.53061,10.35396
Neubrück,Brandenburg,52.15111,14.14896
Neubukow,Mecklenburg-Vorpommern,54.01771,11.69805
Neubulach,Baden-Württemberg,48.65879,8.67932
Neuburg,Bayern,48.51441,11.66568
Neuburg,Rheinland-Pfalz,48.98458,8.24417
Neuburg-Steinhausen,Mecklenburg-Vorpommern,53.94583,11.58931
Neuburxdorf,Brandenburg,51.4344,13.22132
Neubörger,Niedersachsen,52.95829,7.44983
Neuching,Bayern,48.24373,11.83771
Neudeck,Brandenburg,51.59237,13.22793
Neudenau,Baden-Württemberg,49.30718,9.29198
Neudietendorf,Thüringen,50.91055,10.91512
Neudorf,Brandenburg,53.13447,12.18056
Neudorf,Sachsen-Anhalt,51.64225,11.12517
Neudorf-Bornstein,Schlewig-Holstein,54.4108,9.9788
Neudrossenfeld,Bayern,50.01532,11.49689
Neudörfchen,Brandenburg,52.7836,13.49036
Neue Mühle,Schlewig-Holstein,53.47932,10.61596
Neue Mühle,Thüringen,50.58139,11.47863
Neuehütte,Brandenburg,52.87955,13.8171
Neuehütten,Brandenburg,52.11411,12.45576
Neuekrug,Sachsen-Anhalt,52.78368,10.87672
Neuenbau,Thüringen,50.36968,11.18142
Neuenbeuthen,Thüringen,50.58139,11.47863
Neuenbrook,Schlewig-Holstein,53.8783,9.53127
Neuenburg,Baden-Württemberg,47.83552,7.57551
Neuenbürg,Baden-Württemberg,48.84841,8.588
Neuendeich,Schlewig-Holstein,53.68339,9.67107
Neuendettelsau,Bayern,49.298,10.80029
Neuendorf,Bayern,50.03666,9.6245
Neuendorf,Brandenburg,52.47201,13.38985
Neuendorf,Mecklenburg-Vorpommern,54.08582,12.22179
Neuendorf,Rheinland-Pfalz,50.13897,6.34764
Neuendorf,Sachsen-Anhalt,52.62603,11.17187
Neuendorf,Schlewig-Holstein,53.84067,9.48521
Neuendorf,Thüringen,51.45727,10.36357
Neuendorf A,Mecklenburg-Vorpommern,53.6605,13.8872
Neuendorf B,Mecklenburg-Vorpommern,53.83945,13.4791
Neuendorf Heide,Mecklenburg-Vorpommern,54.31077,12.49967
Neuendorf am Damm,Sachsen-Anhalt,52.68707,11.4372
Neuendorf am See,Brandenburg,51.99014,13.77779
Neuendorf b Brück,Brandenburg,52.20037,12.79268
Neuendorf b Niemegk,Brandenburg,52.07082,12.69015
Neuendorf im Sande,Brandenburg,52.38647,14.19504
"Neuendorf, Hiddensee",Mecklenburg-Vorpommern,54.55054,13.10574
Neuengönna,Thüringen,50.99595,11.622
Neuengörs,Schlewig-Holstein,53.90294,10.3837
Neuenhagen,Brandenburg,52.65024,13.83851
Neuenhagen,Mecklenburg-Vorpommern,53.9075,10.97564
Neuenhaus,Niedersachsen,52.55701,7.05515
Neuenhofe,Sachsen-Anhalt,52.33737,11.36597
Neuenkirchen,Mecklenburg-Vorpommern,53.91101,12.88871
Neuenkirchen,Niedersachsen,53.11017,8.94384
Neuenkirchen,Nordrhein-Westfalen,52.22726,7.37078
Neuenkirchen,Schlewig-Holstein,54.24164,8.98723
Neuenkirchen-Vörden,Niedersachsen,52.50128,8.09053
Neuenlübke,Mecklenburg-Vorpommern,54.23283,12.6236
Neuenmarkt,Bayern,50.09408,11.58377
Neuenrade,Nordrhein-Westfalen,51.28356,7.85005
Neuenrode,Mecklenburg-Vorpommern,53.40188,11.24957
Neuenrost,Mecklenburg-Vorpommern,54.23283,12.6236
Neuensalz,Sachsen,50.50355,12.22399
Neuenstadt,Baden-Württemberg,49.24331,9.32309
Neuenstein,Baden-Württemberg,49.20659,9.58024
Neuenstein,Hessen,50.90286,9.56177
Neuental,Hessen,51.00546,9.22925
Neuenweg,Baden-Württemberg,51.16569,10.45153
Neuerburg,Rheinland-Pfalz,49.99551,6.23244
Neuerkirch,Rheinland-Pfalz,49.99609,7.44468
Neuermark-Lübars,Sachsen-Anhalt,52.58293,12.03886
Neuerstadt,Sachsen-Anhalt,51.16569,10.45153
Neues Wiesenhaus,Sachsen,50.49494,12.59966
Neufahrn,Bayern,48.52666,11.91594
Neufarn,Bayern,48.15152,11.85186
Neufeld,Schlewig-Holstein,53.91613,9.00699
Neufelderkoog,Schlewig-Holstein,53.91613,9.00699
Neufeldhof,Rheinland-Pfalz,49.01442,8.25291
Neuferchau,Sachsen-Anhalt,52.62603,11.17187
Neuffen,Baden-Württemberg,48.55371,9.37198
Neufra,Baden-Württemberg,48.24884,9.18276
Neufraunhofen,Bayern,48.38531,12.21907
Neugattersleben,Sachsen-Anhalt,51.83626,11.76606
Neugernsdorf,Thüringen,50.7443,12.14674
Neugersdorf,Brandenburg,52.79807,14.01577
Neugersdorf,Sachsen,50.9773,14.60941
Neuglobsow,Brandenburg,53.05639,13.10828
Neugrimnitz,Brandenburg,52.97946,13.74486
Neugüster,Schlewig-Holstein,53.47932,10.61596
Neuhardenberg,Brandenburg,52.59596,14.23637
Neuharlingersiel,Niedersachsen,53.64487,7.60792
Neuhaus,Baden-Württemberg,48.26684,8.40228
Neuhaus,Bayern,49.0456,12.49301
Neuhaus,Niedersachsen,53.52491,9.98602
Neuhaus,Sachsen-Anhalt,51.45058,11.23554
Neuhaus,Thüringen,50.49399,11.14041
Neuhaus-Schierschnitz,Thüringen,50.31548,11.20149
Neuhausen,Baden-Württemberg,48.48227,8.99801
Neuhausen,Brandenburg,52.66502,12.84138
Neuhausen,Sachsen,50.67679,13.46913
Neuheilenbach,Rheinland-Pfalz,50.13897,6.34764
Neuheim,Brandenburg,51.95066,13.09874
Neuhemsbach,Rheinland-Pfalz,49.52784,7.91503
Neuhof,Baden-Württemberg,49.13416,8.89806
Neuhof,Bayern,49.45672,10.64326
Neuhof,Brandenburg,52.81085,12.43229
Neuhof,Hessen,50.45513,9.61419
Neuhof,Mecklenburg-Vorpommern,53.82153,11.51704
Neuhof,Niedersachsen,51.96192,10.01162
Neuhof,Rheinland-Pfalz,49.69458,7.48032
Neuhof,Schlewig-Holstein,53.97742,10.78309
Neuhof b Zinna,Brandenburg,51.95066,13.09874
Neuhofen,Rheinland-Pfalz,49.41913,8.437
Neuholland,Brandenburg,52.74392,13.36149
Neuhäusel,Rheinland-Pfalz,50.38516,7.70935
Neuhütten,Bayern,49.93433,9.42207
Neuhütten,Rheinland-Pfalz,49.66692,7.03371
Neukalen,Mecklenburg-Vorpommern,53.82033,12.792
Neukamperfehn,Niedersachsen,53.30572,7.59382
Neukieritzsch,Sachsen,51.14999,12.41049
Neukietz b Wriezen,Brandenburg,52.79807,14.01577
Neukirch,Baden-Württemberg,47.65915,9.70964
Neukirch,Sachsen,51.18132,14.10553
Neukirchen,Bayern,48.85826,12.70994
Neukirchen,Hessen,50.87727,9.36036
Neukirchen,Mecklenburg-Vorpommern,53.86087,11.94391
Neukirchen,Sachsen,50.85825,12.88259
Neukirchen,Sachsen-Anhalt,52.88777,11.75233
Neukirchen,Schlewig-Holstein,54.59919,9.88461
Neukirchen-Adorf,Sachsen,50.77937,12.86698
Neukirchen-Balbini,Bayern,49.29085,12.43692
Neukirchen-Vluyn,Nordrhein-Westfalen,51.44793,6.55148
Neukloster,Mecklenburg-Vorpommern,53.8647,11.68699
Neukyhna,Sachsen,51.52335,12.30296
Neukünkendorf,Brandenburg,53.04259,13.98426
Neuküstrinchen,Brandenburg,52.79807,14.01577
Neulehe,Niedersachsen,52.95829,7.44983
Neuleiningen,Rheinland-Pfalz,49.54306,8.13804
Neuleiningen-Tal,Rheinland-Pfalz,49.54306,8.13804
Neuler,Baden-Württemberg,48.92797,10.0689
Neulewin,Brandenburg,52.79807,14.01577
Neulietzegöricke,Brandenburg,52.79807,14.01577
Neulingen,Baden-Württemberg,48.97037,8.71177
Neulingen,Sachsen-Anhalt,52.88777,11.75233
Neulußheim,Baden-Württemberg,49.29187,8.52166
Neulögow,Brandenburg,53.05639,13.10828
Neulöwenberg,Brandenburg,53.05639,13.10828
Neumagen-Dhron,Rheinland-Pfalz,49.85672,6.8974
Neumark,Sachsen,50.66039,12.35594
Neumark,Thüringen,51.07341,11.29717
Neumarkt,Bayern,49.2742,11.4668
Neumarkt-Sankt Veit,Bayern,48.35997,12.50617
Neumolkenberg,Sachsen-Anhalt,52.5979,12.52041
Neumädewitz,Brandenburg,52.79807,14.01577
Neumühle,Baden-Württemberg,49.05374,10.23152
Neumühle,Mecklenburg-Vorpommern,53.8647,11.68699
Neumühle,Rheinland-Pfalz,49.58009,7.2275
Neumühle,Thüringen,50.60346,11.84197
Neumühlen,Niedersachsen,53.29346,10.50807
Neumünster,Schlewig-Holstein,54.07877,9.98125
Neunburg,Bayern,49.34402,12.37489
Neundorf,Sachsen,50.5277,12.43222
Neundorf,Sachsen-Anhalt,51.8648,11.58228
Neundorf,Thüringen,50.60674,11.78312
Neunheilingen,Thüringen,51.09493,10.62322
Neunhäuser,Rheinland-Pfalz,49.60112,6.68743
Neunkhausen,Rheinland-Pfalz,50.70793,7.98185
Neunkirchen,Baden-Württemberg,49.39585,9.01392
Neunkirchen,Bayern,49.61619,10.6246
Neunkirchen,Nordrhein-Westfalen,50.78995,8.00536
Neunkirchen,Rheinland-Pfalz,49.9725,7.50492
Neunkirchen,Saarland,49.34298,7.20023
Neunkirchen-Seelscheid,Nordrhein-Westfalen,50.85528,7.33186
Neupetershain,Brandenburg,51.60675,14.16326
Neuplatendorf,Sachsen-Anhalt,51.66227,11.46802
Neupotz,Rheinland-Pfalz,49.11748,8.31858
Neuradthal,Bayern,51.16569,10.45153
Neureetz,Brandenburg,52.79807,14.01577
Neureichenau,Bayern,48.74913,13.74762
Neuried,Baden-Württemberg,48.46381,7.81241
Neuried,Bayern,48.09309,11.46578
Neurochlitz,Brandenburg,53.2369,14.37414
Neuruppin,Brandenburg,52.90784,12.77249
Neurüdnitz,Brandenburg,52.79807,14.01577
Neusalza-Spremberg,Sachsen,51.03811,14.52765
Neuschlade,Rheinland-Pfalz,50.78504,7.6908
Neuschollene,Sachsen-Anhalt,52.5979,12.52041
Neuschoo,Niedersachsen,53.57061,7.53082
Neuschönau,Bayern,48.8841,13.47541
Neuseegalendorf,Schlewig-Holstein,54.32958,11.03535
Neusitz,Bayern,49.37565,10.23365
Neusiß,Thüringen,50.77744,10.90178
Neusorg,Bayern,49.94047,11.97444
Neuss,Nordrhein-Westfalen,51.1752,6.70307
Neustadt,Bayern,49.69616,11.17214
Neustadt,Brandenburg,52.8583,12.43437
Neustadt,Hessen,50.85245,9.11528
Neustadt,Niedersachsen,52.56208,9.44035
Neustadt,Rheinland-Pfalz,49.84438,7.97642
Neustadt,Sachsen,50.99635,13.60451
Neustadt,Schlewig-Holstein,54.13364,10.82251
Neustadt,Thüringen,51.10557,11.02134
Neustadt-Glewe,Mecklenburg-Vorpommern,53.40054,11.60276
Neustetten,Baden-Württemberg,48.48213,8.88286
Neustrelitz,Mecklenburg-Vorpommern,53.34329,13.09026
Neustädt,Thüringen,50.96354,10.06727
Neusäß,Bayern,48.39997,10.82564
Neutraubling,Bayern,48.98687,12.2107
Neutrebbin,Brandenburg,52.59596,14.23637
Neutz-Lettewitz,Sachsen-Anhalt,51.5252,11.82739
Neuwartensleben,Sachsen-Anhalt,52.5979,12.52041
Neuwegersleben,Sachsen-Anhalt,52.01819,11.21961
Neuweiler,Baden-Württemberg,48.65765,8.59694
Neuwerben,Sachsen-Anhalt,52.83068,12.16724
Neuwerder,Brandenburg,52.72889,12.41213
Neuwied,Rheinland-Pfalz,50.45459,7.48232
Neuwittenbek,Schlewig-Holstein,54.4108,9.9788
Neuwoog,Rheinland-Pfalz,49.50079,8.03495
Neuwustrow,Brandenburg,52.79807,14.01577
Neuwühren,Schlewig-Holstein,54.28363,10.23968
Neuzelle,Brandenburg,52.0884,14.6454
Neuötting,Bayern,48.24745,12.73687
Neverin,Mecklenburg-Vorpommern,53.60399,13.28988
Nevern,Mecklenburg-Vorpommern,53.8647,11.68699
Neversdorf,Schlewig-Holstein,53.85411,10.2501
Newel,Rheinland-Pfalz,49.80473,6.61166
Nexdorf,Brandenburg,51.64717,13.49567
Ney,Rheinland-Pfalz,50.15862,7.48796
Nichel,Brandenburg,52.20037,12.79268
Nickenich,Rheinland-Pfalz,50.41198,7.3268
Nickritz,Sachsen,51.26068,13.23232
Nidda,Hessen,50.43432,9.01031
Niddatal,Hessen,50.29749,8.81577
Nidderau,Hessen,50.24652,8.88308
Nideggen,Nordrhein-Westfalen,50.67635,6.47619
Niebede,Brandenburg,52.63142,12.81202
Niebel,Brandenburg,52.06461,12.85014
Niebelhorst,Brandenburg,52.06461,12.85014
Niebendorf,Brandenburg,51.95066,13.09874
Nieblum,Schlewig-Holstein,54.71822,8.5031
Nieby,Schlewig-Holstein,54.7442,9.90331
Niebüll,Schlewig-Holstein,54.75626,8.74507
Nieden,Mecklenburg-Vorpommern,53.50257,13.99953
Niedenstein,Hessen,51.21827,9.30942
Nieder Kostenz,Rheinland-Pfalz,49.94321,7.40837
Nieder-Hilbersheim,Rheinland-Pfalz,49.93033,8.03292
Nieder-Olm,Rheinland-Pfalz,49.90848,8.20552
Nieder-Wiesen,Rheinland-Pfalz,49.7021,8.1389
Niederahr,Rheinland-Pfalz,50.48113,7.94372
Niederaichbach,Bayern,48.5929,12.31676
Niederalben,Rheinland-Pfalz,49.5803,7.51359
Niederalteich,Bayern,48.76644,13.02635
Niederau,Sachsen,51.18102,13.55094
Niederaula,Hessen,50.80038,9.60512
Niederbachheim,Rheinland-Pfalz,50.19177,7.77045
Niederbergkirchen,Bayern,48.35997,12.50617
Niederbreitbach,Rheinland-Pfalz,50.53012,7.41903
Niederbrombach,Rheinland-Pfalz,49.70508,7.16398
Niederburg,Rheinland-Pfalz,50.10209,7.6825
Niederböhmersdorf,Thüringen,50.69536,12.01062
Niederbösa,Thüringen,51.23446,10.93052
Niedercrinitz,Sachsen,50.59274,12.54662
Niedercunnersdorf,Sachsen,51.0774,14.65558
Niederdorf,Sachsen,50.69884,12.7616
Niederdorfelden,Hessen,50.19307,8.801
Niederdorla,Thüringen,51.16569,10.42104
Niederdreisbach,Rheinland-Pfalz,50.70793,7.98185
Niederdürenbach,Rheinland-Pfalz,50.46006,7.22208
Niederelbert,Rheinland-Pfalz,50.41991,7.93492
Niedererbach,Rheinland-Pfalz,50.41991,7.93492
Niedereschach,Baden-Württemberg,48.13345,8.51309
Niederfelde,Brandenburg,53.21125,14.20947
Niederfell,Rheinland-Pfalz,50.24828,7.44801
Niederfinow,Brandenburg,52.92156,14.07997
Niederfischbach,Rheinland-Pfalz,50.85604,7.87881
Niederfrohna,Sachsen,50.88352,12.73783
Niederfüllbach,Bayern,50.2189,10.98564
Niedergebra,Thüringen,51.40537,10.58608
Niedergeckler,Rheinland-Pfalz,49.90874,6.31392
Niedergrunstedt,Thüringen,50.9603,11.25562
Niedergörsdorf,Brandenburg,51.95066,13.09874
Niederhagen,Mecklenburg-Vorpommern,54.10216,12.16616
Niederhambach,Rheinland-Pfalz,49.70508,7.16398
Niederhausen,Rheinland-Pfalz,49.76453,7.84885
Niederheimbach,Rheinland-Pfalz,49.95753,7.86457
Niederhofen,Rheinland-Pfalz,50.57485,7.62511
Niederhorbach,Rheinland-Pfalz,49.08987,7.96204
Niederhosenbach,Rheinland-Pfalz,49.8124,7.25528
Niederirsen,Rheinland-Pfalz,50.75832,7.64617
Niederjesar,Brandenburg,52.4943,14.36042
Niederkassel,Nordrhein-Westfalen,50.80958,7.05635
Niederkirchen,Rheinland-Pfalz,49.4975,7.95843
Niederklütz,Mecklenburg-Vorpommern,53.95172,11.12204
Niederkrossen,Thüringen,50.73282,11.32871
Niederkrüchten,Nordrhein-Westfalen,51.21681,6.15576
Niederkumbd,Rheinland-Pfalz,49.98951,7.54625
Niederlangen,Niedersachsen,52.85629,7.28333
Niederlauch,Rheinland-Pfalz,50.15848,6.45936
Niederlauer,Bayern,50.35421,10.25788
Niederlehme,Brandenburg,51.16569,10.45153
Niedermohr,Rheinland-Pfalz,49.456,7.52818
Niedermoschel,Rheinland-Pfalz,49.74161,7.86568
Niedermurach,Bayern,49.44394,12.35682
Niedernberg,Bayern,49.90139,9.12482
Niederndodeleben,Sachsen-Anhalt,52.13518,11.50131
Niederneisen,Rheinland-Pfalz,50.33537,8.055
Niedernhall,Baden-Württemberg,49.27542,9.61563
Niedernhausen,Hessen,50.1653,8.30086
Niedernissa,Thüringen,50.9143,11.15061
Niedernwöhren,Niedersachsen,52.36569,9.13618
Niederorschel,Thüringen,51.36002,10.47949
Niederotterbach,Rheinland-Pfalz,49.08987,7.96204
Niederpickenhain,Sachsen,51.05507,12.68595
Niederpierscheid,Rheinland-Pfalz,50.08513,6.38539
Niederpöllnitz,Thüringen,50.77886,12.01822
Niederraden,Rheinland-Pfalz,49.90874,6.31392
Niederreißen,Thüringen,51.01108,11.50044
Niederrieden,Bayern,48.05065,10.19644
Niederroßbach,Rheinland-Pfalz,50.57669,8.04837
Niederroßla,Thüringen,51.01108,11.50044
Niederröblingen,Sachsen-Anhalt,51.40467,11.38577
Niedersachswerfen,Thüringen,51.56962,10.87934
Niedersayn,Rheinland-Pfalz,50.553,7.80532
Niederscheidweiler,Rheinland-Pfalz,50.07866,6.77218
Niederschlettenbach,Rheinland-Pfalz,49.09935,7.80816
Niederschöna,Sachsen,50.89707,13.25384
Niederschönenfeld,Bayern,48.72078,10.93242
Niedersohren,Rheinland-Pfalz,49.93234,7.30882
Niederspier,Thüringen,51.28627,10.73382
Niederstadtfeld,Rheinland-Pfalz,50.13325,6.7214
Niederstaufenbach,Rheinland-Pfalz,49.456,7.52818
Niederstedem,Rheinland-Pfalz,49.96812,6.54235
Niedersteinebach,Rheinland-Pfalz,50.58842,7.53101
Niederstetten,Baden-Württemberg,49.39946,9.91944
Niederstotzingen,Baden-Württemberg,48.55151,10.22312
Niederstriegis,Sachsen,51.07592,13.17323
Niedert,Rheinland-Pfalz,50.11304,7.57863
Niedertaufkirchen,Bayern,48.35997,12.50617
Niedertiefenbach,Rheinland-Pfalz,50.26865,7.97579
Niedertrebra,Thüringen,51.0879,11.62857
Niederviehbach,Bayern,48.60114,12.38136
Niederwallmenach,Rheinland-Pfalz,50.19177,7.77045
Niederwambach,Rheinland-Pfalz,50.64911,7.69312
Niederweiler,Rheinland-Pfalz,49.95385,6.87876
Niederweis,Rheinland-Pfalz,49.8721,6.41906
Niederwerbig,Brandenburg,52.20037,12.79268
Niederwerrn,Bayern,50.06224,10.1833
Niederwerth,Rheinland-Pfalz,50.40282,7.63874
Niederwiesa,Sachsen,50.86332,13.01543
Niederwillingen,Thüringen,50.75397,11.11105
Niederwinkling,Bayern,48.87206,12.79025
Niederwörresbach,Rheinland-Pfalz,49.8124,7.25528
Niederwürschnitz,Sachsen,50.72122,12.75506
Niederzier,Nordrhein-Westfalen,50.89489,6.4879
Niederzimmern,Thüringen,50.9603,11.25562
Niederzissen,Rheinland-Pfalz,50.46006,7.22208
Niederähren,Rheinland-Pfalz,50.59881,7.61149
Niederöfflingen,Rheinland-Pfalz,50.07866,6.77218
Niedling,Bayern,47.94545,12.60182
Niefern-Öschelbronn,Baden-Württemberg,48.91315,8.79642
Niegeroda,Sachsen,51.28346,13.67654
Niegripp,Sachsen-Anhalt,52.14254,11.95492
Nieheim,Nordrhein-Westfalen,51.80553,9.11733
Niehl,Rheinland-Pfalz,49.94518,6.39373
Nieklitz,Mecklenburg-Vorpommern,53.40359,10.76152
Niekrenz,Mecklenburg-Vorpommern,54.07741,12.37548
Nielebock,Sachsen-Anhalt,52.49992,12.02765
Niemberg,Sachsen-Anhalt,51.53243,12.11555
Niemegk,Brandenburg,52.07082,12.69015
Niemerlang,Brandenburg,53.12115,12.51526
Niemetal,Niedersachsen,51.46829,9.74476
Niemtsch,Brandenburg,51.50503,13.96933
Nienborstel,Schlewig-Holstein,54.1304,9.55545
Nienburg,Niedersachsen,52.63809,9.20841
Nienburg,Sachsen-Anhalt,51.83626,11.76606
Nienbüttel,Schlewig-Holstein,54.02257,9.37994
Niendorf,Brandenburg,51.87042,13.42378
Niendorf,Mecklenburg-Vorpommern,53.69634,11.20915
Niendorf,Niedersachsen,53.25568,10.94552
Niendorf,Schlewig-Holstein,53.66493,10.6245
Nienhagen,Niedersachsen,52.55627,10.10445
Nienhagen,Sachsen-Anhalt,51.94192,11.23244
Nienstedt,Sachsen-Anhalt,51.40467,11.38577
Nienstädt,Niedersachsen,52.28923,9.15366
Nienwohld,Schlewig-Holstein,53.77163,10.18836
Niepars,Mecklenburg-Vorpommern,54.30052,12.92859
Nierow,Sachsen-Anhalt,52.5979,12.52041
Niersbach,Rheinland-Pfalz,49.95221,6.81812
Nierstein,Rheinland-Pfalz,49.87453,8.31959
Niesgrau,Schlewig-Holstein,54.7442,9.90331
Niesky,Sachsen,51.28469,14.70593
Nieste,Hessen,51.30878,9.65726
Niestetal,Hessen,51.31725,9.58679
Nietwerder,Brandenburg,52.90784,12.77249
Nievern,Rheinland-Pfalz,50.31612,7.69362
Niewitz,Brandenburg,51.99014,13.77779
Niklasreuth,Bayern,51.16569,10.45153
Nikolaushof,Rheinland-Pfalz,49.49639,8.07308
Nimritz,Thüringen,50.70572,11.60129
Nimshuscheid,Rheinland-Pfalz,50.11084,6.4802
Nimsreuland,Rheinland-Pfalz,50.15848,6.45936
Nindorf,Schlewig-Holstein,54.10699,9.37482
Nirmsdorf,Thüringen,51.01108,11.50044
Nisbill,Mecklenburg-Vorpommern,53.79131,11.64686
Nister,Rheinland-Pfalz,50.67554,7.83482
Nister-Möhrendorf,Rheinland-Pfalz,50.62348,8.07077
Nisterau,Rheinland-Pfalz,50.66661,8.01375
Nisterberg,Rheinland-Pfalz,50.66661,8.01375
Nistertal,Rheinland-Pfalz,50.6249,7.89838
Nittel,Rheinland-Pfalz,49.65279,6.44705
Nittenau,Bayern,49.21502,12.23514
Nittendorf,Bayern,49.0249,11.95465
Nitz,Rheinland-Pfalz,50.36912,7.15165
Nitzahn,Brandenburg,52.5979,12.52041
Nitzow,Sachsen-Anhalt,52.83068,12.16724
Nobitz,Thüringen,50.98289,12.48458
Nochern,Rheinland-Pfalz,50.19177,7.77045
Noer,Schlewig-Holstein,54.4108,9.9788
Nohen,Rheinland-Pfalz,49.70508,7.16398
Nohfelden,Saarland,49.57617,7.09324
Nohn,Rheinland-Pfalz,50.30522,6.69693
Nohra,Thüringen,51.21574,10.99894
Nomborn,Rheinland-Pfalz,50.41991,7.93492
Nonnendorf,Brandenburg,51.95066,13.09874
Nonnenholz,Hessen,51.34937,9.7731
Nonnenhorn,Bayern,47.57537,9.6101
Nonnenmiß,Baden-Württemberg,48.66546,8.47217
Nonnental,Rheinland-Pfalz,49.3734,8.07627
Nonnewitz,Sachsen-Anhalt,51.16569,10.45153
Nonnweiler,Saarland,49.57291,6.97867
Norath,Rheinland-Pfalz,50.11304,7.57863
Norddeich,Schlewig-Holstein,54.20311,8.91386
Norddorf,Schlewig-Holstein,54.64697,8.336
Norden,Niedersachsen,53.57685,7.16447
Nordendorf,Bayern,48.59499,10.83268
Nordenham,Niedersachsen,53.49275,8.44788
Norderbrarup,Schlewig-Holstein,54.64155,9.80308
Norderfriedrichskoog,Schlewig-Holstein,54.37161,8.94259
Nordergeilwang,Schlewig-Holstein,54.52446,9.32793
Norderheistedt,Schlewig-Holstein,54.29485,9.15713
Nordermeldorf,Schlewig-Holstein,54.10401,9.06229
Norderney,Niedersachsen,53.71683,7.28103
Norderstapel,Schlewig-Holstein,54.35838,9.26281
Norderstedt,Schlewig-Holstein,53.69851,9.9977
Norderwöhrden,Schlewig-Holstein,54.18978,9.09115
Nordfeld,Schlewig-Holstein,54.3446,9.08258
Nordgermersleben,Sachsen-Anhalt,52.22486,11.30453
Nordhackstedt,Schlewig-Holstein,54.7584,9.18419
Nordhalben,Bayern,50.36362,11.50822
Nordhastedt,Schlewig-Holstein,54.17317,9.19031
Nordhausen,Thüringen,51.49908,10.83717
Nordheim,Baden-Württemberg,49.11186,9.11733
Nordheim,Bayern,50.16562,10.16518
Nordheim,Thüringen,50.44895,10.44788
Nordhofen,Rheinland-Pfalz,50.53048,7.75282
Nordholz,Niedersachsen,53.76607,8.59264
Nordhorn,Niedersachsen,52.42437,7.08232
Nordkirchen,Nordrhein-Westfalen,51.72529,7.56493
Nordleda,Niedersachsen,53.76674,8.80834
Nordrach,Baden-Württemberg,48.39778,8.07934
Nordseeinsel Memmert,Niedersachsen,53.67817,6.99584
Nordsehl,Niedersachsen,52.35169,9.18293
Nordstemmen,Niedersachsen,52.15629,9.80357
Nordstrand,Schlewig-Holstein,54.5131,8.89483
Nordstrandischmoor,Schlewig-Holstein,54.5131,8.89483
Nordwalde,Nordrhein-Westfalen,52.10238,7.48911
Norheim,Rheinland-Pfalz,49.78745,7.83201
Norken,Rheinland-Pfalz,50.69809,7.81941
Norstedt,Schlewig-Holstein,54.57018,9.1792
Northeim,Niedersachsen,51.70185,9.99819
Nortmoor,Niedersachsen,53.24231,7.56955
Nortorf,Schlewig-Holstein,54.04715,9.60808
Nortrup,Niedersachsen,52.61587,7.86071
Nossen,Sachsen,51.07993,13.32311
Nossendorf,Mecklenburg-Vorpommern,53.83658,13.01175
Nossentiner Hütte,Mecklenburg-Vorpommern,53.53348,12.42419
Nostorf,Mecklenburg-Vorpommern,53.40359,10.76152
Nothweiler,Rheinland-Pfalz,49.09935,7.80816
Nottensdorf,Niedersachsen,53.50899,9.57798
Nottfeld,Schlewig-Holstein,54.64155,9.80308
Nottleben,Thüringen,50.91055,10.91512
Nottuln,Nordrhein-Westfalen,51.92864,7.37365
Notzingen,Baden-Württemberg,48.6707,9.4573
Noßlitz,Sachsen,51.20212,13.27839
Nudow,Brandenburg,52.36147,13.19002
Nufringen,Baden-Württemberg,48.62194,8.8964
Nunsdorf,Brandenburg,52.22567,13.43068
Nusbaum,Rheinland-Pfalz,49.90874,6.31392
Nusplingen,Baden-Württemberg,48.13327,8.89095
Nusse,Schlewig-Holstein,53.6572,10.58045
Nustrow,Mecklenburg-Vorpommern,54.0282,12.46361
Nutha,Sachsen-Anhalt,52.00334,12.22069
Nuthe-Urstromtal,Brandenburg,52.06015,13.27313
Nutteln,Mecklenburg-Vorpommern,53.71009,11.68974
Nutteln,Schlewig-Holstein,53.99341,9.35731
Nußbach,Rheinland-Pfalz,49.6346,7.70095
Nußbaum,Rheinland-Pfalz,49.79928,7.59146
Nußdorf,Bayern,47.82656,12.37719
Nußloch,Baden-Württemberg,49.31747,8.70335
Nächst Neuendorf,Brandenburg,52.22567,13.43068
Nägelstedt,Thüringen,51.09378,10.75017
Näherhof,Baden-Württemberg,48.70232,9.71204
Nöbdenitz,Thüringen,50.88529,12.31009
Nöda,Thüringen,51.09237,11.09922
Nördlingen,Bayern,48.8561,10.49922
Nörten-Hardenberg,Niedersachsen,51.63313,9.93071
Nörtershausen,Rheinland-Pfalz,50.15862,7.48796
Nörvenich,Nordrhein-Westfalen,50.81327,6.63827
Nübbel,Schlewig-Holstein,54.2861,9.62039
Nübel,Schlewig-Holstein,54.56532,9.58151
Nüdlingen,Bayern,50.22093,10.12392
Nümbrecht,Nordrhein-Westfalen,50.90538,7.5309
Nünchritz,Sachsen,51.29918,13.39009
Nünschweiler,Rheinland-Pfalz,49.24535,7.55723
Nürburg,Rheinland-Pfalz,50.42268,6.90756
Nürnberg,Bayern,49.44033,11.08394
Nürtingen,Baden-Württemberg,48.6134,9.32133
Nüsttal,Hessen,50.64722,9.85824
Nützen,Schlewig-Holstein,53.83663,9.93853
Ober Kostenz,Rheinland-Pfalz,49.94321,7.40837
Ober-Flörsheim,Rheinland-Pfalz,49.7021,8.1389
Ober-Hilbersheim,Rheinland-Pfalz,49.93033,8.03292
Ober-Mörlen,Hessen,50.36586,8.6802
Ober-Olm,Rheinland-Pfalz,49.94794,8.15828
Ober-Ramstadt,Hessen,49.82212,8.74938
Oberachthal,Bayern,47.83296,12.74977
Oberahr,Rheinland-Pfalz,50.48113,7.94372
Oberalben,Rheinland-Pfalz,49.56984,7.35799
Oberammergau,Bayern,47.5958,11.05786
Oberarnbach,Rheinland-Pfalz,49.38948,7.61506
Oberasbach,Bayern,49.43252,10.97119
Oberau,Bayern,47.73877,11.9302
Oberaudorf,Bayern,47.66613,12.12624
Oberaula,Hessen,50.84816,9.46043
Oberaurach,Bayern,49.90955,10.65572
Oberbachheim,Rheinland-Pfalz,50.20139,7.85813
Oberbergkirchen,Bayern,48.31756,12.37748
Oberbettingen,Rheinland-Pfalz,50.30522,6.69693
Oberbiberg,Bayern,48.02485,11.56815
Oberbillig,Rheinland-Pfalz,49.67513,6.67079
Oberbodnitz,Thüringen,50.85628,11.77906
Oberboihingen,Baden-Württemberg,48.64803,9.36672
Oberbrombach,Rheinland-Pfalz,49.70508,7.16398
Oberbösa,Thüringen,51.23446,10.93052
Obercarsdorf,Sachsen,50.83028,13.55704
Obercunnersdorf,Sachsen,51.0774,14.65558
Oberdachstetten,Bayern,49.41549,10.42121
Oberderdingen,Baden-Württemberg,49.06043,8.79754
Oberdiebach,Rheinland-Pfalz,49.95753,7.86457
Oberdill,Bayern,47.98468,11.51884
Oberding,Bayern,48.32091,11.82371
Oberdischingen,Baden-Württemberg,48.30254,9.83311
Oberdoblmühle,Bayern,47.94403,12.69994
Oberdolling,Bayern,48.82828,11.59333
Oberdorla,Thüringen,51.16569,10.42104
Oberdreis,Rheinland-Pfalz,50.63034,7.66151
Oberdürenbach,Rheinland-Pfalz,50.46006,7.22208
Obere Kleinmichelesmühle,Baden-Württemberg,48.63389,9.12968
Obere Rauhmühle,Baden-Württemberg,48.63389,9.12968
Obere Roggenmühle,Baden-Württemberg,48.6108,9.83555
Obere Ölmühle,Baden-Württemberg,49.03095,9.36318
Oberehe-Stroheich,Rheinland-Pfalz,50.30522,6.69693
Obereinöd,Bayern,48.17294,12.31377
Oberelbert,Rheinland-Pfalz,50.41991,7.93492
Oberellen,Thüringen,50.91344,10.20282
Oberelsbach,Bayern,50.43934,10.08614
Oberelz,Rheinland-Pfalz,50.25494,7.01082
Oberer Etzberg,Baden-Württemberg,48.7341,9.75542
Oberer Eutinger Talhof,Baden-Württemberg,48.45444,8.64815
Oberer Lindenhof,Baden-Württemberg,48.45011,9.34397
Obererbach,Rheinland-Pfalz,50.60421,7.81926
Oberfell,Rheinland-Pfalz,50.24828,7.44801
Oberfischbach,Rheinland-Pfalz,50.29585,7.91754
Oberführbuch,Baden-Württemberg,48.21211,10.07158
Obergebra,Thüringen,51.40537,10.58608
Obergeckler,Rheinland-Pfalz,49.90874,6.31392
Obergriesbach,Bayern,48.4217,11.06484
Obergröningen,Baden-Württemberg,48.88763,9.87244
Obergurig,Sachsen,51.12224,14.44063
Obergünzburg,Bayern,47.85373,10.43809
Oberhaching,Bayern,48.02485,11.56815
Oberhaid,Bayern,49.93726,10.80315
Oberhaid,Rheinland-Pfalz,50.49686,7.71056
Oberhain,Thüringen,50.65898,11.11527
Oberhalling,Bayern,47.94403,12.69994
Oberhambach,Rheinland-Pfalz,49.64293,7.17356
Oberharmersbach,Baden-Württemberg,48.37783,8.13491
Oberhaus,Bayern,47.98775,12.55582
Oberhausen,Bayern,48.24289,11.11688
Oberhausen,Nordrhein-Westfalen,51.50422,6.85849
Oberhausen,Rheinland-Pfalz,49.60489,7.79722
Oberhausen-Rheinhausen,Baden-Württemberg,49.2717,8.49576
Oberheimbach,Rheinland-Pfalz,49.95753,7.86457
Oberheldrungen,Thüringen,51.30077,11.21773
Oberhermsdorf,Sachsen,50.97007,13.5362
Oberhof,Baden-Württemberg,48.45444,8.64815
Oberhof,Bayern,47.65966,11.80917
Oberhof,Mecklenburg-Vorpommern,53.95172,11.12204
Oberhof,Thüringen,50.7064,10.7258
Oberholzhäuseln,Bayern,48.49194,11.73555
Oberhonnefeld-Gierend,Rheinland-Pfalz,50.55134,7.51483
Oberhosenbach,Rheinland-Pfalz,49.8124,7.25528
Oberhäslich,Sachsen,50.87331,13.63656
Oberhöhenwald,Bayern,47.83296,12.74977
Oberickelsheim,Bayern,49.5853,10.12947
Oberirsen,Rheinland-Pfalz,50.717,7.53308
Oberjünne,Brandenburg,52.48522,12.5601
Oberkail,Rheinland-Pfalz,50.07866,6.77218
Oberkatz,Thüringen,50.60617,10.1562
Oberkirch,Baden-Württemberg,48.52781,8.05556
Oberkirn,Rheinland-Pfalz,49.8793,7.33671
Oberklütz,Mecklenburg-Vorpommern,53.95172,11.12204
Oberkochen,Baden-Württemberg,48.78544,10.09902
Oberkotzau,Bayern,50.25805,11.92836
Oberkretzach,Bayern,51.16569,10.45153
Oberkutterau,Baden-Württemberg,47.76421,8.1089
Oberlahr,Rheinland-Pfalz,50.62152,7.51725
Oberlangen,Niedersachsen,52.85629,7.28333
Oberlascheid,Rheinland-Pfalz,50.24031,6.28701
Oberlauch,Rheinland-Pfalz,50.15848,6.45936
Oberlauterbach,Sachsen,50.4798,12.29066
Oberleichtersbach,Bayern,50.27375,9.80451
Oberlemnitz,Thüringen,50.44155,11.61814
Oberlichtenau,Sachsen,51.26567,13.90437
Oberlindberg,Bayern,48.9275,12.84327
Oberloquitz,Thüringen,50.52977,11.3828
Oberlungwitz,Sachsen,50.78639,12.72377
Obermaiselstein,Bayern,47.44647,10.24027
Obermarchtal,Baden-Württemberg,48.23372,9.56986
Obermaßfeld-Grimmenthal,Thüringen,50.53061,10.35396
Obermehler,Thüringen,51.3004,10.57436
Obermeitingen,Bayern,48.16078,10.80704
Obermichelbach,Bayern,49.51135,10.88933
Obermittweilerhof,Rheinland-Pfalz,49.62698,7.81437
Obermoosen,Bayern,47.94403,12.69994
Obermoschel,Rheinland-Pfalz,49.72731,7.77112
Obernach,Bayern,47.59139,11.31124
Obernau,Rheinland-Pfalz,50.6662,7.59201
Obernbreit,Bayern,49.659,10.16443
Obernburg,Bayern,49.83443,9.12289
Oberndorf,Baden-Württemberg,48.2902,8.56045
Oberndorf,Bayern,48.6806,10.85501
Oberndorf,Niedersachsen,53.76761,9.15956
Oberndorf,Rheinland-Pfalz,49.72948,7.81715
Oberneisen,Rheinland-Pfalz,50.3549,8.04866
Oberneukirchen,Bayern,48.17268,12.52174
Obernfeld,Niedersachsen,51.60763,10.22025
Obernheim,Baden-Württemberg,48.1627,8.85297
Obernheim-Kirchenarnbach,Rheinland-Pfalz,49.33675,7.60754
Obernhof,Rheinland-Pfalz,50.28074,7.83452
Obernholz,Niedersachsen,52.72824,10.60375
Obernissa,Thüringen,50.96935,11.15475
Obernkirchen,Niedersachsen,52.26833,9.14671
Obernzell,Bayern,48.55495,13.64252
Obernzenn,Bayern,49.4498,10.4662
Oberoppurg,Thüringen,50.70572,11.60129
Oberostendorf,Bayern,47.94366,10.74327
Oberotterbach,Rheinland-Pfalz,49.08987,7.96204
Oberottmarshausen,Bayern,48.23834,10.85739
Oberpframmern,Bayern,48.02168,11.81314
Oberpierscheid,Rheinland-Pfalz,50.08513,6.38539
Oberpleichfeld,Bayern,49.89918,10.0815
Oberpöring,Bayern,48.70342,12.8365
Oberpörlitz,Thüringen,50.69989,10.90656
Oberraden,Rheinland-Pfalz,50.55134,7.51483
Oberreichenbach,Baden-Württemberg,48.74699,8.64931
Oberreichenbach,Bayern,49.59372,10.7726
Oberreidenbach,Rheinland-Pfalz,49.8124,7.25528
Oberreißen,Thüringen,51.01108,11.50044
Oberreut,Bayern,47.83296,12.74977
Oberreute,Bayern,47.56333,9.94464
Oberried,Baden-Württemberg,47.90518,7.94122
Oberrieden,Bayern,48.0887,10.42748
Oberriexingen,Baden-Württemberg,48.93625,9.02196
Oberrod,Rheinland-Pfalz,50.57669,8.04837
Oberrohn,Thüringen,50.84014,10.1654
Oberrot,Baden-Württemberg,49.01121,9.66247
Oberroth,Bayern,48.17394,10.19102
Oberroßbach,Rheinland-Pfalz,50.57669,8.04837
Oberröblingen,Sachsen-Anhalt,51.45058,11.23554
Oberscheidweiler,Rheinland-Pfalz,50.07866,6.77218
Oberscheinfeld,Bayern,49.70407,10.41522
Oberschleißheim,Bayern,48.24764,11.55444
Oberschlettenbach,Rheinland-Pfalz,49.08987,7.96204
Oberschneiding,Bayern,48.79323,12.64336
Oberschops,Bayern,51.16569,10.45153
Oberschulenberg,Niedersachsen,51.81073,10.3389
Oberschwarzach,Bayern,49.8603,10.40992
Oberschweinbach,Bayern,48.24043,11.14666
Oberschöna,Sachsen,50.89707,13.25384
Oberschönau,Thüringen,50.70731,10.60131
Oberschönegg,Bayern,48.11078,10.30818
Obersdorf,Sachsen-Anhalt,51.45058,11.23554
Oberseifersdorf,Sachsen,50.92414,14.77012
Obersiegenbühl,Baden-Württemberg,48.91266,9.98096
Obersimten,Rheinland-Pfalz,49.1291,7.54499
Obersinn,Bayern,50.22593,9.59523
Obersontheim,Baden-Württemberg,49.05543,9.86104
Oberstadion,Baden-Württemberg,48.1859,9.69246
Oberstadt,Thüringen,50.58263,10.53498
Oberstadtfeld,Rheinland-Pfalz,50.13325,6.7214
Oberstaufen,Bayern,47.53963,10.05747
Oberstaufenbach,Rheinland-Pfalz,49.456,7.52818
Oberstdorf,Bayern,47.35994,10.29475
Oberstedem,Rheinland-Pfalz,49.96812,6.54235
Obersteinebach,Rheinland-Pfalz,50.58842,7.53101
Obersteinenberg,Baden-Württemberg,48.87914,9.53929
Oberstenfeld,Baden-Württemberg,49.03095,9.36318
Oberstenwehr,Schlewig-Holstein,53.91479,9.23964
Oberstreit,Rheinland-Pfalz,49.81528,7.71785
Oberstreu,Bayern,50.40031,10.29181
Oberstößwitz,Sachsen,51.20212,13.27839
Obersulm,Baden-Württemberg,49.13563,9.39161
Obersöchering,Bayern,47.74376,11.22603
Obersülzen,Rheinland-Pfalz,49.54306,8.13804
Obersüßbach,Bayern,48.6099,11.94412
Obertaufkirchen,Bayern,48.27174,12.25877
Oberteuringen,Baden-Württemberg,47.7384,9.47389
Oberthal,Saarland,49.51958,7.09794
Oberthierwasen,Rheinland-Pfalz,49.66696,7.98012
Oberthulba,Bayern,50.20596,9.89322
Obertiefenbach,Rheinland-Pfalz,50.19177,7.77045
Obertraubling,Bayern,48.96641,12.16552
Obertrebra,Thüringen,51.01108,11.50044
Obertrubach,Bayern,49.69909,11.33966
Obertshausen,Hessen,50.07698,8.86257
Oberursel,Hessen,50.2092,8.55206
Oberviechtach,Bayern,49.4592,12.45397
Oberwallmenach,Rheinland-Pfalz,50.19177,7.77045
Oberwambach,Rheinland-Pfalz,50.64911,7.69312
Oberweid,Thüringen,50.60617,10.1562
Oberweikertshofen,Bayern,51.16569,10.45153
Oberweiler,Rheinland-Pfalz,49.99789,6.49627
Oberweiler im Tal,Rheinland-Pfalz,49.58247,7.55884
Oberweiler-Tiefenbach,Rheinland-Pfalz,49.58924,7.61178
Oberweis,Rheinland-Pfalz,49.99789,6.49627
Oberweißbach,Thüringen,50.57293,11.13701
Oberwendling,Bayern,47.94403,12.69994
Oberwesel,Rheinland-Pfalz,50.07793,7.69343
Oberweser,Hessen,51.59653,9.60646
Oberwiera,Sachsen,50.88713,12.58658
Oberwies,Rheinland-Pfalz,50.28074,7.83452
Oberwiesen,Rheinland-Pfalz,49.6827,8.04919
Oberwillingen,Thüringen,50.75397,11.11105
Oberwolfach,Baden-Württemberg,48.32244,8.25803
Oberwörresbach,Rheinland-Pfalz,49.8124,7.25528
Oberzissen,Rheinland-Pfalz,50.46006,7.22208
Oberöfflingen,Rheinland-Pfalz,50.07866,6.77218
Obhausen,Sachsen-Anhalt,51.34216,11.58123
Obing,Bayern,47.99853,12.40544
Obrigheim,Baden-Württemberg,49.3517,9.09349
Obrigheim,Rheinland-Pfalz,49.59245,8.20544
Ochsenbusch,Rheinland-Pfalz,49.53711,8.0131
Ochsenfurt,Bayern,49.65433,10.04718
Ochsenhausen,Baden-Württemberg,48.06822,9.94061
Ochtendung,Rheinland-Pfalz,50.34914,7.39113
Ochtersum,Niedersachsen,53.61041,7.52859
Ochtmersleben,Sachsen-Anhalt,52.13518,11.50131
Ochtrup,Nordrhein-Westfalen,52.20666,7.18596
Ockenfels,Rheinland-Pfalz,50.5803,7.30588
Ockenheim,Rheinland-Pfalz,49.93033,8.03292
Ockfen,Rheinland-Pfalz,49.63944,6.54156
Ockholm,Schlewig-Holstein,54.68164,8.93372
Odderade,Schlewig-Holstein,54.17317,9.19031
Odelzhausen,Bayern,48.32441,11.18989
Odenbach,Rheinland-Pfalz,49.68355,7.65017
Odenthal,Nordrhein-Westfalen,51.0425,7.10844
Oderberg,Bayern,47.94545,12.60182
Oderberg,Brandenburg,52.92156,14.07997
Oderin,Brandenburg,52.10664,13.70189
Odernheim,Rheinland-Pfalz,49.76462,7.70428
Oderwitz,Sachsen,50.95648,14.72242
Odisheim,Niedersachsen,53.69036,8.88014
Oebelitz,Mecklenburg-Vorpommern,54.18562,12.88176
Oebisfelde,Sachsen-Anhalt,52.43521,10.98696
Oebles-Schlechtewitz,Sachsen-Anhalt,51.27929,12.09208
Oechlitz,Sachsen-Anhalt,51.34216,11.58123
Oechsen,Thüringen,50.79847,10.05056
Oed,Bayern,48.02156,12.03508
Oederan,Sachsen,50.87366,13.17955
Oederquart,Niedersachsen,53.78444,9.22523
Oedheim,Baden-Württemberg,49.23914,9.25147
Oegeln,Brandenburg,52.15111,14.14896
Oehna,Brandenburg,51.95066,13.09874
Oehrenstock,Thüringen,50.67195,10.97981
Oelde,Nordrhein-Westfalen,51.80091,8.1775
Oelixdorf,Schlewig-Holstein,53.9367,9.5192
Oelsberg,Rheinland-Pfalz,50.19177,7.77045
Oelsen,Sachsen,50.84846,13.94071
Oelsig,Brandenburg,51.74171,13.42121
Oelsitz,Sachsen,51.29756,13.3095
Oelsnitz,Sachsen,50.78559,12.81936
Oepfershausen,Thüringen,50.60617,10.1562
Oer-Erkenschwick,Nordrhein-Westfalen,51.63774,7.25796
Oerbke,Niedersachsen,52.89587,9.71783
Oerel,Niedersachsen,53.49807,9.11349
Oering,Schlewig-Holstein,53.83793,10.18284
Oerlenbach,Bayern,50.14343,10.13389
Oerlinghausen,Nordrhein-Westfalen,51.94559,8.68137
Oersberg,Schlewig-Holstein,54.63618,9.87124
Oersdorf,Schlewig-Holstein,53.83663,9.93853
Oeschebüttel,Schlewig-Holstein,53.96511,9.71149
Oesterdeichstrich,Schlewig-Holstein,54.16454,8.84074
Oesterwurth,Schlewig-Holstein,54.20311,8.91386
Oestrich-Winkel,Hessen,50.04146,8.00242
Oettelin,Mecklenburg-Vorpommern,53.86087,11.94391
Oettern,Thüringen,50.89675,11.26789
Oettersdorf,Thüringen,50.59733,11.83993
Oettingen,Bayern,48.95413,10.59558
Oetzen,Niedersachsen,53.0218,10.67482
Oevenum,Schlewig-Holstein,54.71822,8.5031
Oeverdiek,Schlewig-Holstein,53.97742,10.78309
Oeversee,Schlewig-Holstein,54.69593,9.42772
Offenau,Baden-Württemberg,49.24395,9.16371
Offenbach,Hessen,50.09646,8.77726
Offenbach,Rheinland-Pfalz,49.1941,8.19017
Offenbach-Hundheim,Rheinland-Pfalz,49.62357,7.55724
Offenberg,Bayern,48.86201,12.89069
Offenburg,Baden-Württemberg,48.48322,7.9495
Offenbüttel,Schlewig-Holstein,54.14287,9.27245
Offenhausen,Bayern,49.44536,11.40061
Offenheim,Rheinland-Pfalz,49.7021,8.1389
Offenstätter,Bayern,51.16569,10.45153
Offingen,Bayern,48.48225,10.36479
Offstein,Rheinland-Pfalz,49.61897,8.22474
Ofterdingen,Baden-Württemberg,48.42033,9.03174
Ofterschwang,Bayern,47.50928,10.28614
Oftersheim,Baden-Württemberg,49.38242,8.58747
Oggelshausen,Baden-Württemberg,48.06185,9.60795
Ogrosen,Brandenburg,51.72805,13.9005
Ohlenhard,Rheinland-Pfalz,50.42268,6.90756
Ohlsbach,Baden-Württemberg,48.43156,7.99373
Ohlstadt,Bayern,47.63872,11.22939
Ohlweiler,Rheinland-Pfalz,49.98951,7.54625
Ohmbach,Rheinland-Pfalz,49.44211,7.31975
Ohmden,Baden-Württemberg,48.65156,9.53326
Ohne,Niedersachsen,52.34423,7.20805
Ohnewitz,Brandenburg,52.72889,12.41213
Ohorn,Sachsen,51.19059,14.0051
Ohrdruf,Thüringen,50.82742,10.73404
Ohrenbach,Bayern,49.47416,10.22289
Ohrsleben,Sachsen-Anhalt,52.08624,11.11985
Ohrum,Niedersachsen,52.06714,10.57869
Oland,Schlewig-Holstein,54.63385,8.7167
Olbernhau,Sachsen,50.65884,13.33813
Olbersdorf,Sachsen,50.87361,14.76917
Olbersleben,Thüringen,51.12231,11.41758
Olching,Bayern,48.21288,11.34907
Oldenborstel,Schlewig-Holstein,54.04702,9.4811
Oldenburg,Niedersachsen,53.14266,8.2127
Oldenburg,Schlewig-Holstein,54.31612,10.88063
Oldenbüttel,Schlewig-Holstein,54.12177,9.40193
Oldendorf,Niedersachsen,53.35746,9.73223
Oldendorf,Schlewig-Holstein,53.97691,9.43482
Oldenhütten,Schlewig-Holstein,54.18121,9.75898
Oldenswort,Schlewig-Holstein,54.37161,8.94259
Oldersbek,Schlewig-Holstein,54.44987,9.14881
Olderup,Schlewig-Holstein,54.52126,9.08114
Oldisleben,Thüringen,51.29237,11.11387
Oldsum,Schlewig-Holstein,54.71822,8.5031
Olenkorb,Rheinland-Pfalz,49.38948,7.61506
Olfen,Nordrhein-Westfalen,51.71639,7.37173
Olgashof,Mecklenburg-Vorpommern,53.82319,11.31747
Ollendorf,Thüringen,50.96935,11.15475
Ollmuth,Rheinland-Pfalz,49.67873,6.74208
Ollndorf,Mecklenburg-Vorpommern,53.83187,10.87156
Olmscheid,Rheinland-Pfalz,50.07016,6.18582
Olpe,Nordrhein-Westfalen,51.04929,7.89167
Olsberg,Nordrhein-Westfalen,51.30998,8.52537
Olsbrücken,Rheinland-Pfalz,49.53559,7.64833
Olsdorf,Rheinland-Pfalz,49.94518,6.39373
Olzheim,Rheinland-Pfalz,50.13897,6.34764
Onsdorf,Rheinland-Pfalz,49.67136,6.52169
Opfenbach,Bayern,47.62693,9.83291
Oppach,Sachsen,51.05658,14.50503
Oppelhain,Brandenburg,51.59657,13.74282
Oppenau,Baden-Württemberg,48.47198,8.16213
Oppenheim,Rheinland-Pfalz,49.83598,8.35386
Oppenweiler,Baden-Württemberg,48.98336,9.45872
Oppershausen,Thüringen,51.16569,10.42104
Oppertshausen,Rheinland-Pfalz,49.98951,7.54625
Oppin,Sachsen-Anhalt,51.53243,12.11555
Oppurg,Thüringen,50.70572,11.60129
Oranienbaum,Sachsen-Anhalt,51.79802,12.40465
Oranienburg,Brandenburg,52.74392,13.36149
Orbachshof,Baden-Württemberg,49.20659,9.58024
Orbis,Rheinland-Pfalz,49.6827,8.04919
Orenhofen,Rheinland-Pfalz,49.85309,6.5694
Orfgen,Rheinland-Pfalz,50.64756,7.52776
Orlamünde,Thüringen,50.80012,11.58376
Orlenbach,Rheinland-Pfalz,50.22251,6.4231
Orlishausen,Thüringen,51.17087,11.16515
Ormont,Rheinland-Pfalz,50.13897,6.34764
Ornbau,Bayern,49.17683,10.65683
Orsfeld,Rheinland-Pfalz,50.05755,6.60138
Orsingen-Nenzingen,Baden-Württemberg,47.84315,8.96035
Ortenberg,Baden-Württemberg,48.4516,7.97131
Ortenberg,Hessen,50.35605,9.07913
Ortenburg,Bayern,48.55174,13.22564
Ortrand,Brandenburg,51.37793,13.7576
Ortwig,Brandenburg,52.64405,14.36122
Osann-Monzel,Rheinland-Pfalz,49.95221,6.81812
Osburg,Rheinland-Pfalz,49.71485,6.79303
Oschatz,Sachsen,51.34915,13.11114
Oschersleben,Sachsen-Anhalt,52.01819,11.21961
Oschätzchen,Brandenburg,51.53215,13.37895
Osdorf,Brandenburg,52.36873,13.31653
Osdorf,Schlewig-Holstein,54.4306,10.01263
Osendorf,Bayern,48.03278,12.30562
Osloß,Niedersachsen,52.47086,10.68194
Osnabrück,Niedersachsen,52.27417,8.04194
Ossa,Sachsen,51.05507,12.68595
Ossendorf,Brandenburg,52.0884,14.6454
Ostbevern,Nordrhein-Westfalen,52.03565,7.85782
Osteel,Niedersachsen,53.50578,7.26072
Ostelsheim,Baden-Württemberg,48.72652,8.84737
Osten,Niedersachsen,53.71821,9.23264
Ostenfeld,Schlewig-Holstein,54.38936,9.48424
Ostenholz,Niedersachsen,52.87944,9.52118
Oster-Ohrstedt,Schlewig-Holstein,54.50987,9.23066
Osterberg,Bayern,48.14251,10.17833
Osterberg,Thüringen,50.91055,10.91512
Osterbruch,Niedersachsen,53.80885,8.90412
Osterburg,Sachsen-Anhalt,52.78907,11.72233
Osterburken,Baden-Württemberg,49.44055,9.41515
Osterby,Schlewig-Holstein,54.63153,9.47628
Ostercappeln,Niedersachsen,52.39805,8.187
Osterdeich,Schlewig-Holstein,54.75626,8.74507
Ostereistedt,Niedersachsen,53.26798,9.27257
Osterfeld,Sachsen-Anhalt,51.07981,11.93027
Osterhausen,Sachsen-Anhalt,51.552,11.61145
Osterhever,Schlewig-Holstein,54.33025,8.78223
Osterhofen,Bayern,48.68972,13.00176
Osterholz,Baden-Württemberg,48.85036,10.33899
Osterholz-Scharmbeck,Niedersachsen,53.26481,8.74222
Osterhorn,Schlewig-Holstein,53.85608,9.70268
Osternienburg,Sachsen-Anhalt,51.77197,12.07353
Osteroda,Brandenburg,51.72081,13.2298
Osterode,Niedersachsen,51.72393,10.23476
Osterode,Sachsen-Anhalt,51.978,10.73566
Osterrade,Schlewig-Holstein,54.14287,9.27245
Osterrönfeld,Schlewig-Holstein,54.27887,9.7099
Ostersmühle,Rheinland-Pfalz,50.11304,7.57863
Osterspai,Rheinland-Pfalz,50.23464,7.67126
Osterstedt,Schlewig-Holstein,54.11241,9.58901
Osterwald,Bayern,47.81435,11.06634
Osterwald,Niedersachsen,52.55701,7.05515
Osterweddingen,Sachsen-Anhalt,52.03183,11.51991
Osterwieck,Sachsen-Anhalt,51.978,10.73566
Osterwohle,Sachsen-Anhalt,52.78368,10.87672
Osterzell,Bayern,47.88935,10.75327
Ostfildern,Baden-Württemberg,48.71458,9.25849
Osthausen-Wülfershausen,Thüringen,50.8101,10.96409
Ostheim,Bayern,50.46076,10.23046
Osthofen,Rheinland-Pfalz,49.70497,8.31494
Ostingersleben,Sachsen-Anhalt,52.22486,11.30453
Ostrach,Baden-Württemberg,47.95846,9.3458
Ostramondra,Thüringen,51.20437,11.36522
Ostrau,Sachsen,51.21266,12.95033
Ostrau,Sachsen-Anhalt,51.60535,11.927
Ostrhauderfehn,Niedersachsen,53.13627,7.61881
Ostritz,Sachsen,51.01567,14.93134
Ostrohe,Schlewig-Holstein,54.18978,9.09115
Ostseebad Ahrenshoop,Mecklenburg-Vorpommern,54.27395,12.33747
Ostseebad Binz,Mecklenburg-Vorpommern,54.39313,13.63811
Ostseebad Boltenhagen,Mecklenburg-Vorpommern,53.98528,11.20854
Ostseebad Boltenhagen Zeltplatz,Mecklenburg-Vorpommern,53.98528,11.20854
Ostseebad Nienhagen,Mecklenburg-Vorpommern,54.13573,11.95561
Ostseebad Prerow,Mecklenburg-Vorpommern,54.42158,12.51888
Ostseebad Rerik,Mecklenburg-Vorpommern,54.10838,11.67445
Ostseebad Rerik Zeltplatz,Mecklenburg-Vorpommern,54.10838,11.67445
Ostseebad Wustrow,Mecklenburg-Vorpommern,54.27395,12.33747
Oststeinbek,Schlewig-Holstein,53.51707,10.09299
Othenstorf,Mecklenburg-Vorpommern,53.77944,11.04967
Ottenbach,Baden-Württemberg,48.7341,9.75542
Ottenbüttel,Schlewig-Holstein,53.96515,9.50649
Ottendorf,Sachsen,50.97307,14.27302
Ottendorf,Schlewig-Holstein,54.34029,10.05009
Ottendorf,Thüringen,50.85628,11.77906
Ottendorf-Okrilla,Sachsen,51.17511,13.8246
Ottengrün,Sachsen,50.36256,12.07973
Ottenhain,Sachsen,51.05507,12.68595
Ottenhofen,Bayern,48.19978,11.87226
Ottenhöfen,Baden-Württemberg,48.5676,8.15255
Ottensoos,Bayern,49.50855,11.34014
Ottenstein,Niedersachsen,51.95489,9.39014
Otter,Niedersachsen,53.23979,9.74054
Otterbach,Rheinland-Pfalz,49.48545,7.73402
Otterberg,Rheinland-Pfalz,49.49995,7.79832
Otterfing,Bayern,47.91312,11.67947
Otterndorf,Niedersachsen,53.80885,8.90412
Ottersberg,Niedersachsen,53.11703,9.11862
Ottersheim,Rheinland-Pfalz,49.43505,8.1578
Otterskirchen,Bayern,51.16569,10.45153
Otterstadt,Rheinland-Pfalz,49.37723,8.45024
Otterstedt,Thüringen,51.23446,10.93052
Ottersweier,Baden-Württemberg,48.67154,8.0904
Otterwisch,Sachsen,51.21877,12.75372
Otting,Bayern,48.87353,10.80364
Ottmannshausen,Thüringen,51.07341,11.29717
Ottobeuren,Bayern,47.92526,10.31087
Ottobrunn,Bayern,48.05984,11.66812
Ottrau,Hessen,50.80521,9.38517
Ottstedt a Berge,Thüringen,50.9603,11.25562
Ottweiler,Saarland,49.41511,7.21659
Otzbach,Thüringen,50.79847,10.05056
Otzberg,Hessen,49.83044,8.91007
Otzing,Bayern,48.76047,12.80878
Otzweiler,Rheinland-Pfalz,49.78701,7.49201
Ovelgönne,Niedersachsen,53.34204,8.41916
Ovelgünne,Sachsen-Anhalt,52.14756,11.22068
Ovendorferredder,Schlewig-Holstein,54.09925,10.1077
Overath,Nordrhein-Westfalen,50.94095,7.30136
Owen,Baden-Württemberg,48.58791,9.45008
Owingen,Baden-Württemberg,47.82365,9.16385
Owschlag,Schlewig-Holstein,54.39098,9.61947
Oy-Mittelberg,Bayern,47.64434,10.45457
Oyten,Niedersachsen,53.07912,9.04743
Oßling,Sachsen,51.24067,14.03283
Oßmannstedt,Thüringen,51.01108,11.50044
Paaren,Brandenburg,52.46992,12.99658
Paaren im Glien,Brandenburg,52.63142,12.81202
Pabstorf,Sachsen-Anhalt,52.00893,10.86441
Packebusch,Sachsen-Anhalt,52.68707,11.4372
Padenstedt,Schlewig-Holstein,54.04905,9.91718
Paderborn,Nordrhein-Westfalen,51.73746,8.71973
Pagensand,Schlewig-Holstein,53.73011,9.49331
Pahlen,Schlewig-Holstein,54.26766,9.29564
Pahlsdorf,Brandenburg,51.70642,13.63103
Pahren,Thüringen,50.62924,12.03912
Painten,Bayern,48.98753,11.81606
Paitzdorf,Thüringen,50.86449,12.18073
Palingen,Mecklenburg-Vorpommern,53.83187,10.87156
Palling,Bayern,48.01004,12.64946
Palzem,Rheinland-Pfalz,49.60041,6.50744
Pampin,Mecklenburg-Vorpommern,53.40765,11.72243
Pampow,Mecklenburg-Vorpommern,53.51671,12.82773
Pamprin,Mecklenburg-Vorpommern,53.5616,10.94705
Panitz,Sachsen,51.26068,13.23232
Panitzsch,Sachsen,51.34899,12.54607
Panker,Schlewig-Holstein,54.30053,10.56164
Panolsreut,Bayern,47.94403,12.69994
Panschwitz-Kuckau,Sachsen,51.24067,14.03283
Pansdorf,Schlewig-Holstein,53.98416,10.70836
Pansfelde,Sachsen-Anhalt,51.63498,11.31101
Pantelitz,Mecklenburg-Vorpommern,54.30052,12.92859
Panten,Schlewig-Holstein,53.6572,10.58045
Pantenburg,Rheinland-Pfalz,50.09606,6.82754
Panzweiler,Rheinland-Pfalz,50.03236,7.28014
Papenbrook,Schlewig-Holstein,54.3764,9.31493
Papenbruch,Brandenburg,53.12115,12.51526
Papenburg,Niedersachsen,53.05213,7.41043
Papendorf,Mecklenburg-Vorpommern,53.76763,13.04967
Papenhagen,Mecklenburg-Vorpommern,54.2384,13.10249
Papenhusen,Mecklenburg-Vorpommern,53.84653,11.18732
Papiermühle,Thüringen,50.73505,11.72756
Paplitz,Brandenburg,52.03348,13.50421
Paplitz,Sachsen-Anhalt,52.37445,12.17608
Pappenheim,Bayern,48.94175,10.99657
Papsdorf,Sachsen,51.21877,12.75372
Parber,Mecklenburg-Vorpommern,53.77944,11.04967
Parchau,Sachsen-Anhalt,52.14254,11.95492
Parchen,Sachsen-Anhalt,52.37445,12.17608
Parchim,Mecklenburg-Vorpommern,53.42796,11.87762
Parchow,Mecklenburg-Vorpommern,54.01771,11.69805
Parchtitz,Mecklenburg-Vorpommern,54.41174,13.42585
Paretz,Brandenburg,52.50989,12.83148
Parey,Brandenburg,52.5979,12.52041
Parey,Sachsen-Anhalt,52.3835,11.98413
Parin,Mecklenburg-Vorpommern,53.95172,11.12204
Parkentin,Mecklenburg-Vorpommern,54.09947,11.87608
Parkstein,Bayern,49.72865,12.06816
Parkstetten,Bayern,48.91708,12.59611
Parlow-Glambeck,Brandenburg,52.97946,13.74486
Parmen-Weggun,Brandenburg,53.3194,13.87248
Parsau,Niedersachsen,52.53516,10.88809
Parsberg,Bayern,49.1551,11.73031
Parschall,Bayern,47.91056,12.8186
Parsdorf,Bayern,48.14251,11.78796
Parstein,Brandenburg,52.92156,14.07997
Partenheim,Rheinland-Pfalz,49.83958,8.15934
Partenstein,Bayern,50.04534,9.51995
Parthenstein,Sachsen,51.21877,12.75372
Parum,Mecklenburg-Vorpommern,53.50693,11.07801
Parzing,Bayern,47.94545,12.60182
Paschel,Rheinland-Pfalz,49.60112,6.68743
Paschwitz,Sachsen,51.4869,12.6412
Pasewalk,Mecklenburg-Vorpommern,53.50257,13.99953
Paska,Thüringen,50.70572,11.60129
Passade,Schlewig-Holstein,54.36348,10.29197
Passau,Bayern,48.57974,13.44244
Passee,Mecklenburg-Vorpommern,53.8647,11.68699
Passow,Mecklenburg-Vorpommern,53.57259,11.57104
Pastetten,Bayern,48.19957,11.94579
Pastin,Mecklenburg-Vorpommern,53.69223,11.86932
Paterdamm,Brandenburg,52.38771,12.56081
Patersberg,Rheinland-Pfalz,50.12677,7.76569
Patersdorf,Bayern,49.0047,12.97583
Pattensen,Niedersachsen,52.2466,9.74924
Patzig,Mecklenburg-Vorpommern,54.41174,13.42585
Paulinenaue,Brandenburg,52.63142,12.81202
Paulinzella,Thüringen,50.64584,11.25088
Paunzhausen,Bayern,48.47446,11.56381
Pausa,Sachsen,50.59186,11.99433
Pausin,Brandenburg,52.63142,12.81202
Pausitz,Sachsen,51.36439,12.68831
Pechbrunn,Bayern,51.16569,10.45153
Pechüle,Brandenburg,51.95066,13.09874
Peckfitz,Sachsen-Anhalt,52.49571,11.17824
Peenemünde,Mecklenburg-Vorpommern,54.11382,13.83271
Peffingen,Rheinland-Pfalz,49.8721,6.41906
Pegau,Sachsen,51.16777,12.24784
Pegestorf,Niedersachsen,51.95522,9.51824
Pegnitz,Bayern,49.7628,11.53106
Peheim,Niedersachsen,52.88863,7.93397
Peickwitz,Brandenburg,51.45661,13.86426
Peine,Niedersachsen,52.33034,10.20446
Peissen,Schlewig-Holstein,53.99365,9.63046
Peiting,Bayern,47.78788,10.92688
Peitz,Brandenburg,51.85744,14.41276
Peißen,Sachsen-Anhalt,51.6672,11.89206
Peißenberg,Bayern,47.81435,11.06634
Pellingen,Rheinland-Pfalz,49.67513,6.67079
Pellworm,Schlewig-Holstein,54.53048,8.65657
Pelm,Rheinland-Pfalz,50.13325,6.7214
Pelsin,Mecklenburg-Vorpommern,53.76275,13.56938
Pelzerhaus,Rheinland-Pfalz,50.07097,7.03559
Pemfling,Bayern,49.2787,12.59519
Penig,Sachsen,50.93845,12.69751
Penkow,Mecklenburg-Vorpommern,53.44759,12.43199
Penkun,Mecklenburg-Vorpommern,53.30035,14.21503
Pennewitt,Mecklenburg-Vorpommern,53.79131,11.64686
Pennewitz,Thüringen,50.64969,11.00372
Pennigsehl,Niedersachsen,52.64248,9.02716
Pentenried,Bayern,48.07644,11.34893
Pentling,Bayern,48.96164,12.06331
Penzberg,Bayern,47.7631,11.38295
Penzin,Mecklenburg-Vorpommern,53.74412,11.85405
Penzing,Bayern,48.08945,10.91441
Penzlin,Mecklenburg-Vorpommern,53.5235,13.05111
Pepelow,Mecklenburg-Vorpommern,54.01771,11.69805
Perach,Bayern,48.30714,12.78643
Perasdorf,Bayern,48.95141,12.81287
Perdöhl,Mecklenburg-Vorpommern,53.50693,11.07801
Peritz,Sachsen,51.38906,13.41402
Perkam,Bayern,48.86935,12.44598
Perl,Saarland,49.47331,6.38613
Perleberg,Brandenburg,53.11688,11.92614
Perlesreut,Bayern,48.77928,13.4412
Perlin,Mecklenburg-Vorpommern,53.65278,11.17452
Perne,Sachsen,51.09541,13.46418
Perniek,Mecklenburg-Vorpommern,53.8647,11.68699
Pernitz,Brandenburg,52.48522,12.5601
Perscheid,Rheinland-Pfalz,50.07793,7.69343
Perwenitz,Brandenburg,52.63142,12.81202
Peseckendorf,Sachsen-Anhalt,51.99247,11.31928
Pessin,Brandenburg,52.63142,12.81202
Pesterwitz,Sachsen,51.00026,13.64017
Peterhof,Bayern,48.45657,10.81466
Petersaurach,Bayern,49.3092,10.74743
Petersberg,Hessen,50.57271,9.7496
Petersberg,Mecklenburg-Vorpommern,53.83187,10.87156
Petersberg,Rheinland-Pfalz,49.24535,7.55723
Petersberg,Sachsen,51.13432,13.12724
Petersberg,Sachsen-Anhalt,51.60535,11.927
Petersberg,Thüringen,50.93901,11.75028
Petersdorf,Bayern,48.52856,11.01366
Petersdorf,Brandenburg,52.33996,14.34198
Petersdorf,Mecklenburg-Vorpommern,53.46141,13.58451
Petersdorf,Thüringen,51.47117,10.74226
"Petersdorf b Wismar, Meckl",Mecklenburg-Vorpommern,53.82319,11.31747
Petershagen,Brandenburg,52.52719,13.77215
Petershagen,Nordrhein-Westfalen,52.38329,8.97744
Petershausen,Bayern,48.41123,11.47152
Peterskoogsdeich,Schlewig-Holstein,54.38985,9.06735
Peterslahr,Rheinland-Pfalz,50.64756,7.52776
Petersmark,Sachsen-Anhalt,52.62268,11.65093
Petersroda,Sachsen-Anhalt,51.5788,12.2835
Peterswald-Löffelscheid,Rheinland-Pfalz,50.08943,7.2844
Petkus,Brandenburg,51.95066,13.09874
Petriroda,Thüringen,50.83189,10.66358
Pettendorf,Bayern,49.04959,12.00577
Petting,Bayern,47.91056,12.8186
Pettstadt,Bayern,49.83793,10.92196
Petznick,Brandenburg,53.18163,13.54788
Petzow,Brandenburg,52.36479,12.87007
Peukendorf,Thüringen,51.28627,10.73382
Peuschen,Thüringen,50.66201,11.56757
Pfaffen-Schwabenheim,Rheinland-Pfalz,49.79997,7.90035
Pfaffendorf,Brandenburg,52.15111,14.14896
Pfaffenhausen,Bayern,48.11962,10.45457
Pfaffenhofen,Baden-Württemberg,49.05325,8.95627
Pfaffenhofen,Bayern,48.41389,10.94864
Pfaffenhäusle,Baden-Württemberg,48.83264,9.8756
Pfaffenstube,Baden-Württemberg,48.59706,8.42184
Pfaffenweiler,Baden-Württemberg,47.94009,7.75869
Pfaffing,Bayern,48.04356,12.20735
Pfaffroda,Sachsen,50.65884,13.33813
Pfaffroda-Dittmannsdorf,Sachsen,50.65884,13.33813
Pfaffroda-Dörnthal,Sachsen,50.65884,13.33813
Pfaffroda-Hallbach,Sachsen,50.65884,13.33813
Pfaffroda-Haselbach,Sachsen,50.65884,13.33813
Pfaffroda-Hutha,Sachsen,50.65884,13.33813
Pfaffroda-Schönfeld,Sachsen,50.65884,13.33813
Pfaffschwende,Thüringen,51.38965,10.16816
Pfahlbronner Mühle,Baden-Württemberg,48.79721,9.60864
Pfahlhaus,Niedersachsen,53.59573,7.73372
Pfahlhof,Baden-Württemberg,49.06001,9.25598
Pfakofen,Bayern,48.85834,12.22788
Pfalzfeld,Rheinland-Pfalz,49.89787,7.81391
Pfalzgrafenweiler,Baden-Württemberg,48.53351,8.53368
Pfalzheim,Brandenburg,52.90326,12.72486
Pfalzkyll,Rheinland-Pfalz,49.94066,6.66275
Pfannenschoppen,Rheinland-Pfalz,50.76537,7.67211
Pfarrkirchen,Bayern,48.44067,12.95453
Pfarrweisach,Bayern,50.14627,10.73819
Pfatter,Bayern,48.96356,12.38353
Pfedelbach,Baden-Württemberg,49.16698,9.5066
Pfeffelbach,Rheinland-Pfalz,49.56984,7.35799
Pfeffenhausen,Bayern,48.67308,11.94627
Pfeilhalde,Baden-Württemberg,48.78999,9.87237
Pfenninghof,Bayern,49.0367,11.58594
Pferdingsleben,Thüringen,50.8969,10.76719
Pferdsdorf,Thüringen,50.81649,9.97973
Pfiffelbach,Thüringen,51.01108,11.50044
Pfinztal,Baden-Württemberg,48.97809,8.54149
Pflaumdorf,Bayern,48.07914,11.07312
Pflückuff,Sachsen,51.4565,12.92728
Pflügkuff,Brandenburg,51.95066,13.09874
Pfofeld,Bayern,49.10421,10.83563
Pforzen,Bayern,47.9298,10.61296
Pforzheim,Baden-Württemberg,48.88318,8.69337
Pfreimd,Bayern,49.494,12.18186
Pfronstetten,Baden-Württemberg,48.27769,9.3606
Pfronten,Bayern,47.57664,10.52644
Pfuhlsborn,Thüringen,51.01108,11.50044
Pfullendorf,Baden-Württemberg,47.93627,9.25059
Pfullingen,Baden-Württemberg,48.46018,9.21982
Pfungstadt,Hessen,49.7934,8.58299
Pförring,Bayern,48.80863,11.68777
Philadelphia,Brandenburg,52.24406,13.91797
Philippsburg,Baden-Württemberg,49.23002,8.43821
Philippsheim,Rheinland-Pfalz,49.94066,6.66275
Philippsreut,Bayern,48.86476,13.67649
Philippsthal,Brandenburg,52.36147,13.19002
Philippsthal,Hessen,50.84175,10.00022
Phöben,Brandenburg,52.36479,12.87007
Pian,Brandenburg,53.05639,13.10828
Picher,Mecklenburg-Vorpommern,53.40188,11.24957
Pickließem,Rheinland-Pfalz,49.98275,6.64732
Piding,Bayern,47.76527,12.91076
Pielenhofen,Bayern,49.07468,11.96196
Piesau,Thüringen,50.53329,11.22026
Piesport,Rheinland-Pfalz,49.86903,6.91874
Piethen,Sachsen-Anhalt,51.68128,11.91583
Pietzpuhl,Sachsen-Anhalt,52.14254,11.95492
Pieverstorf,Mecklenburg-Vorpommern,53.84653,11.18732
Pillgram,Brandenburg,52.29345,14.48893
Pillig,Rheinland-Pfalz,50.25312,7.30524
Pilligerheck,Rheinland-Pfalz,50.21396,7.26913
Pillingsdorf,Thüringen,50.72386,11.83699
Pilsach,Bayern,49.32814,11.54348
Pilsting,Bayern,48.69969,12.65109
Pingelshagen,Mecklenburg-Vorpommern,53.72237,11.41783
Pinnau,Niedersachsen,53.25568,10.94552
Pinneberg,Schlewig-Holstein,53.64663,9.78598
Pinnewitz,Sachsen,51.20212,13.27839
Pinnow,Brandenburg,53.10269,12.86483
Pinnow,Mecklenburg-Vorpommern,53.61762,11.54248
Pinnow-Heideland,Brandenburg,51.94751,14.56902
Pinnowhof,Mecklenburg-Vorpommern,53.8647,11.68699
Pintesfeld,Rheinland-Pfalz,50.08513,6.38539
Pinzberg,Bayern,49.69124,11.10271
Pirk,Bayern,49.63552,12.1648
Pirmannsteinerhof,Rheinland-Pfalz,49.24198,7.37344
Pirmasens,Rheinland-Pfalz,49.20184,7.59063
Pirna,Sachsen,50.93971,13.96715
Pirow,Brandenburg,53.11688,11.92614
Pischertshofen,Bayern,51.16569,10.45153
Piskaborn,Sachsen-Anhalt,51.59819,11.45869
Pistre,Baden-Württemberg,48.25623,9.25462
Pitschen-Pickel,Brandenburg,51.8536,13.75045
Pittenbach,Rheinland-Pfalz,50.22251,6.4231
Pittenhart,Bayern,47.97763,12.38999
Plaaz,Mecklenburg-Vorpommern,53.68329,12.0939
Plaidt,Rheinland-Pfalz,50.38802,7.38618
Planegg,Bayern,48.10732,11.39832
Planitz,Mecklenburg-Vorpommern,54.35401,12.6325
Planken,Sachsen-Anhalt,52.33737,11.36597
Plankenfels,Bayern,49.89052,11.34177
Plankstadt,Baden-Württemberg,49.38242,8.58747
Planschwitz,Sachsen,50.36256,12.07973
Plascheid,Rheinland-Pfalz,49.99551,6.23244
Plate,Mecklenburg-Vorpommern,53.55918,11.49287
Platenhof,Brandenburg,53.11688,11.92614
Platkow,Brandenburg,52.4943,14.36042
Platschow,Mecklenburg-Vorpommern,53.40765,11.72243
Plattele,Bayern,47.48206,11.10298
Platten,Rheinland-Pfalz,49.95221,6.81812
Plattenberg,Bayern,47.98775,12.55582
Plattenburg,Brandenburg,52.94993,11.96002
Plattenburg Forsthaus,Brandenburg,52.98856,11.7934
Plattenthal,Sachsen,50.6105,13.02034
Plattkow,Brandenburg,52.15111,14.14896
Plattling,Bayern,48.7904,12.92471
Plau,Mecklenburg-Vorpommern,53.43336,12.25348
Plaue,Thüringen,50.77744,10.90178
Plauen,Sachsen,50.49641,12.14035
Plauerhagen,Mecklenburg-Vorpommern,53.43336,12.25348
Plech,Bayern,49.65175,11.46855
Pleckhausen,Rheinland-Pfalz,50.58842,7.53101
Pleckhausermühle,Rheinland-Pfalz,50.58842,7.53101
Pleidelsheim,Baden-Württemberg,48.96189,9.21082
Plein,Rheinland-Pfalz,49.95221,6.81812
Pleinfeld,Bayern,49.11528,10.99777
Pleiskirchen,Bayern,48.307,12.59618
Pleisweiler-Oberhofen,Rheinland-Pfalz,49.08987,7.96204
Pleitersheim,Rheinland-Pfalz,49.86006,7.98988
Pleizenhausen,Rheinland-Pfalz,49.98951,7.54625
Plessa,Brandenburg,51.46716,13.61974
Plessow,Brandenburg,52.36479,12.87007
Plettenberg,Nordrhein-Westfalen,51.21975,7.85906
Pleystein,Bayern,49.64751,12.40817
Pleß,Bayern,48.09735,10.15328
Pliening,Bayern,48.19806,11.79194
Pliezhausen,Baden-Württemberg,48.56444,9.17736
Plirup,Schlewig-Holstein,54.23128,9.68507
Plochingen,Baden-Württemberg,48.72102,9.42783
Plodda,Sachsen-Anhalt,51.6585,12.42901
Plossig,Sachsen-Anhalt,51.16569,10.45153
Plothen,Thüringen,50.59733,11.83993
Plotitz,Sachsen,51.26068,13.23232
Plotzsägemühle,Baden-Württemberg,48.7978,8.44263
Pluwig,Rheinland-Pfalz,49.67873,6.74208
Plänitz,Brandenburg,52.8583,12.43437
Plön,Schlewig-Holstein,54.1684,10.43229
Plötz,Mecklenburg-Vorpommern,53.91804,13.24177
Plötz,Sachsen-Anhalt,51.60535,11.927
Plötzin,Brandenburg,52.36479,12.87007
Plötzkau,Sachsen-Anhalt,51.69948,11.67058
Plötzky,Sachsen-Anhalt,52.07482,11.82359
Plöwen,Mecklenburg-Vorpommern,53.51,14.21318
Plößberg,Bayern,49.78342,12.30869
Plüderhausen,Baden-Württemberg,48.79721,9.60864
Plüschow,Mecklenburg-Vorpommern,53.84653,11.18732
Plütscheid,Rheinland-Pfalz,50.13897,6.34764
Pobershau,Sachsen,50.60886,13.18468
Pobzig,Sachsen-Anhalt,51.83626,11.76606
Pockau,Sachsen,50.70373,13.22579
Pocking,Bayern,48.39861,13.31761
Podelzig,Brandenburg,52.42677,14.46597
Pogeez,Schlewig-Holstein,53.68539,10.88566
Pogez,Mecklenburg-Vorpommern,53.77944,11.04967
Poggelow,Mecklenburg-Vorpommern,53.88256,12.58682
Poggensee,Schlewig-Holstein,53.6572,10.58045
Pogreß,Mecklenburg-Vorpommern,53.50693,11.07801
Pohl,Rheinland-Pfalz,50.19177,7.77045
Pohle,Niedersachsen,52.27415,9.36793
Pohlheim,Hessen,50.50832,8.72461
Pohlitz,Brandenburg,52.16503,14.56099
Pohnsdorf,Schlewig-Holstein,54.22409,10.29885
Pohnstorf,Mecklenburg-Vorpommern,53.84653,11.18732
Pohrsdorf,Sachsen,50.97007,13.5362
Poing,Bayern,48.16645,11.80516
Point,Bayern,47.83296,12.74977
Poischendorf,Mecklenburg-Vorpommern,53.8647,11.68699
Poischendorf Molkerei,Mecklenburg-Vorpommern,53.8647,11.68699
Poischwitz,Sachsen,51.21877,12.75372
Pokrent,Mecklenburg-Vorpommern,53.67731,11.11736
Polch,Rheinland-Pfalz,50.30021,7.29804
Polcherholz,Rheinland-Pfalz,50.23911,7.19794
Polenz,Sachsen,51.32997,12.61343
Polenzko,Sachsen-Anhalt,52.00334,12.22069
Poley,Sachsen-Anhalt,51.80198,11.66856
Polle,Niedersachsen,51.898,9.40266
Polleben,Sachsen-Anhalt,51.552,11.61145
Pollenfeld,Bayern,48.94804,11.20598
Pollhagen,Niedersachsen,52.38776,9.19116
Polling,Bayern,48.00762,11.84252
Pollitz,Sachsen-Anhalt,52.88777,11.75233
Polsingen,Bayern,48.93786,10.71545
Poltnitz,Mecklenburg-Vorpommern,53.31812,11.92791
Polz,Mecklenburg-Vorpommern,53.23371,11.17997
Polzen,Brandenburg,51.72081,13.2298
Polzow,Mecklenburg-Vorpommern,53.50257,13.99953
Polßen,Brandenburg,53.04259,13.98426
Pommelsbrunn,Bayern,49.50467,11.50916
Pommerby,Schlewig-Holstein,54.7442,9.90331
Pommern,Rheinland-Pfalz,50.17871,7.25353
Pommersfelden,Bayern,49.76994,10.82032
Pomster,Rheinland-Pfalz,50.34786,6.85686
Ponitz,Brandenburg,53.11688,11.92614
Ponitz,Thüringen,50.85694,12.42387
Ponnsdorf,Brandenburg,51.59657,13.74282
Popelau,Niedersachsen,53.25568,10.94552
Poppenbüll,Schlewig-Holstein,54.33025,8.78223
Poppendorf,Mecklenburg-Vorpommern,54.07308,12.21219
Poppenhausen,Bayern,50.1001,10.14435
Poppenhausen,Hessen,50.49826,9.88779
Poppenricht,Bayern,49.48015,11.81947
Poppenwind,Thüringen,50.42322,10.90786
Porschdorf,Sachsen,50.88828,14.19987
Porst,Sachsen-Anhalt,51.71349,12.0183
Porta Westfalica,Nordrhein-Westfalen,52.22531,8.94022
Poseritz,Mecklenburg-Vorpommern,54.29935,13.27464
Poserna,Sachsen-Anhalt,51.25559,12.14097
Posseck,Sachsen,50.36256,12.07973
Possendorf,Sachsen,50.99023,13.72441
Possendorf,Thüringen,50.89675,11.26789
Postau,Bayern,48.64933,12.32643
Postbauer-Heng,Bayern,49.29021,11.35785
Posterstein,Thüringen,50.88529,12.31009
Postfeld,Schlewig-Holstein,54.22409,10.29885
Posthof,Bayern,48.55695,11.4957
Postlin,Brandenburg,53.1628,11.7454
Postlow,Mecklenburg-Vorpommern,53.83945,13.4791
Postmünster,Bayern,48.41678,12.90254
Potsdam,Brandenburg,52.38647,13.06784
Pottenstein,Bayern,49.77341,11.42504
Pottiga,Thüringen,50.41323,11.69093
Pottum,Rheinland-Pfalz,50.55079,7.9309
Potzehne,Sachsen-Anhalt,52.53867,11.40509
Potzlow,Brandenburg,53.3194,13.87248
Pouch,Sachsen-Anhalt,51.6585,12.42901
Poxdorf,Bayern,49.66606,11.06959
Poxdorf,Thüringen,50.93901,11.75028
Poyenberg,Schlewig-Holstein,54.0305,9.71893
Pracht,Rheinland-Pfalz,50.75832,7.64617
Prackenbach,Bayern,49.10927,12.82316
Pragsdorf,Mecklenburg-Vorpommern,53.49616,13.31651
Prambach,Bayern,48.48673,11.50191
Pramsdorf,Brandenburg,52.27725,12.87421
Prasdorf,Schlewig-Holstein,54.36348,10.29197
Pratau,Sachsen-Anhalt,51.84618,12.63547
Prath,Rheinland-Pfalz,50.19225,7.68574
Prebberede,Mecklenburg-Vorpommern,53.88256,12.58682
Prebitz,Bayern,49.84446,11.62467
Preddöhl,Brandenburg,53.13447,12.18056
Preetz,Mecklenburg-Vorpommern,54.37122,13.0232
Preetz,Schlewig-Holstein,54.22409,10.29885
Preischeid,Rheinland-Pfalz,50.07016,6.18582
Preischeiderley,Rheinland-Pfalz,49.99551,6.23244
Preist,Rheinland-Pfalz,49.90619,6.63557
Prem,Bayern,47.67832,10.80442
Premnitz,Brandenburg,52.53946,12.35643
Premsendorf,Sachsen-Anhalt,51.16569,10.45153
Premslin,Brandenburg,53.1628,11.7454
Prenden,Brandenburg,52.7836,13.49036
Prensdorf,Brandenburg,51.87042,13.42378
Prenzlau,Brandenburg,53.3194,13.87248
Preschen,Brandenburg,51.63818,14.59961
Pressath,Bayern,49.7589,11.97306
Presseck,Bayern,50.22833,11.5557
Pressel,Sachsen,51.60345,12.65036
Pressig,Bayern,50.35261,11.31037
Prestewitz,Brandenburg,51.53215,13.37895
Preten,Niedersachsen,53.25568,10.94552
Pretschen,Brandenburg,51.99014,13.77779
Prettin,Sachsen-Anhalt,51.16569,10.45153
Pretzfeld,Bayern,49.75567,11.17421
Pretzien,Sachsen-Anhalt,52.07482,11.82359
Pretzier,Sachsen-Anhalt,52.79643,11.33372
Pretzsch,Sachsen-Anhalt,51.46275,12.36794
Pretzschendorf,Sachsen,50.87291,13.52634
Preußisch Oldendorf,Nordrhein-Westfalen,52.30009,8.5103
Preußlitz,Sachsen-Anhalt,51.80198,11.66856
Preußnitz,Brandenburg,52.17817,12.6006
Prezelle,Niedersachsen,52.96334,11.38685
Priborn,Mecklenburg-Vorpommern,53.32468,12.45353
Prichsenstadt,Bayern,49.81792,10.34817
Prien,Bayern,47.85732,12.39459
Priepert,Mecklenburg-Vorpommern,53.22691,12.96927
Prieros,Brandenburg,51.16569,10.45153
Prieschka,Brandenburg,51.53215,13.37895
Priesen,Sachsen,51.20212,13.27839
Priesendorf,Bayern,49.8978,10.72635
Priesitz,Sachsen-Anhalt,51.71591,12.79063
Priester,Sachsen,51.52335,12.30296
Priestewitz,Sachsen,51.28346,13.67654
Prietzen,Brandenburg,52.5979,12.52041
Prießen,Brandenburg,51.64717,13.49567
Prießnitz,Sachsen,51.13544,12.64179
Prießnitz,Sachsen-Anhalt,51.10502,11.82778
Primank,Mecklenburg-Vorpommern,53.40765,11.72243
Prinzenmoor,Schlewig-Holstein,54.22561,9.51849
Prinzhöfte,Niedersachsen,52.90915,8.58705
Priort,Brandenburg,52.63142,12.81202
Pripsleben,Mecklenburg-Vorpommern,53.65186,13.12414
Prisannewitz,Mecklenburg-Vorpommern,54.01376,12.21585
Prisdorf,Schlewig-Holstein,53.67856,9.76357
Prislich,Mecklenburg-Vorpommern,53.27783,11.6271
Prittitz,Sachsen-Anhalt,51.20958,11.94525
Prittriching,Bayern,48.2039,10.92628
Pritzerbe,Brandenburg,52.50645,12.46318
Pritzier,Mecklenburg-Vorpommern,53.40188,11.24957
Pritzwalk,Brandenburg,53.13447,12.18056
Privelack,Niedersachsen,53.25568,10.94552
Probst Jesar,Mecklenburg-Vorpommern,53.30347,11.08369
Probsteierhagen,Schlewig-Holstein,54.36348,10.29197
Probstzella,Thüringen,50.52977,11.3828
Profen,Sachsen-Anhalt,51.16569,10.45153
Profit,Schlewig-Holstein,54.40276,9.74704
Prohn,Mecklenburg-Vorpommern,54.37122,13.0232
Pronsfeld,Rheinland-Pfalz,50.13897,6.34764
Pronstorf,Schlewig-Holstein,53.9423,10.4989
Proschim,Brandenburg,51.5838,14.37591
Proschwitz,Sachsen,51.09541,13.46418
Proseken,Mecklenburg-Vorpommern,53.90597,11.406
Prosigk,Sachsen-Anhalt,51.71349,12.0183
Prositz,Sachsen,51.26068,13.23232
Prosselsheim,Bayern,49.86006,10.11463
Protzen,Brandenburg,52.76191,12.81194
Proßmarke,Brandenburg,51.74171,13.42121
Pruchten,Mecklenburg-Vorpommern,54.35401,12.6325
Prusdorf,Mecklenburg-Vorpommern,54.23283,12.6236
Prutting,Bayern,47.88474,12.18791
Prädikow,Brandenburg,52.62518,13.91087
Präfekturhof,Rheinland-Pfalz,50.25166,7.07828
Prödel,Sachsen-Anhalt,52.00334,12.22069
Prösen,Brandenburg,51.40396,13.57316
Pröttlin,Brandenburg,53.1628,11.7454
Prötzel,Brandenburg,52.62518,13.91087
Prüfern,Sachsen,51.13432,13.12724
Prüm,Rheinland-Pfalz,50.22251,6.4231
Prümzurlay,Rheinland-Pfalz,49.8721,6.41906
Prützke,Brandenburg,52.34271,12.67683
Prüzen,Mecklenburg-Vorpommern,53.68329,12.0939
Puchheim,Bayern,48.16323,11.34216
Puchow,Mecklenburg-Vorpommern,53.5235,13.05111
Pudagla,Mecklenburg-Vorpommern,53.94046,14.07175
Puderbach,Rheinland-Pfalz,50.59881,7.61149
Pukholt,Schlewig-Holstein,54.53159,9.79395
Pulheim,Nordrhein-Westfalen,50.99303,6.78629
Pullach,Bayern,48.05745,11.51914
Pullenreuth,Bayern,49.93011,11.99929
Pulow,Mecklenburg-Vorpommern,53.98213,13.77864
Puls,Schlewig-Holstein,54.04702,9.4811
Pulsnitz,Sachsen,51.19059,14.0051
Pulspforde,Sachsen-Anhalt,52.00334,12.22069
Pulvermühle,Rheinland-Pfalz,49.66696,7.98012
Purfing,Bayern,48.15152,11.85186
Purtschellerhaus,Bayern,47.63321,13.05171
Purzien,Sachsen-Anhalt,51.73072,13.04439
Puschendorf,Bayern,49.52577,10.83079
Puschwitz,Sachsen,51.31059,14.32911
Pustohl,Mecklenburg-Vorpommern,53.98913,11.89085
Putbus,Mecklenburg-Vorpommern,54.35028,13.47676
Putgarten,Mecklenburg-Vorpommern,54.64393,13.34539
Putlitz,Brandenburg,51.16569,10.45153
Puttgarden,Schlewig-Holstein,54.47005,11.13293
Putzar,Mecklenburg-Vorpommern,53.76275,13.56938
Putzbrunn,Bayern,48.08617,11.70544
Putzkau,Sachsen,51.13443,14.20201
Pyrbaum,Bayern,49.29238,11.2841
Pähl,Bayern,47.92505,11.16192
Pätow,Mecklenburg-Vorpommern,53.40188,11.24957
Pätz,Brandenburg,52.2224,13.64438
Päwesin,Brandenburg,52.48522,12.5601
Pöcking,Bayern,47.96644,11.30009
Pödelist,Sachsen-Anhalt,51.10502,11.82778
Pöhla,Sachsen,50.52013,12.85254
Pöhsig,Sachsen,51.23973,12.99302
Pölchow,Mecklenburg-Vorpommern,54.03269,12.0998
Pölich,Rheinland-Pfalz,49.83891,6.85195
Pölitz,Mecklenburg-Vorpommern,53.90807,12.34444
Pölitz,Schlewig-Holstein,53.74593,10.48397
Pöllwitz,Thüringen,50.62924,12.03912
Pölsfeld,Sachsen-Anhalt,51.45058,11.23554
Pölzig,Thüringen,50.91442,12.13504
Pömmelte,Sachsen-Anhalt,51.96663,11.88031
Pörmitz,Thüringen,50.59733,11.83993
Pörnbach,Bayern,48.62058,11.46842
Pöschendorf,Schlewig-Holstein,54.04702,9.4811
Pösing,Bayern,49.23676,12.55548
Pötenitz,Mecklenburg-Vorpommern,53.9075,10.97564
Pöttmes,Bayern,48.57791,11.07931
Pößneck,Thüringen,50.70572,11.60129
Püchau,Sachsen,51.36439,12.68831
Püchersreuth,Bayern,49.77036,12.20821
Püggen,Sachsen-Anhalt,52.79643,11.33372
Pünderich,Rheinland-Pfalz,50.04259,7.11555
Pürgen,Bayern,48.00966,10.90944
Püschow,Mecklenburg-Vorpommern,53.98913,11.89085
Püttelkow,Mecklenburg-Vorpommern,53.50693,11.07801
Püttlingen,Saarland,49.29724,6.89195
Pützlingen,Thüringen,51.47117,10.74226
Quakenbrück,Niedersachsen,52.67642,7.96486
Qualitz,Mecklenburg-Vorpommern,53.77814,12.01836
Quappendorf,Brandenburg,52.59596,14.23637
Quarnbek,Schlewig-Holstein,54.34029,10.05009
Quarnstedt,Schlewig-Holstein,53.93066,9.75057
Quaschwitz,Thüringen,50.66201,11.56757
Quassel,Mecklenburg-Vorpommern,53.30347,11.08369
Quaßliner Mühle,Mecklenburg-Vorpommern,53.46787,12.02471
Quedlinburg,Sachsen-Anhalt,51.81207,11.13572
Queidersbach,Rheinland-Pfalz,49.38948,7.61506
Queienfeld,Thüringen,50.44895,10.44788
Queis,Sachsen-Anhalt,51.53243,12.11555
Quellendorf,Sachsen-Anhalt,51.77197,12.07353
Quendorf,Niedersachsen,52.34423,7.20805
Quenstedt,Sachsen-Anhalt,51.66227,11.46802
Querenhorst,Niedersachsen,52.30622,11.0138
Querfurt,Sachsen-Anhalt,51.34216,11.58123
Quermathen,Brandenburg,52.63142,12.81202
Quern,Schlewig-Holstein,54.75458,9.76053
Quernheim,Niedersachsen,52.4618,8.37615
Quernheimerbruch,Niedersachsen,52.52575,8.36743
Quersa,Sachsen,51.28346,13.67654
Querstedt,Sachsen-Anhalt,52.62268,11.65093
Questenberg,Sachsen-Anhalt,51.46302,11.06951
Questin,Mecklenburg-Vorpommern,53.84653,11.18732
Quetzdölsdorf,Sachsen-Anhalt,51.63745,12.13243
Quickborn,Schlewig-Holstein,53.86643,9.5695
Quiddelbach,Rheinland-Pfalz,50.38252,6.93157
Quierschied,Saarland,49.32295,7.05483
Quillschina,Sachsen-Anhalt,51.45646,11.81881
Quirla,Thüringen,50.85628,11.77906
Quirnbach,Rheinland-Pfalz,50.00374,7.54914
Quirnheim,Rheinland-Pfalz,49.56582,8.10594
Quittelsdorf,Thüringen,50.64584,11.25088
Quitzdorf am See,Sachsen,51.28469,14.70593
Quitzerow,Mecklenburg-Vorpommern,53.83658,13.01175
Quitzow,Brandenburg,53.11688,11.92614
Quitzöbel,Brandenburg,52.94993,11.96002
Quolsdorf,Sachsen,51.23279,14.89521
Raa-Besenbek,Schlewig-Holstein,53.75434,9.60588
Rabel,Schlewig-Holstein,54.67463,9.94003
Raben,Brandenburg,52.07082,12.69015
Raben Steinfeld,Mecklenburg-Vorpommern,53.61762,11.54248
Rabenau,Hessen,50.67472,8.86576
Rabenau,Sachsen,50.94929,13.66686
Rabenholz,Schlewig-Holstein,54.7442,9.90331
Rabenholzlück,Schlewig-Holstein,54.63823,9.63865
Rabenkirchen-Faulück,Schlewig-Holstein,54.63618,9.87124
Rabenäußig,Thüringen,50.39618,11.0055
Rackith,Sachsen-Anhalt,51.78455,12.65939
Racksen,Rheinland-Pfalz,50.7273,7.6948
Rackwitz,Sachsen,51.46928,12.35978
Radbruch,Niedersachsen,53.31189,10.28833
Raddestorf,Niedersachsen,52.45983,8.95951
Raddingsdorf,Mecklenburg-Vorpommern,53.77944,11.04967
Raddusch,Brandenburg,51.78322,14.0757
Rade,Sachsen-Anhalt,51.83464,12.98299
Rade,Schlewig-Holstein,54.14318,9.72219
Radeberg,Sachsen,51.13722,13.91787
Radebeul,Sachsen,51.11154,13.64332
Radeburg,Sachsen,51.2012,13.74033
Radegast,Mecklenburg-Vorpommern,53.83322,11.5041
Radegast,Sachsen-Anhalt,51.71349,12.0183
Radekow,Brandenburg,53.2369,14.37414
Radeland,Brandenburg,52.03348,13.50421
Rademin,Sachsen-Anhalt,52.79643,11.33372
Radensleben,Brandenburg,52.90326,12.72486
Rader Insel,Schlewig-Holstein,54.33038,9.70798
Radevormwald,Nordrhein-Westfalen,51.20944,7.37208
Radewege,Brandenburg,52.48522,12.5601
Radgendorf,Sachsen,50.92414,14.77012
Radibor,Sachsen,51.14858,14.56955
Radinkendorf,Brandenburg,52.15111,14.14896
Radis,Sachsen-Anhalt,51.72882,12.45493
Radisleben,Sachsen-Anhalt,51.74035,11.32522
Radolfzell,Baden-Württemberg,47.74888,8.97808
Radthal,Bayern,51.16569,10.45153
Raduhn,Mecklenburg-Vorpommern,53.5239,11.79548
Raesfeld,Nordrhein-Westfalen,51.76963,6.84337
Ragewitz,Sachsen,51.21877,12.75372
Ragow,Brandenburg,52.08809,13.86401
Raguhn,Sachsen-Anhalt,51.73073,12.26264
Raguth,Mecklenburg-Vorpommern,53.50693,11.07801
Ragösen,Brandenburg,52.17817,12.6006
Ragösen,Sachsen-Anhalt,51.92402,12.25986
Rahden,Nordrhein-Westfalen,52.45437,8.60086
Rahnisdorf,Brandenburg,51.72081,13.2298
Rahnsdorf,Sachsen-Anhalt,51.89458,12.83063
Raich,Baden-Württemberg,47.71972,7.7956
Rain,Bayern,48.78752,11.70584
Rainau,Baden-Württemberg,48.92771,10.15686
Rainer,Bayern,47.83296,12.74977
Raisdorf,Schlewig-Holstein,54.28363,10.23968
Raisting,Bayern,47.91129,11.11326
Raitenbuch,Bayern,49.04592,11.12949
Rakow,Mecklenburg-Vorpommern,54.01771,11.69805
Ralbitz-Rosenthal,Sachsen,51.24067,14.03283
Ralingen,Rheinland-Pfalz,49.82052,6.51439
Ralswiek,Mecklenburg-Vorpommern,54.41174,13.42585
Rambeel,Mecklenburg-Vorpommern,53.67731,11.11736
Ramberg,Rheinland-Pfalz,49.16228,7.95873
Rambin,Mecklenburg-Vorpommern,54.35521,13.28997
Rambow,Brandenburg,52.94993,11.96002
Rambow,Mecklenburg-Vorpommern,53.82319,11.31747
Rambow a See,Brandenburg,53.08315,11.49815
Ramerberg,Bayern,48.01695,12.14913
Ramgraben,Bayern,47.94403,12.69994
Ramhusen,Schlewig-Holstein,53.94999,9.13863
Ramin,Mecklenburg-Vorpommern,53.51,14.21318
Rammelsbach,Rheinland-Pfalz,49.5803,7.51359
Rammenau,Sachsen,51.13443,14.20201
Rammertshofen,Bayern,51.16569,10.45153
Rammingen,Baden-Württemberg,48.51804,10.17235
Rammingen,Bayern,48.05967,10.59207
Rampe,Mecklenburg-Vorpommern,53.69609,11.52711
Ramsau,Bayern,47.57464,12.86485
Ramsen,Rheinland-Pfalz,49.53711,8.0131
Ramsin,Sachsen-Anhalt,51.60107,12.19457
Ramsla,Thüringen,51.07341,11.29717
Ramstedt,Schlewig-Holstein,54.40229,9.19377
Ramstein-Miesenbach,Rheinland-Pfalz,49.43293,7.57595
Ramsthal,Bayern,50.13879,10.06829
Randersacker,Bayern,49.75808,9.98117
Rangendingen,Baden-Württemberg,48.39184,8.8746
Rangsdorf,Brandenburg,52.2871,13.46102
Ranies,Sachsen-Anhalt,51.97447,11.65596
Ranis,Thüringen,50.66201,11.56757
Rankendorf,Mecklenburg-Vorpommern,53.84653,11.18732
Rankwitz,Mecklenburg-Vorpommern,53.8773,13.92264
Rannstedt,Thüringen,51.0879,11.62857
Rannungen,Bayern,50.17388,10.20168
Ransbach-Baumbach,Rheinland-Pfalz,50.47003,7.7229
Ranschbach,Rheinland-Pfalz,49.19352,8.09486
Ranstadt,Hessen,50.35754,8.98429
Ransweiler,Rheinland-Pfalz,49.65376,7.87329
Rantrum,Schlewig-Holstein,54.44987,9.14881
Rantrumdeich,Schlewig-Holstein,54.38985,9.06735
Rantum,Schlewig-Holstein,54.88658,8.31124
Rantzau,Schlewig-Holstein,54.19808,10.49366
Rantzauer Papiermühle,Schlewig-Holstein,54.30053,10.56164
Ranzig,Brandenburg,52.15111,14.14896
Ranzin,Mecklenburg-Vorpommern,53.97693,13.5489
Ranzow,Brandenburg,51.64968,14.0256
Rappin,Mecklenburg-Vorpommern,54.41174,13.42585
Rapshagen,Brandenburg,53.13447,12.18056
Raschau,Sachsen,50.52013,12.85254
Rascheid,Rheinland-Pfalz,49.72609,6.91586
Rasdorf,Hessen,50.71161,9.90179
Rassau,Niedersachsen,53.25568,10.94552
Rastatt,Baden-Württemberg,48.8626,8.17697
Rastdorf,Niedersachsen,52.93793,7.67744
Rastede,Niedersachsen,53.25899,8.21594
Rastenberg,Thüringen,51.20437,11.36522
Rastorf,Mecklenburg-Vorpommern,53.79058,11.4282
Rastorf,Schlewig-Holstein,54.22409,10.29885
Rastow,Mecklenburg-Vorpommern,53.45201,11.42993
Ratekau,Schlewig-Holstein,53.94227,10.74582
Rathebur,Mecklenburg-Vorpommern,53.79552,13.76374
Rathendorf,Sachsen,51.01623,12.71699
Rathenow,Brandenburg,52.60767,12.32644
Rathjensdorf,Schlewig-Holstein,54.1684,10.43229
Rathmannsdorf,Sachsen,50.88828,14.19987
Rathmannsdorf,Sachsen-Anhalt,51.79753,11.61268
"Rathmannsdorf, Gut",Schlewig-Holstein,54.39433,10.11544
"Rathmannsdorf, Hof",Schlewig-Holstein,54.39433,10.11544
Rathmannsdorferschleuse,Schlewig-Holstein,54.39433,10.11544
Rathskirchen,Rheinland-Pfalz,49.6671,7.61116
Rathstock,Brandenburg,52.55133,14.55333
Rathsweiler,Rheinland-Pfalz,49.5803,7.51359
Rathsweiler Mühle,Rheinland-Pfalz,49.5803,7.51359
Ratingen,Nordrhein-Westfalen,51.30631,6.86264
Ratshausen,Baden-Württemberg,48.18872,8.80785
Rattelsdorf,Bayern,50.01466,10.89016
Rattelsdorf,Thüringen,50.85628,11.77906
Rattenberg,Bayern,49.08526,12.75315
Rattenkirchen,Bayern,48.24451,12.35196
Rattiszell,Bayern,49.03341,12.62951
Ratzdorf,Brandenburg,52.0884,14.6454
Ratzeburg,Schlewig-Holstein,53.69823,10.77178
Ratzensägmühle,Baden-Württemberg,49.05374,10.23152
Ratzert,Rheinland-Pfalz,50.64911,7.69312
Raubach,Rheinland-Pfalz,50.57485,7.62511
Raubling,Bayern,47.79159,12.07505
Rauchenberg,Bayern,51.16569,10.45153
Rauda,Thüringen,50.96331,11.98367
Rauen,Brandenburg,52.38647,14.19504
Rauenberg,Baden-Württemberg,49.26756,8.68791
Rauenstein,Thüringen,50.39618,11.0055
Rauhenebrach,Bayern,49.8902,10.54868
Raumbach,Rheinland-Pfalz,49.71831,7.62871
Raunheim,Hessen,50.01312,8.4726
Rauschenberg,Hessen,50.88355,8.91473
Rauschengesees,Thüringen,50.44155,11.61814
Rauschwitz,Thüringen,50.93901,11.75028
Rausdorf,Schlewig-Holstein,53.59911,10.44675
Rausdorf,Thüringen,50.85628,11.77906
Raußlitz,Sachsen,51.20212,13.27839
Ravengiersburg,Rheinland-Pfalz,49.99609,7.44468
Ravensberg,Mecklenburg-Vorpommern,54.01771,11.69805
Ravensburg,Baden-Württemberg,47.76618,9.58962
Ravensruh,Mecklenburg-Vorpommern,53.8647,11.68699
Ravenstein,Baden-Württemberg,49.41003,9.53654
Raversbeuren,Rheinland-Pfalz,49.97307,7.15563
Rayerschied,Rheinland-Pfalz,49.98951,7.54625
Raßmannsdorf,Brandenburg,52.15111,14.14896
Raßnitz,Sachsen-Anhalt,51.45087,12.07967
Realsmühle,Bayern,49.18342,11.34838
Rebersreuth,Sachsen,50.34531,12.24269
Rebesgrün,Sachsen,50.4823,12.43222
Rech,Rheinland-Pfalz,50.48252,6.98645
Rechberghausen,Baden-Württemberg,48.73083,9.64417
Rechenberg-Bienenmühle,Sachsen,50.76279,13.54376
Rechlin,Mecklenburg-Vorpommern,53.292,12.74611
Rechtenbach,Bayern,49.98269,9.51036
Rechtenstein,Baden-Württemberg,48.23372,9.56986
Rechtmehring,Bayern,48.12381,12.16005
Rechtsupweg,Niedersachsen,53.50578,7.26072
Reckahn,Brandenburg,52.48522,12.5601
Recke,Nordrhein-Westfalen,52.35516,7.71148
Reckendorf,Bayern,50.01985,10.826
Reckenroth,Rheinland-Pfalz,50.29585,7.91754
Reckenthin,Brandenburg,53.13447,12.18056
Reckenzin,Brandenburg,53.1628,11.7454
Reckershausen,Rheinland-Pfalz,49.94321,7.40837
Recklinghausen,Nordrhein-Westfalen,51.60461,7.2108
Recknitz,Mecklenburg-Vorpommern,53.68329,12.0939
Reddeber,Sachsen-Anhalt,51.84375,10.79931
Reddelich,Mecklenburg-Vorpommern,54.09947,11.87608
Reddern,Brandenburg,51.64968,14.0256
Redebas,Mecklenburg-Vorpommern,54.30752,12.61132
Redefin,Mecklenburg-Vorpommern,53.40188,11.24957
Redekin,Sachsen-Anhalt,52.49992,12.02765
Rederank,Mecklenburg-Vorpommern,53.98913,11.89085
Redewisch,Mecklenburg-Vorpommern,53.70932,11.73101
Redewisch Fischerhaus,Mecklenburg-Vorpommern,53.98528,11.20854
Rednitzhembach,Bayern,49.31777,11.02358
Redwitz,Bayern,50.18411,11.21122
Rees,Nordrhein-Westfalen,51.78532,6.37658
Reesdorf,Brandenburg,52.22866,12.92762
Reesdorf,Sachsen-Anhalt,52.14254,11.95492
Reesdorf,Schlewig-Holstein,54.22617,10.0018
Reesen,Sachsen-Anhalt,52.14254,11.95492
Reesmoor,Schlewig-Holstein,53.91034,9.84381
Reetz,Brandenburg,52.61549,12.19095
Reetzerhütten,Brandenburg,52.11411,12.45576
Reeßum,Niedersachsen,53.09871,9.21515
Reffenthal,Rheinland-Pfalz,49.37723,8.45024
Regen,Bayern,48.96147,13.12903
Regensburg,Bayern,49.01375,12.10463
Regenstauf,Bayern,49.15055,12.16573
Regesbostel,Niedersachsen,53.37958,9.647
Regis-Breitingen,Sachsen,51.09314,12.39589
Regnitzlosau,Bayern,50.3027,12.04682
Rehagen,Brandenburg,52.22567,13.43068
Rehau,Bayern,50.24822,12.07246
Rehbach,Rheinland-Pfalz,49.7973,7.64903
Rehborn,Rheinland-Pfalz,49.71831,7.62871
Rehbruck,Bayern,48.8469,13.40802
Rehburg-Loccum,Niedersachsen,52.46352,9.19036
Rehden,Niedersachsen,52.59262,8.47289
Rehe,Rheinland-Pfalz,50.57669,8.04837
Reher,Schlewig-Holstein,54.06597,9.57306
Rehfeld,Brandenburg,51.59237,13.22793
Rehfeld-Berlitt,Brandenburg,52.98479,12.35979
Rehfelde,Brandenburg,52.62518,13.91087
Rehhorst,Schlewig-Holstein,53.87329,10.53354
Rehling,Bayern,48.48712,10.91843
Rehlingen,Niedersachsen,53.12502,10.21239
Rehlingen-Siersburg,Saarland,49.36875,6.62833
Rehm-Flehde-Bargen,Schlewig-Holstein,54.3446,9.08258
Rehmsdorf,Sachsen-Anhalt,51.07623,12.20646
Rehna,Mecklenburg-Vorpommern,53.77944,11.04967
Rehsen,Sachsen-Anhalt,51.83833,12.45993
Rehungen,Thüringen,51.40537,10.58608
Rehweiler,Rheinland-Pfalz,49.47227,7.4423
Rehwinkel,Niedersachsen,52.77626,9.98372
Reich,Rheinland-Pfalz,49.99609,7.44468
Reichardtswerben,Sachsen-Anhalt,51.20958,11.94525
Reichartshausen,Baden-Württemberg,49.36086,8.93758
Reichelsheim,Hessen,50.03519,8.86006
Reichelshof,Bayern,50.04378,10.263
Reichen,Baden-Württemberg,47.60416,9.5969
Reichenau,Baden-Württemberg,47.69799,9.06093
Reichenbach,Baden-Württemberg,48.43195,9.13781
Reichenbach,Bayern,49.78769,11.86523
Reichenbach,Rheinland-Pfalz,49.61106,7.27337
Reichenbach,Sachsen,50.88048,13.56016
Reichenbach,Thüringen,50.71219,11.62114
Reichenbach-Reichenau,Sachsen,51.26567,13.90437
Reichenbach-Steegen,Rheinland-Pfalz,49.456,7.52818
Reichenbacherhof,Rheinland-Pfalz,49.48545,7.73402
Reichenberg,Bayern,49.70786,9.90554
Reichenberg,Brandenburg,52.568,14.07353
Reichenberg,Rheinland-Pfalz,50.19177,7.77045
Reichenberg,Sachsen,51.16768,13.66377
Reichenberg b Riedlhütte,Bayern,48.90567,13.38756
Reichenhain,Brandenburg,51.40396,13.57316
Reichenow-Möglin,Brandenburg,52.62518,13.91087
Reichenschwand,Bayern,49.51345,11.37211
Reichenwalde,Brandenburg,52.26236,14.03594
Reichersbeuern,Bayern,47.76647,11.63089
Reichertshausen,Bayern,48.45709,11.4814
Reichertsheim,Bayern,48.19791,12.28486
Reichertshofen,Bayern,48.65685,11.46797
Reichling,Bayern,47.92225,10.92525
Reichmannsdorf,Thüringen,50.53329,11.22026
Reicho,Sachsen-Anhalt,51.16569,10.45153
Reichshof,Nordrhein-Westfalen,50.94916,7.66274
Reichsthal,Rheinland-Pfalz,49.6346,7.70095
Reichstädt,Sachsen,50.87331,13.63656
Reichstädt,Thüringen,50.86449,12.18073
Reichwalde,Brandenburg,51.97487,13.59976
Reichweiler,Rheinland-Pfalz,49.56984,7.35799
Reichwimm,Bayern,47.91476,12.71913
Reidenbruch,Rheinland-Pfalz,50.56516,7.3806
Reidenhausen,Rheinland-Pfalz,50.03236,7.28014
Reifenberg,Rheinland-Pfalz,49.28027,7.49074
Reifenhof,Baden-Württemberg,49.03002,10.09823
Reifensägmühle,Baden-Württemberg,49.03002,10.09823
Reiferscheid,Rheinland-Pfalz,50.64756,7.52776
Reiff,Rheinland-Pfalz,50.13772,6.21658
Reiffelbach,Rheinland-Pfalz,49.69154,7.70594
Reifferscheid,Rheinland-Pfalz,50.42268,6.90756
Reigersberg,Bayern,48.84216,13.17659
Reil,Rheinland-Pfalz,50.02389,7.11387
Reilingen,Baden-Württemberg,49.29605,8.58047
Reimerath,Rheinland-Pfalz,50.3,6.87738
Reimersgrün,Sachsen,50.61352,12.24518
Reimershagen,Mecklenburg-Vorpommern,53.68329,12.0939
Reimlingen,Bayern,48.81726,10.51662
Reinbek,Schlewig-Holstein,53.54686,10.2554
Reinberg,Mecklenburg-Vorpommern,54.19518,13.19044
Reinfeld,Schlewig-Holstein,53.83343,10.4873
Reinhardshagen,Hessen,51.49395,9.59547
Reinhardswinden,Bayern,49.99274,10.54624
Reinhardtsdorf,Sachsen,50.88828,14.19987
Reinhardtsgrimma,Sachsen,50.85093,13.78032
Reinheim,Hessen,49.83638,8.83284
Reinholdshain,Sachsen,50.87331,13.63656
Reinholterode,Thüringen,51.38965,10.16816
Reinsberg,Sachsen,51.00983,13.37793
Reinsbüttel,Schlewig-Holstein,54.20311,8.91386
Reinsdorf,Brandenburg,51.95066,13.09874
Reinsdorf,Sachsen,50.69349,12.54622
Reinsdorf,Sachsen-Anhalt,51.25181,11.52892
Reinsdorf,Thüringen,51.36678,11.29191
Reinsfeld,Rheinland-Pfalz,49.67551,6.87467
Reinshagen,Mecklenburg-Vorpommern,53.98913,11.89085
Reinstedt,Sachsen-Anhalt,51.74035,11.32522
Reinstorf,Mecklenburg-Vorpommern,53.86278,11.81545
Reinstorf,Niedersachsen,53.23413,10.56927
Reinstädt,Thüringen,50.80012,11.58376
Reinthal,Bayern,47.72849,11.27957
Reipeldingen,Rheinland-Pfalz,50.07016,6.18582
Reipoltskirchen,Rheinland-Pfalz,49.61068,7.67519
Reisbach,Bayern,48.55883,12.62725
Reischach,Bayern,48.28474,12.72005
Reisdorf,Thüringen,51.0879,11.62857
Reiser,Bayern,48.15092,12.33083
Reiser,Thüringen,51.23744,10.45112
Reisgang,Bayern,48.55695,11.4957
Reiskirchen,Hessen,50.60226,8.86191
Reisleite,Bayern,48.17294,12.31377
Reismühle,Rheinland-Pfalz,49.44211,7.31975
Reit,Bayern,47.96918,12.56712
Reit im Winkl,Bayern,47.67656,12.46921
"Reit, Gem Kirchensur",Bayern,48.03278,12.30562
Reitling,Niedersachsen,52.21634,10.63707
Reitmehring,Bayern,48.05473,12.19542
Reitrain,Bayern,47.65966,11.80917
Reitwein,Brandenburg,52.55133,14.55333
Reitzengeschwenda,Thüringen,50.58139,11.47863
Reitzenhain,Rheinland-Pfalz,50.19177,7.77045
Reitzenhain,Sachsen,50.60886,13.18468
Reken,Nordrhein-Westfalen,51.83143,7.04376
Rellingen,Schlewig-Holstein,53.64058,9.85922
Relsberg,Rheinland-Pfalz,49.61068,7.67519
Remagen,Rheinland-Pfalz,50.58673,7.20277
Remchingen,Baden-Württemberg,48.93465,8.57935
Remda,Thüringen,50.73282,11.32871
Remkersleben,Sachsen-Anhalt,52.07002,11.36887
Remlin,Mecklenburg-Vorpommern,53.88256,12.58682
Remlingen,Bayern,49.8047,9.69632
Remlingen,Niedersachsen,52.1136,10.67537
Remmels,Schlewig-Holstein,54.10997,9.68736
Remplin,Mecklenburg-Vorpommern,53.73868,12.76657
Remptendorf,Thüringen,50.54763,11.60602
Remscheid,Nordrhein-Westfalen,51.18213,7.21066
Remse,Sachsen,50.85536,12.5643
Remseck,Baden-Württemberg,48.88005,9.2808
Remshalden,Baden-Württemberg,48.81185,9.43246
Remstädt,Thüringen,50.8969,10.76719
Renchen,Baden-Württemberg,48.58513,8.02818
Rendsburg,Schlewig-Holstein,54.30634,9.64297
Rendswühren,Schlewig-Holstein,54.05935,10.2283
Rengsdorf,Rheinland-Pfalz,50.51594,7.49875
Renkenberge,Niedersachsen,52.88228,7.36462
Rennau,Niedersachsen,52.30622,11.0138
Renneritz,Sachsen-Anhalt,51.60107,12.19457
Rennerod,Rheinland-Pfalz,50.62348,8.07077
Rennersdorf,Sachsen,51.02755,14.75427
Rennertshofen,Bayern,48.76381,11.04652
Renningen,Baden-Württemberg,48.77096,8.93079
Renquishausen,Baden-Württemberg,48.08957,8.89262
Rensdorf,Mecklenburg-Vorpommern,53.40359,10.76152
Renthendorf,Thüringen,50.85628,11.77906
Rentweinsdorf,Bayern,50.0649,10.79879
Rentwertshausen,Thüringen,50.44895,10.44788
Rentzschmühle,Sachsen,50.60956,12.17024
Renzow,Mecklenburg-Vorpommern,53.65278,11.17452
Reppel,Schlewig-Holstein,54.3764,9.31493
Reppelin,Mecklenburg-Vorpommern,54.07741,12.37548
Reppenstedt,Niedersachsen,53.24775,10.35359
Reppichau,Sachsen-Anhalt,51.77197,12.07353
Reppinichen,Brandenburg,52.17178,12.37473
Repten,Brandenburg,51.72805,13.9005
Reschwitz,Thüringen,50.63519,11.35947
Ressen,Brandenburg,51.75982,14.14351
Resthausen,Niedersachsen,52.88863,7.93397
Retelsdorf,Mecklenburg-Vorpommern,53.83187,10.87156
Retgendorf,Mecklenburg-Vorpommern,53.69609,11.52711
Rethem,Niedersachsen,52.78509,9.37894
Rethemer Fähre,Niedersachsen,52.78509,9.37894
Rethwisch,Mecklenburg-Vorpommern,54.13573,11.95561
Rethwisch,Schlewig-Holstein,53.80596,10.03389
Retschow,Mecklenburg-Vorpommern,54.13573,11.95561
Retschow Waldsiedlung,Mecklenburg-Vorpommern,54.13573,11.95561
Rettenbach,Bayern,48.42167,11.16755
Rettenberg,Bayern,47.57407,10.29034
Retterath,Rheinland-Pfalz,50.2767,7.00707
Rettersen,Rheinland-Pfalz,50.717,7.53308
Rettershain,Rheinland-Pfalz,50.19177,7.77045
Rettert,Rheinland-Pfalz,50.29585,7.91754
Retzau,Sachsen-Anhalt,51.73073,12.26264
Retzin,Brandenburg,53.11688,11.92614
Retzow,Brandenburg,52.92115,13.0637
Retzow,Mecklenburg-Vorpommern,53.43336,12.25348
Retzstadt,Bayern,49.91105,9.88289
Reudelsterz,Rheinland-Pfalz,50.32388,7.16785
Reuden,Sachsen-Anhalt,51.58452,11.33611
Reuden a d Fuhne,Sachsen-Anhalt,51.66942,12.23527
Reudnitz,Brandenburg,52.15111,14.14896
Reupzig,Sachsen-Anhalt,51.71349,12.0183
Reurieth,Thüringen,50.40422,10.70779
Reut,Bayern,48.09351,12.80361
Reute,Baden-Württemberg,48.48665,8.84475
Reuth,Bayern,49.84234,12.1223
Reuth,Rheinland-Pfalz,50.13897,6.34764
Reuth,Sachsen,50.44742,12.05806
Reuthen,Brandenburg,51.5838,14.37591
Reutlingen,Baden-Württemberg,48.50585,9.20026
Reußen,Sachsen-Anhalt,51.53243,12.11555
Reußenköge,Schlewig-Holstein,54.61951,8.96577
Rey,Mecklenburg-Vorpommern,53.88256,12.58682
Rhade,Niedersachsen,53.26798,9.27257
Rhauderfehn,Niedersachsen,53.13012,7.54567
Rhaunen,Rheinland-Pfalz,49.8793,7.33671
Rheda-Wiedenbrück,Nordrhein-Westfalen,51.83492,8.29851
Rhede,Niedersachsen,53.05936,7.27191
Rhede,Nordrhein-Westfalen,51.8416,6.69901
Rheden,Niedersachsen,51.16569,10.45153
Rheinau,Baden-Württemberg,48.65666,7.94217
Rheinbach,Nordrhein-Westfalen,50.60714,6.95325
Rheinberg,Nordrhein-Westfalen,51.55062,6.60242
Rheinbreitbach,Rheinland-Pfalz,50.62165,7.22865
Rheinbrohl,Rheinland-Pfalz,50.49821,7.36949
Rheinböllen,Rheinland-Pfalz,50.02507,7.63355
Rheine,Nordrhein-Westfalen,52.26472,7.45468
Rheinfelden,Baden-Württemberg,47.58965,7.76878
Rheinhausen,Baden-Württemberg,48.2355,7.70784
Rheinmünster,Baden-Württemberg,48.75056,8.04396
Rheinsberg,Brandenburg,53.11224,12.90053
Rheinsberg Glienicke,Brandenburg,52.90326,12.72486
Rheinstetten,Baden-Württemberg,48.96925,8.3159
Rheinzabern,Rheinland-Pfalz,49.1131,8.29464
Rhens,Rheinland-Pfalz,50.27965,7.61553
Rheurdt,Nordrhein-Westfalen,51.4523,6.47283
Rhinow,Brandenburg,52.72889,12.41213
Rhoden,Sachsen-Anhalt,51.978,10.73566
Rhodt,Rheinland-Pfalz,49.25011,8.0733
Rhumspringe,Niedersachsen,51.60763,10.22025
Rhäsa,Sachsen,51.07993,13.32311
Ribbeck,Brandenburg,52.84391,12.96015
Ribbeckshorst,Brandenburg,52.90326,12.72486
Ribbesbüttel,Niedersachsen,52.43322,10.51002
Ribnitz-Damgarten,Mecklenburg-Vorpommern,54.22209,12.40971
Richtenberg,Mecklenburg-Vorpommern,54.18562,12.88176
Rickenbach,Baden-Württemberg,47.62136,7.98261
Rickert,Schlewig-Holstein,54.32895,9.6703
Rickling,Schlewig-Holstein,53.9997,10.16949
Riebau,Sachsen-Anhalt,52.79643,11.33372
Rieben,Brandenburg,52.22866,12.92762
Ried,Bayern,48.11493,11.79472
Riedbach,Bayern,50.09424,10.4523
Riede,Niedersachsen,52.9701,8.94029
Riedelberg,Rheinland-Pfalz,49.19984,7.46936
Riedelberg-Tal,Rheinland-Pfalz,49.24198,7.37344
Rieden,Bayern,48.29208,11.10147
Rieden,Rheinland-Pfalz,50.39439,7.17277
Riedenberg,Bayern,50.32104,9.86278
Riedenburg,Bayern,48.95348,11.70014
Riedenheim,Bayern,49.55899,9.95963
Rieder,Sachsen-Anhalt,51.16569,10.45153
Riederich,Baden-Württemberg,48.56013,9.26216
Riedering,Bayern,47.83551,12.22603
Riedhausen,Baden-Württemberg,47.91002,9.42961
Riedhof,Bayern,48.3168,10.1963
Riedl,Bayern,51.16569,10.45153
Riedlhütte,Bayern,48.90567,13.38756
Riedlingen,Baden-Württemberg,48.14915,9.45981
Riedstadt,Hessen,49.84318,8.46717
Riegel,Baden-Württemberg,48.15145,7.74805
Riegelsberg,Saarland,49.31063,6.94059
Riegenroth,Rheinland-Pfalz,49.98951,7.54625
Riegersheim,Baden-Württemberg,49.07274,10.13028
Riegsee,Bayern,47.68198,11.19497
Riekofen,Bayern,48.8793,12.35183
Rielasingen-Worblingen,Baden-Württemberg,47.72823,8.84617
Riemerling,Bayern,48.05984,11.66812
Riemserort,Mecklenburg-Vorpommern,54.11842,13.37624
Riendlhäusl,Bayern,47.94403,12.69994
Rieneck,Bayern,50.0928,9.64738
Rieplos,Brandenburg,52.24406,13.91797
Rieps,Mecklenburg-Vorpommern,53.77944,11.04967
Riepsdorf,Schlewig-Holstein,54.21963,10.88332
Riepshof,Niedersachsen,53.27799,9.69117
Riesa,Sachsen,51.30613,13.27621
Riesbürg,Baden-Württemberg,48.82693,10.42903
Rieschweiler-Mühlbach,Rheinland-Pfalz,49.2486,7.50757
Riesdorf,Brandenburg,51.95066,13.09874
Riesdorf,Sachsen-Anhalt,51.71349,12.0183
Rieseby,Schlewig-Holstein,54.53159,9.79395
Riesewohld,Schlewig-Holstein,54.14287,9.27245
Riesigk,Sachsen-Anhalt,51.83833,12.45993
Rieste,Niedersachsen,52.48484,8.01139
Riestedt,Sachsen-Anhalt,51.45058,11.23554
Riesweiler,Rheinland-Pfalz,49.95887,7.55709
Rietberg,Nordrhein-Westfalen,51.78553,8.39467
Rietdorf,Brandenburg,51.87042,13.42378
Rieth,Mecklenburg-Vorpommern,53.71537,14.15981
Rieth,Thüringen,50.2795,10.72455
Rietheim-Weilheim,Baden-Württemberg,48.02879,8.77371
Riethgen,Thüringen,51.25729,11.09259
Riethnordhausen,Sachsen-Anhalt,51.45058,11.23554
Riethnordhausen,Thüringen,51.09237,11.09922
Rietschen,Sachsen,51.39641,14.78591
Rietz,Brandenburg,52.20366,12.76349
Rietz-Neuendorf,Brandenburg,52.15111,14.14896
Rietzel,Sachsen-Anhalt,52.14254,11.95492
Rietzneuendorf-Friedrichshof,Brandenburg,51.99014,13.77779
Riewend,Brandenburg,52.48522,12.5601
Rießen,Brandenburg,52.16503,14.56099
Rimbach,Bayern,48.85298,12.81253
Rimbach,Hessen,49.62395,8.76019
Rimpar,Bayern,49.85245,9.95967
Rimsberg,Rheinland-Pfalz,49.64293,7.17356
Rimsting,Bayern,47.87959,12.33778
Rinchnach,Bayern,48.95225,13.20276
Ringe,Niedersachsen,52.61218,6.84698
Ringelah,Niedersachsen,52.55211,10.52296
Ringelai,Bayern,48.81278,13.47157
Ringelsdorf,Sachsen-Anhalt,52.14254,11.95492
Ringenhain,Sachsen,51.09697,14.30669
Ringenwalde,Brandenburg,52.87482,13.81071
Ringfurth,Sachsen-Anhalt,52.43399,11.81062
Ringgau,Hessen,51.09124,10.07312
Ringleben,Thüringen,51.20597,11.12111
Ringsberg,Schlewig-Holstein,54.79712,9.63702
Ringsee,Bayern,47.71667,11.71991
Ringsheim,Baden-Württemberg,48.24718,7.77701
Ringstedt,Niedersachsen,53.6247,8.84154
Rinnthal,Rheinland-Pfalz,49.16228,7.95873
Rinow,Brandenburg,51.95066,13.09874
Rinteln,Niedersachsen,52.16859,9.12072
Rinzenberg,Rheinland-Pfalz,49.70508,7.16398
Riol,Rheinland-Pfalz,49.83891,6.85195
Rippach,Sachsen-Anhalt,51.25559,12.14097
Rippershausen,Thüringen,50.60965,10.38398
Rippien,Sachsen,50.99023,13.72441
Ristedt,Sachsen-Anhalt,52.62603,11.17187
Risum-Lindholm,Schlewig-Holstein,54.76174,8.87535
Ritschenhausen,Thüringen,50.53061,10.35396
Rittbruch,Schlewig-Holstein,54.19305,11.06212
Ritteburg,Thüringen,51.36678,11.29191
Ritterhude,Niedersachsen,53.19534,8.72727
Rittermühle,Rheinland-Pfalz,49.99789,6.49627
Ritterode,Sachsen-Anhalt,51.66227,11.46802
Rittersdorf,Rheinland-Pfalz,49.99789,6.49627
Rittersdorf,Thüringen,50.84122,11.18859
Rittersgrün,Sachsen,51.16569,10.45153
Rittersheim,Rheinland-Pfalz,49.6827,8.04919
Rittersmühle,Bayern,50.35261,11.31037
Ritze,Sachsen-Anhalt,52.84009,11.19969
Ritzerau,Schlewig-Holstein,53.6572,10.58045
Ritzerow,Mecklenburg-Vorpommern,53.66892,12.93076
Ritzgerode,Sachsen-Anhalt,51.63498,11.31101
Rivenich,Rheinland-Pfalz,49.95221,6.81812
Riveris,Rheinland-Pfalz,49.71485,6.79303
Rochau,Sachsen-Anhalt,52.62268,11.65093
Rochlitz,Sachsen,51.04474,12.79055
Rockenberg,Hessen,50.42293,8.75151
Rockendorf,Thüringen,50.67726,11.54005
Rockenhausen,Rheinland-Pfalz,49.62698,7.81437
Rockensußra,Thüringen,51.28627,10.73382
Rockeskyll,Rheinland-Pfalz,50.13325,6.7214
Rockhausen,Thüringen,50.9143,11.15061
Rockstedt,Thüringen,51.28627,10.73382
Roda,Thüringen,50.69989,10.90656
Rodalben,Rheinland-Pfalz,49.23929,7.63535
Rodau,Sachsen,50.5287,11.99549
Roddahn,Brandenburg,52.8583,12.43437
Roddan,Brandenburg,52.94993,11.96002
Rodden,Sachsen-Anhalt,51.27929,12.09208
Rodder,Rheinland-Pfalz,50.42268,6.90756
Rodeberg,Thüringen,51.25626,10.35915
Roden,Bayern,49.91903,9.62265
Rodenbach,Hessen,50.13567,9.04115
Rodenbach,Rheinland-Pfalz,50.05178,7.65883
Rodenbek,Schlewig-Holstein,54.28366,10.04383
Rodenberg,Mecklenburg-Vorpommern,53.84653,11.18732
Rodenberg,Niedersachsen,52.30161,9.33682
Rodenwalde,Mecklenburg-Vorpommern,53.39957,10.9684
Rodenäs,Schlewig-Holstein,54.86126,8.67161
Rodersdorf,Sachsen-Anhalt,51.88217,11.17231
Rodershausen,Rheinland-Pfalz,49.99551,6.23244
Rodewald,Niedersachsen,52.69515,9.4818
Rodewisch,Sachsen,50.53112,12.40567
Rodgau,Hessen,50.01791,8.89029
Rodigast-Lucka,Thüringen,50.93901,11.75028
Roding,Bayern,49.19483,12.51587
Rodishain,Thüringen,51.56962,10.87934
Rodleben,Sachsen-Anhalt,51.92402,12.25986
Roduchelstorf,Mecklenburg-Vorpommern,53.83187,10.87156
Roes,Rheinland-Pfalz,50.21396,7.26913
Roetgen,Nordrhein-Westfalen,50.64604,6.20032
Rogeez,Mecklenburg-Vorpommern,53.32468,12.45353
Roggenburg,Bayern,48.27833,10.23088
Roggendorf,Mecklenburg-Vorpommern,53.67731,11.11736
Roggenstein,Bayern,48.17226,11.32228
Roggenstorf,Mecklenburg-Vorpommern,53.84653,11.18732
Roggentin,Mecklenburg-Vorpommern,53.67423,12.51485
Roggosen,Brandenburg,51.7437,14.41743
Roggow,Mecklenburg-Vorpommern,54.10838,11.67445
Rogätz,Sachsen-Anhalt,52.27958,11.62463
Rohda a Haarberg,Thüringen,50.9143,11.15061
Rohlsdorf,Brandenburg,53.12567,12.05335
Rohlsdorf,Schlewig-Holstein,53.98416,10.70836
Rohlsdorferbeek,Schlewig-Holstein,53.98416,10.70836
Rohlstorf,Mecklenburg-Vorpommern,53.94583,11.58931
Rohlstorf,Schlewig-Holstein,53.96149,10.37276
Rohna,Thüringen,50.77886,12.01822
Rohnstedt,Thüringen,51.23446,10.93052
Rohr,Bayern,49.05467,11.42896
Rohr,Thüringen,50.58263,10.53498
Rohrbach,Bayern,48.60746,11.56545
Rohrbach,Rheinland-Pfalz,49.55504,7.63335
Rohrbach,Thüringen,50.84359,11.24992
Rohrbeck,Brandenburg,52.23359,13.08188
Rohrberg,Sachsen-Anhalt,52.68405,11.01609
Rohrberg,Thüringen,51.36287,10.07218
Rohrborn,Thüringen,51.17087,11.16515
Rohrdorf,Baden-Württemberg,48.5672,8.68911
Rohrdorf,Bayern,47.79995,12.18415
Rohrenfels,Bayern,48.68588,11.16853
Rohrkrug,Mecklenburg-Vorpommern,53.51024,13.74507
Rohrlack,Brandenburg,52.8583,12.43437
Rohrsen,Niedersachsen,52.71287,9.23807
Rohrsheim,Sachsen-Anhalt,52.00893,10.86441
Roigheim,Baden-Württemberg,49.35941,9.34205
Roitham,Bayern,47.98775,12.55582
Roitzsch,Sachsen-Anhalt,51.5788,12.2835
Roklum,Niedersachsen,52.07951,10.7389
Roll,Bayern,47.83296,12.74977
Rollhäusl,Bayern,48.57512,13.66819
Rollshausen,Niedersachsen,51.60763,10.22025
Rollwitz,Mecklenburg-Vorpommern,53.50257,13.99953
Rolofshagen,Mecklenburg-Vorpommern,53.95172,11.12204
Rom,Mecklenburg-Vorpommern,53.40765,11.72243
Rom,Rheinland-Pfalz,50.17564,6.62522
Rommersheim,Rheinland-Pfalz,50.13897,6.34764
Rommerskirchen,Nordrhein-Westfalen,51.05145,6.68201
Romrod,Hessen,50.71471,9.22082
Rondeshagen,Schlewig-Holstein,53.72681,10.63734
Ronneburg,Hessen,50.2288,9.04455
Ronneburg,Thüringen,50.86449,12.18073
Ronnenberg,Niedersachsen,52.29758,9.65187
Ronsberg,Bayern,47.89607,10.41483
Ronshausen,Hessen,50.94781,9.85939
Ropahl,Schlewig-Holstein,54.39892,9.86151
Rorodt,Rheinland-Pfalz,49.65667,6.94885
Rosa,Thüringen,50.70723,10.25313
Rosbach,Hessen,50.28068,8.70705
Roschbach,Rheinland-Pfalz,49.25011,8.0733
Rosche,Niedersachsen,52.99721,10.79678
Roscheid,Rheinland-Pfalz,50.13772,6.21658
Rosdorf,Niedersachsen,51.5051,9.90166
Rosdorf,Schlewig-Holstein,53.96511,9.71149
Roseburg,Schlewig-Holstein,53.47932,10.61596
Rosenau,Brandenburg,52.36809,12.33949
Rosenbach,Sachsen,51.0774,14.65558
Rosenberg,Baden-Württemberg,49.23823,9.75277
Rosendahl,Nordrhein-Westfalen,52.00316,7.20161
Rosendorf,Thüringen,50.72386,11.83699
Rosenfeld,Baden-Württemberg,48.27912,8.70738
Rosengarten,Baden-Württemberg,49.06298,9.713
Rosengarten,Niedersachsen,53.40232,9.90028
Rosenhagen,Brandenburg,53.11688,11.92614
Rosenhagen,Mecklenburg-Vorpommern,53.8498,11.347
Rosenheim,Bayern,47.84907,12.10749
Rosenheim,Rheinland-Pfalz,50.70793,7.98185
Rosenheimerlay,Rheinland-Pfalz,50.70793,7.98185
Rosenhof,Rheinland-Pfalz,49.96857,7.72981
Rosenkopf,Rheinland-Pfalz,49.3575,7.47965
Rosenow,Mecklenburg-Vorpommern,53.66459,12.12075
Rosenthal,Brandenburg,51.87042,13.42378
Rosenthal,Hessen,50.97403,8.86815
Rosenthal,Mecklenburg-Vorpommern,53.82319,11.31747
Rosenthal,Thüringen,50.58139,11.47863
Rosenthal-Bielatal,Sachsen,50.87199,14.04256
Rosenwinkel,Brandenburg,53.13447,12.18056
Rosian,Sachsen-Anhalt,52.10347,12.08581
Rosien,Niedersachsen,53.25568,10.94552
Rositz,Thüringen,51.01804,12.35491
Roskow,Brandenburg,52.48522,12.5601
Rosow,Brandenburg,53.2369,14.37414
Rossau,Sachsen,51.00704,13.12557
Rossau,Sachsen-Anhalt,52.78907,11.72233
Rossewitz,Mecklenburg-Vorpommern,53.68329,12.0939
Rossin,Mecklenburg-Vorpommern,53.79552,13.76374
Rossow,Brandenburg,53.12115,12.51526
Rossow,Mecklenburg-Vorpommern,53.49892,14.30434
Rostock,Mecklenburg-Vorpommern,54.12003,12.11068
Rot,Baden-Württemberg,47.99268,10.00315
Rot am See,Baden-Württemberg,49.26235,10.06634
"Rotenberg, Jagdhaus",Niedersachsen,51.60763,10.22025
Rotenburg,Hessen,51.01436,9.73892
Rotenburg,Niedersachsen,53.0852,9.38689
Rotenhain,Rheinland-Pfalz,50.55079,7.9309
Roth,Bayern,49.21753,11.1054
Roth,Rheinland-Pfalz,50.19146,7.25384
Rotha,Sachsen-Anhalt,51.45058,11.23554
Rothebach,Brandenburg,52.17817,12.6006
Rothekreuz,Rheinland-Pfalz,50.58728,7.36018
Rothemühl,Mecklenburg-Vorpommern,53.6605,13.8872
Rothen,Mecklenburg-Vorpommern,53.69223,11.86932
Rothenbach,Rheinland-Pfalz,50.55079,7.9309
Rothenberg,Hessen,49.49927,8.9185
Rothenbergerhof,Rheinland-Pfalz,50.07132,7.44511
Rothenbuch,Bayern,49.96608,9.39867
Rothenburg,Bayern,49.37949,10.1859
Rothenburg,Sachsen,51.33268,14.96544
Rothenburg,Sachsen-Anhalt,51.67516,11.76621
Rothenfels,Bayern,49.89294,9.58588
Rothenklempenow,Mecklenburg-Vorpommern,53.51,14.21318
Rothenschirmbach,Sachsen-Anhalt,51.552,11.61145
Rothenstein,Thüringen,50.87536,11.62055
Rotherhof,Rheinland-Pfalz,50.21396,7.26913
Rothersdorf,Sachsen,51.36439,12.68831
Rothesütte,Thüringen,51.57709,10.7875
Rothschönberg,Sachsen,51.07993,13.32311
Rothselberg,Rheinland-Pfalz,49.61068,7.67519
Rothstein,Brandenburg,51.53215,13.37895
Rotscherlinde,Brandenburg,52.38771,12.56081
Rott,Bayern,47.94591,11.55169
Rott,Rheinland-Pfalz,50.64756,7.52776
Rotta,Sachsen-Anhalt,51.72882,12.45493
Rottach-Egern,Bayern,47.65966,11.80917
Rottelsdorf,Sachsen-Anhalt,51.552,11.61145
Rottenacker,Baden-Württemberg,48.23552,9.68623
Rottenbach,Thüringen,50.64584,11.25088
Rottenbuch,Bayern,47.72538,10.95414
Rottenburg,Baden-Württemberg,48.46407,8.91634
Rottenburg,Bayern,48.71497,12.03169
Rottendorf,Bayern,49.7945,10.03709
Rottenfuß,Bayern,51.16569,10.45153
Rotterode,Thüringen,50.70731,10.60131
Rottewitz,Sachsen,51.09541,13.46418
Rotthalmünster,Bayern,48.35948,13.20252
Rottleben,Thüringen,51.35633,11.11089
Rottmersleben,Sachsen-Anhalt,52.22486,11.30453
Rottstock,Brandenburg,52.26741,12.28739
Rottweil,Baden-Württemberg,48.16345,8.64682
Rotwandhaus,Bayern,47.69268,11.87536
Roxförde,Sachsen-Anhalt,52.53867,11.40509
Roxheim,Rheinland-Pfalz,49.86385,7.73176
Roxin,Mecklenburg-Vorpommern,53.84653,11.18732
Roßbach,Bayern,48.59947,12.94091
Roßbach,Rheinland-Pfalz,50.58487,7.53128
Roßbach,Sachsen-Anhalt,51.27917,11.88817
Roßdorf,Hessen,49.86242,8.76197
Roßdorf,Sachsen-Anhalt,52.37445,12.17608
Roßdorf,Thüringen,50.70723,10.25313
Roßhaupten,Bayern,47.65488,10.71879
Roßla,Sachsen-Anhalt,51.46302,11.06951
Roßlaich,Bayern,47.81435,11.06634
Roßlau,Sachsen-Anhalt,51.92402,12.25986
Roßleben,Thüringen,51.28863,11.37115
Roßtal,Bayern,49.39212,10.89066
Roßwein,Sachsen,51.07592,13.17323
Rubenow,Mecklenburg-Vorpommern,54.08213,13.58567
Rubkow,Mecklenburg-Vorpommern,53.93414,13.7212
Rubow,Mecklenburg-Vorpommern,53.69609,11.52711
Ruchow,Mecklenburg-Vorpommern,53.69223,11.86932
Rudelzhausen,Bayern,48.5865,11.80202
Ruderatshofen,Bayern,47.82071,10.57948
Rudersberg,Baden-Württemberg,48.87914,9.53929
Rudersdorf,Thüringen,51.12231,11.41758
Ruderting,Bayern,48.65316,13.40932
Rudeshof,Baden-Württemberg,47.99938,10.08371
Rudolstadt,Thüringen,50.73282,11.32871
Ruest,Mecklenburg-Vorpommern,53.5239,11.79548
Rugendorf,Bayern,50.20175,11.45534
Rugensee,Mecklenburg-Vorpommern,53.72237,11.41783
Ruhethal,Mecklenburg-Vorpommern,53.40188,11.24957
Ruhla,Thüringen,50.89687,10.36537
Ruhland,Brandenburg,51.45661,13.86426
Ruhlsdorf,Brandenburg,52.70439,13.70061
Ruhlsdorf,Sachsen-Anhalt,51.83464,12.98299
Ruhlsdorf Ausbau,Brandenburg,52.7836,13.49036
Ruhmannsfelden,Bayern,48.96536,13.00601
Ruhpolding,Bayern,47.76076,12.64981
Ruhsdorf,Bayern,47.94403,12.69994
Ruhstorf,Bayern,48.48476,13.2763
Ruhwinkel,Schlewig-Holstein,54.11993,10.2282
Rukieten,Mecklenburg-Vorpommern,53.93303,12.10239
Rullstorf,Niedersachsen,53.29346,10.50807
Rumbach,Rheinland-Pfalz,49.09935,7.80816
Rumohr,Schlewig-Holstein,54.25578,10.02568
Runding,Bayern,49.21892,12.76242
Rundsmühlhof,Baden-Württemberg,48.94248,9.29617
Runkel,Hessen,50.42409,8.16557
"Rupbach, Gem Bremberg",Rheinland-Pfalz,50.28074,7.83452
"Rupbach, Gem Gutenacker",Rheinland-Pfalz,50.28074,7.83452
"Rupbach, Gem Steinsberg",Rheinland-Pfalz,50.28074,7.83452
Rupensdorf,Mecklenburg-Vorpommern,53.83187,10.87156
Ruppach-Goldhausen,Rheinland-Pfalz,50.41991,7.93492
Ruppersdorf,Thüringen,50.44155,11.61814
Ruppertsberg,Rheinland-Pfalz,49.39945,8.19766
Ruppertsecken,Rheinland-Pfalz,49.65376,7.87329
Ruppertsgrün,Sachsen,50.55798,12.17181
Ruppertshofen,Baden-Württemberg,48.88261,9.81495
Ruppertshofen,Rheinland-Pfalz,50.19177,7.77045
Ruppertsweiler,Rheinland-Pfalz,49.1291,7.54499
Ruppichteroth,Nordrhein-Westfalen,50.8281,7.43055
Ruschberg,Rheinland-Pfalz,49.61106,7.27337
Rust,Baden-Württemberg,48.26418,7.72796
Rustenfelde,Thüringen,51.36287,10.07218
Rutenberg,Brandenburg,53.21087,13.31538
Rutesheim,Baden-Württemberg,48.81148,8.93085
Ruthenbeck,Mecklenburg-Vorpommern,53.5778,11.69466
Ruthweiler,Rheinland-Pfalz,49.54649,7.40273
Rutsweiler,Rheinland-Pfalz,49.58477,7.56269
Ruttersdorf-Lotschen,Thüringen,50.85628,11.77906
Räbke,Niedersachsen,52.19518,10.87924
Räckelwitz,Sachsen,51.24067,14.03283
Rädel,Brandenburg,52.34271,12.67683
Rädigke,Brandenburg,52.07082,12.69015
Rägelin,Brandenburg,52.90326,12.72486
Rätzlingen,Niedersachsen,52.97634,10.67659
Rätzlingen,Sachsen-Anhalt,52.40715,11.20149
Röbel,Mecklenburg-Vorpommern,53.37563,12.59989
Röblingen am See,Sachsen-Anhalt,51.46083,11.67133
Röcken,Sachsen-Anhalt,51.25559,12.14097
Röckingen,Bayern,49.04996,10.55209
Röckwitz,Mecklenburg-Vorpommern,53.65186,13.12414
Röddelin,Brandenburg,53.18163,13.54788
Rödelbach,Rheinland-Pfalz,50.19225,7.68574
Rödelhausen,Rheinland-Pfalz,50.08943,7.2844
Rödelmaier,Bayern,50.35421,10.25788
Rödelsee,Bayern,49.68378,10.23917
Rödelwitz,Thüringen,50.73282,11.32871
Rödental,Bayern,50.31092,11.03247
Röderau-Bobersen,Sachsen,51.3564,13.32511
Röderaue,Sachsen,51.38906,13.41402
Röderhof,Rheinland-Pfalz,49.57725,7.94181
Röderhäuser,Sachsen,51.19059,14.0051
Rödermark,Hessen,49.97793,8.8048
Rödern,Rheinland-Pfalz,49.94321,7.40837
Rödersheim-Gronau,Rheinland-Pfalz,49.43194,8.26025
Rödgen,Sachsen-Anhalt,51.6338,11.84698
Rödinghausen,Nordrhein-Westfalen,52.23725,8.4909
Rödlin-Thurow,Mecklenburg-Vorpommern,53.35873,13.24523
Röfingen,Bayern,48.42455,10.44482
Rögen,Schlewig-Holstein,54.39513,10.36466
"Rögen, Gut",Schlewig-Holstein,54.49796,9.86693
Rögling,Bayern,48.84907,10.95363
Röglitz,Sachsen-Anhalt,51.45087,12.07967
Rögnitz,Mecklenburg-Vorpommern,53.67731,11.11736
Röhl,Rheinland-Pfalz,49.99789,6.49627
Röhrig,Thüringen,51.36287,10.07218
Röhrmoos,Bayern,48.32945,11.4502
Röhrmoos,Schlewig-Holstein,54.7442,9.90331
Röhrnbach,Bayern,48.74006,13.52319
Röhrsdorf,Sachsen,50.89171,13.17577
Röllbach,Bayern,49.77369,9.2472
Römerberg,Rheinland-Pfalz,49.27364,8.39988
Römerstein,Baden-Württemberg,48.49459,9.53795
Römhild,Thüringen,50.44895,10.44788
Römnitz,Schlewig-Holstein,53.69823,10.77178
Römstedt,Niedersachsen,53.09604,10.64974
Rönnebeck,Brandenburg,53.05639,13.10828
Röpersdorf,Brandenburg,53.3194,13.87248
Rösa,Sachsen-Anhalt,51.6585,12.42901
Röslau,Bayern,50.08556,11.98086
Rösrath,Nordrhein-Westfalen,50.90621,7.18645
Rötenbach,Baden-Württemberg,48.91266,9.98096
Rötgesbüttel,Niedersachsen,52.41582,10.5309
Rötha,Sachsen,51.19588,12.42756
Röthenbach,Bayern,48.55138,10.63748
Röthenbach,Sachsen,50.87331,13.63656
Röthlein,Bayern,49.96577,10.20722
Rötsweiler-Nockenthal,Rheinland-Pfalz,49.70508,7.16398
Röttenbach,Bayern,49.41056,10.97827
Röttingen,Bayern,49.51684,9.9713
Rötz,Bayern,49.34634,12.54239
Rövershagen,Mecklenburg-Vorpommern,54.17438,12.23619
Röwitz,Sachsen-Anhalt,52.62603,11.17187
Rößnitz,Sachsen,50.4863,12.13816
Rübeland,Sachsen-Anhalt,51.78685,10.95099
Rübenau,Sachsen,50.65884,13.33813
Rüber,Rheinland-Pfalz,50.31048,7.40635
Rückeroth,Rheinland-Pfalz,50.553,7.80532
Rückersdorf,Bayern,49.49766,11.24289
Rückersdorf,Brandenburg,51.59657,13.74282
Rückersdorf,Thüringen,50.86449,12.18073
Rückerswind,Thüringen,50.39618,11.0055
Rückholz,Bayern,47.65891,10.55081
Rückweiler,Rheinland-Pfalz,49.61106,7.27337
Rüde,Schlewig-Holstein,54.67415,9.60497
Rüdenau,Bayern,49.72014,9.21594
Rüdenhausen,Bayern,49.75347,10.32548
Rüdersdorf,Brandenburg,52.46458,13.7976
Rüdershausen,Niedersachsen,51.60763,10.22025
Rüdesheim,Rheinland-Pfalz,49.84587,7.80758
Rüdesheim am Rhein,Hessen,50.02822,7.89432
Rüdigsdorf,Thüringen,51.49908,10.83717
Rüdnitz,Brandenburg,52.68748,13.56728
Rügge,Schlewig-Holstein,54.67643,9.71462
Rüggow,Mecklenburg-Vorpommern,53.893,11.4995
Rügkamp,Mecklenburg-Vorpommern,53.8647,11.68699
Rügland,Bayern,49.40103,10.59441
Rühen,Niedersachsen,52.49013,10.89367
Rühn,Mecklenburg-Vorpommern,53.86087,11.94391
Rühstädt,Brandenburg,52.98856,11.7934
Rülzheim,Rheinland-Pfalz,49.15478,8.28137
Rümmelsheim,Rheinland-Pfalz,49.89159,7.84458
Rümmingen,Baden-Württemberg,47.6429,7.64212
Rümpel,Schlewig-Holstein,53.80135,10.35234
Rüscheid,Rheinland-Pfalz,50.49809,7.55319
Rüsseina,Sachsen,51.20212,13.27839
Rüsselsheim,Hessen,49.99019,8.4328
Rüssingen,Rheinland-Pfalz,49.64194,8.13416
Rüterberg,Mecklenburg-Vorpommern,53.23371,11.17997
Rüthen,Nordrhein-Westfalen,51.52856,8.42724
Rüthnick,Brandenburg,52.9669,12.98502
Rüting,Mecklenburg-Vorpommern,53.84653,11.18732
Rüting Steinfort,Mecklenburg-Vorpommern,53.84653,11.18732
Saal,Bayern,49.61299,11.17792
Saal,Mecklenburg-Vorpommern,54.31077,12.49967
Saalburg,Hessen,50.30515,8.58811
Saalburg,Thüringen,50.48444,11.66728
Saaldorf,Thüringen,50.44155,11.61814
Saalfeld,Thüringen,50.63519,11.35947
Saalhausen,Brandenburg,51.56111,13.89658
Saalow,Brandenburg,52.22567,13.43068
Saalstadt,Rheinland-Pfalz,49.33675,7.60754
Saara,Thüringen,50.91545,12.2233
Saarbrücken,Saarland,49.23281,7.00449
Saarburg,Rheinland-Pfalz,49.60041,6.50744
Saargrund,Thüringen,50.44714,10.94914
Saaringen,Brandenburg,52.48522,12.5601
Saarlouis,Saarland,49.3013,6.73695
Saarmund,Brandenburg,52.30971,13.07311
Saarwellingen,Saarland,49.35581,6.84997
Saatel,Mecklenburg-Vorpommern,54.30752,12.61132
Saathain,Brandenburg,51.40396,13.57316
Sabel,Mecklenburg-Vorpommern,53.90807,12.34444
Sabow,Mecklenburg-Vorpommern,53.83187,10.87156
Saccassne,Brandenburg,51.81359,14.1854
Sachau,Sachsen-Anhalt,52.49571,11.17824
Sachsdorf,Sachsen,51.09541,13.46418
Sachsen,Bayern,49.28859,10.66132
Sachsenbande,Schlewig-Holstein,53.92699,9.36454
Sachsenbrunn,Thüringen,50.44714,10.94914
Sachsenburg,Thüringen,51.29237,11.11387
Sachsendorf,Brandenburg,52.4943,14.36042
Sachsendorf,Sachsen-Anhalt,51.90367,11.83496
Sachsenhagen,Niedersachsen,52.39721,9.26839
Sachsenhausen,Thüringen,51.07341,11.29717
Sachsenheim,Baden-Württemberg,49.00316,9.0112
Sachsenkam,Bayern,47.81291,11.63137
Sachsgrün,Sachsen,50.36256,12.07973
Sackenheimerhof,Rheinland-Pfalz,50.34914,7.39113
Sacrow,Brandenburg,51.91288,14.12376
Sadelkow,Mecklenburg-Vorpommern,53.60793,13.47528
Sadenbeck,Brandenburg,53.13447,12.18056
Saerbeck,Nordrhein-Westfalen,52.1889,7.63735
Saffig,Rheinland-Pfalz,50.37535,7.42198
Sagard,Mecklenburg-Vorpommern,54.52775,13.55347
Sagsdorf,Mecklenburg-Vorpommern,53.69223,11.86932
Sahms,Schlewig-Holstein,53.55673,10.51734
Sailauf,Bayern,50.02517,9.2587
Salach,Baden-Württemberg,48.69366,9.75436
Salbitz,Sachsen,51.23638,13.04522
Salching,Bayern,48.84507,12.61997
Saldenburg,Bayern,48.77364,13.35585
Salem,Baden-Württemberg,47.77306,9.29717
Salem,Schlewig-Holstein,53.68539,10.88566
Salgen,Bayern,48.12512,10.481
Sallgast,Brandenburg,51.59657,13.74282
Sallmannshausen,Thüringen,50.96354,10.06727
Sallneck,Baden-Württemberg,47.71972,7.7956
Salm,Rheinland-Pfalz,50.13325,6.7214
Salmbacher Passage,Rheinland-Pfalz,48.98216,8.13947
Salmberg,Rheinland-Pfalz,50.07866,6.77218
Salmtal,Rheinland-Pfalz,49.92717,6.84851
Salomonsborn,Thüringen,51.07449,10.85541
Salow,Mecklenburg-Vorpommern,53.60793,13.47528
Salscheid,Rheinland-Pfalz,50.28074,7.83452
Salz,Bayern,50.32422,10.20885
Salz,Rheinland-Pfalz,50.48113,7.94372
Salzbergen,Niedersachsen,52.31477,7.33875
Salzbrunn,Brandenburg,52.22866,12.92762
Salzburg,Bayern,48.73181,12.16078
Salzburg,Rheinland-Pfalz,50.57669,8.04837
Salzenweiler,Baden-Württemberg,51.16569,10.45153
Salzfurtkapelle,Sachsen-Anhalt,51.73073,12.26264
Salzgitter,Niedersachsen,52.13115,10.35688
Salzhausen,Niedersachsen,53.20871,10.12842
Salzhemmendorf,Niedersachsen,52.07539,9.6171
Salzkotten,Nordrhein-Westfalen,51.67524,8.59684
Salzmünde,Sachsen-Anhalt,51.5252,11.82739
Salzwedel,Sachsen-Anhalt,52.84009,11.19969
Salzweg,Bayern,48.61535,13.48234
Samerberg,Bayern,47.78133,12.21275
Samern,Niedersachsen,52.34423,7.20805
Samkow,Mecklenburg-Vorpommern,53.77944,11.04967
Samswegen,Sachsen-Anhalt,52.27958,11.62463
Samtens,Mecklenburg-Vorpommern,54.35521,13.28997
Sand,Bayern,49.98741,10.58819
Sandau,Sachsen-Anhalt,52.58293,12.03886
Sandauerholz,Sachsen-Anhalt,52.78907,11.72233
Sandbeiendorf,Sachsen-Anhalt,52.43399,11.81062
Sandberg,Bayern,50.34809,10.00804
Sandbostel,Niedersachsen,53.39969,9.25824
Sandbühlerhof,Rheinland-Pfalz,49.10351,7.9992
Sande,Niedersachsen,53.50113,8.01193
Sande,Schlewig-Holstein,54.0505,10.25941
Sandersdorf,Sachsen-Anhalt,51.62995,12.25463
Sandersleben,Sachsen-Anhalt,51.67669,11.56713
Sandersmühle,Rheinland-Pfalz,50.24821,8.08146
Sandesneben,Schlewig-Holstein,53.69829,10.52664
Sandhagen,Mecklenburg-Vorpommern,54.01771,11.69805
Sandhagen Abbau,Mecklenburg-Vorpommern,54.01771,11.69805
Sandhausen,Baden-Württemberg,49.34222,8.6463
Sandkrug,Brandenburg,52.93405,12.80525
Sandkrug,Mecklenburg-Vorpommern,53.46787,12.02471
Sandschenke,Sachsen,51.23279,14.89521
Sandstedt,Niedersachsen,53.35816,8.65486
Sangerhausen,Sachsen-Anhalt,51.4977,11.29819
Sanitz,Mecklenburg-Vorpommern,54.07741,12.37548
Sankelmark,Schlewig-Holstein,54.69593,9.42772
Sankt Aldegund,Rheinland-Pfalz,50.08943,7.2844
Sankt Augustin,Nordrhein-Westfalen,50.75891,7.20122
Sankt Englmar,Bayern,49.00871,12.80464
Sankt Johann,Rheinland-Pfalz,50.32388,7.16785
Sankt Julian,Rheinland-Pfalz,49.5803,7.51359
Sankt Katharinen,Rheinland-Pfalz,49.86385,7.73176
Sankt Margarethen,Schlewig-Holstein,53.91479,9.23964
Sankt Peter-Ording,Schlewig-Holstein,54.3048,8.65222
Sankt Sebastian,Rheinland-Pfalz,50.37288,7.4605
Sankt Thomas,Rheinland-Pfalz,50.05755,6.60138
Sankt Wolfgang,Bayern,48.21678,12.13302
Sanne,Sachsen-Anhalt,52.7276,11.95016
Sanne-Kerkuhn,Sachsen-Anhalt,52.78907,11.72233
Sansenhof,Bayern,49.63791,9.19741
Santow,Mecklenburg-Vorpommern,53.84653,11.18732
Sanzkow,Mecklenburg-Vorpommern,53.83658,13.01175
Sargenroth,Rheinland-Pfalz,49.99609,7.44468
Sargleben,Brandenburg,53.1628,11.7454
Sargstedt,Sachsen-Anhalt,51.93746,11.05498
Sarkwitz,Schlewig-Holstein,53.98818,10.66354
Sarlhusen,Schlewig-Holstein,53.99809,9.84534
Sarmersbach,Rheinland-Pfalz,50.17706,6.88055
Sarmstorf,Mecklenburg-Vorpommern,53.68329,12.0939
Sarnow,Brandenburg,53.13447,12.18056
Sarnow,Mecklenburg-Vorpommern,53.76275,13.56938
Sarow,Mecklenburg-Vorpommern,53.83658,13.01175
Sarstedt,Niedersachsen,52.23958,9.83334
Sarzbüttel,Schlewig-Holstein,54.17317,9.19031
Sasbach,Baden-Württemberg,48.39063,7.85574
Sasbachwalden,Baden-Württemberg,48.61425,8.18678
Sassen,Mecklenburg-Vorpommern,53.99776,13.1547
Sassen,Rheinland-Pfalz,50.25494,7.01082
Sassenberg,Nordrhein-Westfalen,52.01135,8.05903
Sassenburg,Niedersachsen,52.54371,10.66311
Sassenhof,Bayern,49.83551,12.03399
Sassnitz,Mecklenburg-Vorpommern,54.53287,13.63562
Saterland,Niedersachsen,53.07679,7.7022
Satow,Mecklenburg-Vorpommern,53.65691,12.17219
Satrup,Schlewig-Holstein,54.67415,9.60497
Satteldorf,Baden-Württemberg,49.17851,10.08915
Sattelmühle,Rheinland-Pfalz,49.43227,7.96496
Sattlthambach,Bayern,48.17294,12.31377
Satuelle,Sachsen-Anhalt,52.33737,11.36597
Satzkorn,Brandenburg,52.46992,12.99658
Satzung,Sachsen,50.60886,13.18468
Saubach,Sachsen-Anhalt,51.18797,11.53109
Sauen,Brandenburg,52.15111,14.14896
Sauensiek,Niedersachsen,53.38698,9.60058
Sauerbrunnen,Rheinland-Pfalz,49.64293,7.17356
Saueressigs Mühle,Rheinland-Pfalz,50.19225,7.68574
Sauerlach,Bayern,47.95677,11.64508
Sauerseifen,Rheinland-Pfalz,50.13325,6.7214
Sauersmühle,Rheinland-Pfalz,50.21396,7.26913
Sauerthal,Rheinland-Pfalz,50.074,7.82899
Sauerwies,Rheinland-Pfalz,49.99551,6.23244
Sauldorf,Baden-Württemberg,47.97821,9.10128
Saulgrub,Bayern,47.66056,11.00608
Saulheim,Rheinland-Pfalz,49.87168,8.14263
Saultitz,Sachsen,51.07993,13.32311
Saunstorf,Mecklenburg-Vorpommern,53.79058,11.4282
Saupsdorf,Sachsen,50.97307,14.27302
Saurasen,Sachsen-Anhalt,51.66227,11.46802
Saurenhof,Baden-Württemberg,48.78999,9.87237
Saustrup,Schlewig-Holstein,54.64155,9.80308
Sauzin,Mecklenburg-Vorpommern,53.98213,13.77864
Saxdorf,Brandenburg,51.59237,13.22793
Saxler,Rheinland-Pfalz,50.11017,6.92229
Sayda,Sachsen,50.76124,13.41921
Saßleben,Brandenburg,51.72805,13.9005
Schaafheim,Hessen,49.92717,8.99389
Schaalby,Schlewig-Holstein,54.54377,9.64342
Schachahof,Bayern,48.53122,13.05132
Schachdorf Ströbeck,Sachsen-Anhalt,51.93746,11.05498
Schachen,Bayern,48.10286,12.30969
Schacherhof,Rheinland-Pfalz,49.62698,7.81437
Schacht-Audorf,Schlewig-Holstein,54.31419,9.72272
Schachtebich,Thüringen,51.36287,10.07218
Schackendorf,Schlewig-Holstein,53.92727,10.29327
Schackensleben,Sachsen-Anhalt,52.22486,11.30453
Schackenthal,Sachsen-Anhalt,51.77931,11.47298
Schacksdorf,Brandenburg,51.59657,13.74282
Schackstedt,Sachsen-Anhalt,51.69948,11.67058
Schaddingsdorf,Mecklenburg-Vorpommern,53.77944,11.04967
Schadebeuster,Brandenburg,52.98856,11.7934
Schadeleben,Sachsen-Anhalt,51.77931,11.47298
Schaderthal,Thüringen,50.52977,11.3828
Schafflund,Schlewig-Holstein,54.7584,9.18419
Schafstedt,Schlewig-Holstein,54.08111,9.28913
Schafstädt,Sachsen-Anhalt,51.34727,11.79385
Schaibmaierhof,Bayern,48.48673,11.50191
Schaidenhausen,Bayern,48.34749,11.64318
Schalkau,Thüringen,50.39618,11.0055
Schalkenbach,Rheinland-Pfalz,50.49565,7.15123
Schalkenmehren,Rheinland-Pfalz,50.17706,6.88055
Schalkham,Bayern,48.47913,12.42882
Schalkholz,Schlewig-Holstein,54.21905,9.28347
Schalksmühle,Nordrhein-Westfalen,51.2597,7.5735
Schallbach,Baden-Württemberg,47.65385,7.62344
Schallenburg,Thüringen,51.17087,11.16515
Schallodenbach,Rheinland-Pfalz,49.55154,7.7166
Schallstadt,Baden-Württemberg,47.95701,7.76014
Schankweiler,Rheinland-Pfalz,49.8721,6.41906
Schanzerhof,Rheinland-Pfalz,49.42398,7.4783
Schanzermühle,Rheinland-Pfalz,49.42398,7.4783
Schapen,Niedersachsen,52.39209,7.47065
Schapow,Brandenburg,53.3194,13.87248
Schaprode,Mecklenburg-Vorpommern,54.50826,13.26102
Scharbeutz,Schlewig-Holstein,54.03035,10.71512
Scharbow,Mecklenburg-Vorpommern,53.40188,11.24957
Scharfbillig,Rheinland-Pfalz,49.99789,6.49627
Scharfenberg,Sachsen,51.09541,13.46418
Scharfenholz,Schlewig-Holstein,54.4108,9.9788
Scharfenstein,Sachsen,51.16569,10.45153
Scharfstorf,Mecklenburg-Vorpommern,53.79058,11.4282
Scharleuk,Brandenburg,52.96478,12.02786
Scharling,Bayern,47.94403,12.69994
Scharnebeck,Niedersachsen,53.29346,10.50807
Scharnhorst,Niedersachsen,52.73391,10.23385
Scharrhof,Rheinland-Pfalz,49.38948,7.61506
Scharrmühle,Rheinland-Pfalz,49.38948,7.61506
Schartau,Sachsen-Anhalt,52.14254,11.95492
Schashagen,Schlewig-Holstein,54.13364,10.82251
Schattin,Mecklenburg-Vorpommern,53.83187,10.87156
Schauen,Sachsen-Anhalt,51.978,10.73566
Schauenburg,Hessen,51.27897,9.36139
Schauenstein,Bayern,50.28183,11.74822
Schauerberg,Rheinland-Pfalz,49.33675,7.60754
Schaufling,Bayern,48.84378,13.06848
Schaurach,Bayern,48.02156,12.03508
Schauren,Rheinland-Pfalz,49.92238,7.26771
Schautenhof,Baden-Württemberg,48.89043,9.64704
Schechen,Bayern,47.85843,11.72003
Schechingen,Baden-Württemberg,48.87213,9.92084
Scheden,Niedersachsen,51.46829,9.74476
Scheer,Baden-Württemberg,48.07434,9.29681
Scheeßel,Niedersachsen,53.16514,9.47352
Schefflenz,Baden-Württemberg,49.40257,9.27838
Scheggerott,Schlewig-Holstein,54.64155,9.80308
Scheibe-Alsbach,Thüringen,50.47463,11.06966
Scheibenberg,Sachsen,50.57713,12.86819
Scheibenhardt,Rheinland-Pfalz,48.98216,8.13947
Scheid,Rheinland-Pfalz,50.35206,6.42082
Scheidegg,Bayern,47.56738,9.85356
Scheiditz,Thüringen,50.85628,11.77906
Scheidt,Rheinland-Pfalz,50.28074,7.83452
Scheinfeld,Bayern,49.6672,10.46677
Scheitenkorb,Rheinland-Pfalz,49.99551,6.23244
Schelertal,Rheinland-Pfalz,49.2091,7.56644
Schelkau,Sachsen-Anhalt,51.12305,12.0267
Schelklingen,Baden-Württemberg,48.37352,9.73627
Schellbach,Sachsen-Anhalt,51.01843,12.15186
Schelldorf,Sachsen-Anhalt,52.43399,11.81062
Schellerten,Niedersachsen,52.17408,10.09877
Schellhorn,Schlewig-Holstein,54.22409,10.29885
Schellweiler,Rheinland-Pfalz,49.54649,7.40273
Schemmerhofen,Baden-Württemberg,48.17185,9.78547
Schenefeld,Schlewig-Holstein,53.82317,9.65513
Schenkelberg,Rheinland-Pfalz,50.553,7.80532
Schenkenberg,Brandenburg,52.90231,13.21629
Schenkendorf,Brandenburg,52.29486,13.62672
Schenkenhorst,Brandenburg,52.36147,13.19002
Schenkenhorst,Sachsen-Anhalt,52.53867,11.40509
Schenkenzell,Baden-Württemberg,48.31116,8.37197
Schenkhöfle,Baden-Württemberg,48.79721,9.60864
Schenklengsfeld,Hessen,50.8192,9.80875
Scherbenmühle,Baden-Württemberg,49.12576,9.75441
Scherer,Bayern,48.03278,12.30562
Schermbeck,Nordrhein-Westfalen,51.70695,6.82791
Schermcke,Sachsen-Anhalt,52.01819,11.21961
Schermen,Sachsen-Anhalt,52.14254,11.95492
Schernberg,Thüringen,51.28627,10.73382
Schernebeck,Sachsen-Anhalt,52.43399,11.81062
Schernfeld,Bayern,48.90477,11.10672
Schernikau,Sachsen-Anhalt,52.62268,11.65093
Schernsdorf,Brandenburg,52.16503,14.56099
Scherstetten,Bayern,48.19548,10.6433
Scheuder,Sachsen-Anhalt,51.77197,12.07353
Scheuerfeld,Rheinland-Pfalz,50.78742,7.84116
Scheuerlehof,Baden-Württemberg,48.01989,8.92243
Scheuern,Rheinland-Pfalz,49.99551,6.23244
Scheuring,Bayern,48.16929,10.89756
Scheyern,Bayern,48.50113,11.44626
Scheßlitz,Bayern,49.96842,11.02135
Schiebsdorf,Brandenburg,51.97487,13.59976
Schieder-Schwalenberg,Nordrhein-Westfalen,51.90786,9.17591
Schielo,Sachsen-Anhalt,51.64225,11.12517
Schierau,Sachsen-Anhalt,51.73073,12.26264
Schieren,Schlewig-Holstein,53.92727,10.29327
Schierensee,Schlewig-Holstein,54.22617,10.0018
Schierke,Sachsen-Anhalt,51.76539,10.65644
Schierling,Bayern,48.8348,12.15125
Schierschwende,Thüringen,51.16117,10.23912
Schiersfeld,Rheinland-Pfalz,49.72731,7.77112
Schiesheim,Rheinland-Pfalz,50.28695,8.04655
Schießhof,Baden-Württemberg,49.25595,9.51828
Schiffdorf,Niedersachsen,53.53797,8.72702
Schifferstadt,Rheinland-Pfalz,49.3773,8.37934
Schiffmühle,Brandenburg,52.79807,14.01577
Schiffweiler,Saarland,49.36484,7.1219
Schilda,Brandenburg,51.64717,13.49567
Schildau,Sachsen,51.4565,12.92728
Schildberg,Mecklenburg-Vorpommern,53.84653,11.18732
Schilde,Brandenburg,52.98856,11.7934
Schildfeld,Mecklenburg-Vorpommern,53.39957,10.9684
Schildow,Brandenburg,52.64226,13.3697
Schillingen,Rheinland-Pfalz,49.6347,6.78629
Schillinghof,Baden-Württemberg,48.85548,9.70002
Schillingsfürst,Bayern,49.28723,10.26237
Schillingstedt,Thüringen,51.21247,11.28237
Schillsdorf,Schlewig-Holstein,54.09925,10.1077
Schilpenbühl,Baden-Württemberg,48.88261,9.81495
Schiltach,Baden-Württemberg,48.26538,8.35332
Schiltberg,Bayern,48.46174,11.24946
Schimberg,Thüringen,51.38965,10.16816
Schimm,Mecklenburg-Vorpommern,53.84194,11.45942
Schimmelshütte,Hessen,49.69577,9.05149
Schindhard,Rheinland-Pfalz,49.09014,7.67303
Schinkel,Schlewig-Holstein,54.4108,9.9788
Schinne,Sachsen-Anhalt,52.62268,11.65093
Schiphorst,Schlewig-Holstein,53.74593,10.48397
Schipkau,Brandenburg,51.51684,13.89773
Schirgiswalde,Sachsen,51.09724,14.39358
Schirmitz,Bayern,49.65012,12.1695
Schirnding,Bayern,50.0781,12.22847
Schirnrod,Thüringen,50.44714,10.94914
Schkauditz,Sachsen-Anhalt,51.01843,12.15186
Schkeuditz,Sachsen,51.41283,12.23891
Schkopau,Sachsen-Anhalt,51.38975,12.05287
Schkortleben,Sachsen-Anhalt,51.26099,12.0265
Schkölen,Thüringen,51.04167,11.82181
Schköna,Sachsen-Anhalt,51.72882,12.45493
Schlabendorf,Brandenburg,51.8536,13.75045
Schladen,Niedersachsen,52.02221,10.54003
Schladt,Rheinland-Pfalz,50.03648,6.78753
Schlagenthin,Sachsen-Anhalt,52.37445,12.17608
Schlagsdorf,Mecklenburg-Vorpommern,53.77944,11.04967
Schlaitdorf,Baden-Württemberg,48.60457,9.22444
Schlaitz,Sachsen-Anhalt,51.6585,12.42901
Schlalach,Brandenburg,52.20037,12.79268
Schlamau,Brandenburg,52.11411,12.45576
Schlammersdorf,Bayern,49.80357,11.74191
Schlangen,Nordrhein-Westfalen,51.84068,8.80233
Schlangenbad,Hessen,50.10242,8.074
Schlanstedt,Sachsen-Anhalt,52.0123,11.03547
Schlat,Baden-Württemberg,48.65753,9.70305
Schlattwiesen,Baden-Württemberg,48.43096,9.06983
Schlauchhof,Baden-Württemberg,48.91266,9.98096
Schleberoda,Sachsen-Anhalt,51.23826,11.76903
Schleching,Bayern,47.718,12.38607
Schlechtenmühle,Baden-Württemberg,48.66544,9.11433
Schlechtsart,Thüringen,50.2795,10.72455
Schleesen,Sachsen-Anhalt,51.79802,12.40465
Schlegel,Sachsen,50.97533,14.00518
Schlegel,Thüringen,50.41323,11.69093
Schlehdorf,Bayern,47.65049,11.31162
Schleich,Rheinland-Pfalz,49.83891,6.85195
Schleid,Rheinland-Pfalz,49.99789,6.49627
Schleid,Thüringen,50.73072,9.98459
Schleiden,Nordrhein-Westfalen,50.56258,6.46281
Schleife,Sachsen,51.536,14.529
Schleife-Mulkwitz,Sachsen,51.536,14.529
Schleife-Rohne,Sachsen,51.536,14.529
Schleifhäusle,Baden-Württemberg,48.91266,9.98096
Schleifmühle,Bayern,49.83486,9.46417
Schleifreisen,Thüringen,50.89461,11.85948
Schleifthor,Bayern,49.85988,9.5104
Schleimünde,Schlewig-Holstein,54.69712,10.00313
Schleinitz,Sachsen-Anhalt,51.16569,10.45153
Schleiz,Thüringen,50.59733,11.83993
Schlema,Sachsen,50.605,12.67115
Schlemmin,Mecklenburg-Vorpommern,54.00549,12.32098
Schlenzer,Brandenburg,51.95066,13.09874
Schlepzig,Brandenburg,51.99014,13.77779
Schlesen,Schlewig-Holstein,54.31826,10.37861
Schleswig,Schlewig-Holstein,54.5223,9.56615
Schlettau,Sachsen,50.56664,12.95388
Schleuse,Rheinland-Pfalz,50.30837,7.80944
Schleuse Dausenau,Rheinland-Pfalz,50.35051,7.72275
Schleuse Ems,Rheinland-Pfalz,50.35051,7.72275
Schleuse Grütz,Brandenburg,52.5979,12.52041
Schleusenow,Mecklenburg-Vorpommern,53.25568,10.94552
Schleusingen,Thüringen,50.53675,10.74503
Schleusingerneundorf,Thüringen,50.53675,10.74503
Schlichting,Schlewig-Holstein,54.29485,9.15713
Schlieben,Brandenburg,51.74171,13.42121
Schliengen,Baden-Württemberg,47.75961,7.59753
Schlier,Baden-Württemberg,47.79863,9.70728
Schlierschied,Rheinland-Pfalz,49.93805,7.2676
Schliersee,Bayern,47.69268,11.87536
Schlitz,Hessen,50.68093,9.58162
Schlockow,Mecklenburg-Vorpommern,53.77814,12.01836
Schloen,Mecklenburg-Vorpommern,53.51459,12.73048
Schlosser,Bayern,51.16569,10.45153
Schlotfeld,Schlewig-Holstein,53.99365,9.63046
Schlotheim,Thüringen,51.24493,10.65966
Schlowe,Mecklenburg-Vorpommern,53.69223,11.86932
Schloß Holte-Stukenbrock,Nordrhein-Westfalen,51.88312,8.66174
Schloßböckelheim,Rheinland-Pfalz,49.81528,7.71785
Schloßhof,Baden-Württemberg,48.22916,8.34448
Schloßhof,Rheinland-Pfalz,50.25312,7.30524
Schloßkulm,Thüringen,50.73282,11.32871
Schloßvippach,Thüringen,51.09237,11.09922
Schluchsee,Baden-Württemberg,47.81875,8.17724
Schlunkendorf,Brandenburg,52.22866,12.92762
Schlöben,Thüringen,50.85628,11.77906
Schlößlesmühle,Baden-Württemberg,48.66544,9.11433
Schlüchtern,Hessen,50.35155,9.5232
Schlüsselfeld,Bayern,49.76715,10.62868
Schmachtenhagen,Brandenburg,52.74392,13.36149
Schmachthagen,Mecklenburg-Vorpommern,53.84653,11.18732
Schmadebeck,Mecklenburg-Vorpommern,54.06316,11.7968
Schmakentin,Mecklenburg-Vorpommern,53.8647,11.68699
Schmalenberg,Rheinland-Pfalz,49.33562,7.73383
Schmalensee,Schlewig-Holstein,54.07683,10.28116
Schmalfeld,Schlewig-Holstein,53.87721,9.9833
Schmalfelderhof,Rheinland-Pfalz,49.74161,7.86568
Schmalkalden,Thüringen,50.72204,10.43946
Schmallenberg,Nordrhein-Westfalen,51.17904,8.29454
Schmalstede,Schlewig-Holstein,54.22617,10.0018
Schmalzerode,Sachsen-Anhalt,51.552,11.61145
Schmalzmühle,Bayern,49.04835,10.62459
Schmargendorf,Brandenburg,53.04259,13.98426
Schmarsow,Mecklenburg-Vorpommern,53.91804,13.24177
Schmatzfeld,Sachsen-Anhalt,51.84375,10.79931
Schmatzin,Mecklenburg-Vorpommern,53.93414,13.7212
Schmedeland,Schlewig-Holstein,54.59974,9.7439
Schmedeswurth,Schlewig-Holstein,53.91613,9.00699
Schmeheim,Thüringen,50.58263,10.53498
Schmelz,Saarland,49.43776,6.84483
Schmerbach,Thüringen,50.87845,10.51152
Schmerdorf,Sachsen-Anhalt,51.20958,11.94525
Schmergow,Brandenburg,52.40377,12.78065
Schmerkendorf,Brandenburg,51.59237,13.22793
Schmerwitz,Brandenburg,52.11411,12.45576
Schmetzdorf,Brandenburg,52.5979,12.52041
Schmidgaden,Bayern,49.42377,12.09156
Schmidmühlen,Bayern,49.26882,11.92275
Schmidthachenbach,Rheinland-Pfalz,49.8124,7.25528
Schmiechen,Bayern,48.21405,10.96638
Schmiedeberg,Brandenburg,53.04259,13.98426
Schmiedeberg,Sachsen,50.83028,13.55704
Schmiedefeld,Thüringen,50.56852,11.01658
Schmiedehausen,Thüringen,51.0879,11.62857
Schmieden,Thüringen,50.73282,11.32871
Schmieding,Bayern,47.94545,12.60182
Schmieritz,Thüringen,50.72386,11.83699
Schmilau,Schlewig-Holstein,53.68539,10.88566
Schmitshausen,Rheinland-Pfalz,49.19984,7.46936
Schmitt,Rheinland-Pfalz,50.14349,7.07033
Schmitten,Hessen,50.25932,8.43472
Schmittweiler,Rheinland-Pfalz,49.69154,7.70594
Schmißberg,Rheinland-Pfalz,49.64293,7.17356
Schmogrow,Brandenburg,51.81359,14.1854
Schmolde,Brandenburg,53.31257,12.24274
Schmon,Sachsen-Anhalt,51.34216,11.58123
Schmorda,Thüringen,50.66201,11.56757
Schmorkau,Sachsen,51.26567,13.90437
Schmögelsdorf,Brandenburg,51.95066,13.09874
Schmölen,Sachsen,51.36439,12.68831
Schmölln,Brandenburg,53.3194,13.87248
Schmölln,Sachsen,51.13443,14.20201
Schmölln,Thüringen,50.88529,12.31009
Schmölz,Bayern,50.22833,11.5557
Schnabelwaid,Bayern,49.81231,11.58316
Schnackenburg,Niedersachsen,53.03558,11.53894
Schnackenwöhr,Bayern,49.89052,11.34177
Schnaditz,Sachsen,51.60345,12.65036
Schnaidt,Bayern,47.83296,12.74977
Schnaitsee,Bayern,48.07938,12.38616
Schnaittach,Bayern,49.56909,11.34851
Schnaittenbach,Bayern,49.54415,12.04707
Schnakenbek,Schlewig-Holstein,53.3871,10.51981
Schnarup-Thumby,Schlewig-Holstein,54.63823,9.63865
Schnatzlreut,Bayern,47.86197,12.70615
Schneckengrün,Sachsen,50.4863,12.13816
Schneckenhausen,Rheinland-Pfalz,49.54901,7.7543
Schneckenlohe,Bayern,50.20896,11.1969
Schneeberg,Bayern,49.64039,9.24725
Schneeberg,Brandenburg,52.15111,14.14896
Schneeberg,Sachsen,50.59098,12.64003
Schnega,Niedersachsen,52.88931,10.89135
Schneidenbach,Sachsen,50.62036,12.3218
Schneiderkrug,Niedersachsen,52.82722,8.2015
Schneidlingen,Sachsen-Anhalt,51.941,11.42505
Schneidmühle,Rheinland-Pfalz,50.20139,7.85813
Schneizlreuth,Bayern,47.69011,12.80179
Schnelldorf,Bayern,49.19833,10.17803
Schnellin,Sachsen-Anhalt,51.78455,12.65939
Schnellmannshausen,Thüringen,51.0525,10.24825
Schneppenbach,Rheinland-Pfalz,49.781,7.41761
Schneverdingen,Niedersachsen,53.13696,9.81898
Schnorbach,Rheinland-Pfalz,49.98832,7.64297
Schnürpflingen,Baden-Württemberg,48.25858,10.00155
Schobüll,Schlewig-Holstein,51.16569,10.45153
Schochen,Bayern,47.92526,10.31087
Schochwitz,Sachsen-Anhalt,51.45646,11.81881
Schoden,Rheinland-Pfalz,49.63944,6.54156
Scholen,Niedersachsen,52.77498,8.75076
Schollbrunn,Bayern,49.83486,9.46417
Schollene,Sachsen-Anhalt,52.5979,12.52041
Scholmunderhof,Rheinland-Pfalz,49.92935,7.19575
Scholterhaus,Baden-Württemberg,48.08972,9.80792
Schonach,Baden-Württemberg,48.14243,8.20278
Schondorf,Bayern,48.04875,11.09081
Schondra,Bayern,50.26972,9.85985
Schongau,Bayern,47.81612,10.8927
Schonstett,Bayern,47.98752,12.2592
Schonterhöhe,Baden-Württemberg,48.6108,9.83555
Schonungen,Bayern,50.04943,10.30922
Schopfheim,Baden-Württemberg,47.64469,7.83224
Schopfloch,Baden-Württemberg,48.42693,8.54546
Schopfloch,Bayern,49.12041,10.30545
Schopp,Rheinland-Pfalz,49.35218,7.68935
Schopsdorf,Sachsen-Anhalt,52.14254,11.95492
Schorbus,Brandenburg,51.7437,14.41743
Schoren,Baden-Württemberg,48.1264,8.33714
Schorlenberg,Rheinland-Pfalz,49.49311,7.89885
Schorndorf,Baden-Württemberg,48.77834,9.53103
Schorndorf,Bayern,49.16115,12.59318
Schornsheim,Rheinland-Pfalz,49.83958,8.15934
Schorstedt,Sachsen-Anhalt,52.78907,11.72233
Schortens,Niedersachsen,53.54767,7.96732
Schortewitz,Sachsen-Anhalt,51.71349,12.0183
Schossin,Mecklenburg-Vorpommern,53.57352,11.3027
Schotten,Hessen,50.50741,9.14205
Schottersmühle,Bayern,49.84774,11.34686
Schraden,Brandenburg,51.46716,13.61974
Schramberg,Baden-Württemberg,48.23416,8.43747
Schrampe,Sachsen-Anhalt,52.85946,11.44928
Schrapfendorf,Thüringen,51.0525,10.24825
Schraplau,Sachsen-Anhalt,51.42958,11.61077
Schrebitz,Sachsen,51.09541,13.46418
Schrecksbach,Hessen,50.84069,9.29322
Schrenz,Sachsen-Anhalt,51.63745,12.13243
Schrepkow,Brandenburg,52.98479,12.35979
Schrepperie,Schlewig-Holstein,54.71794,9.79259
Schretstaken,Schlewig-Holstein,53.55673,10.51734
Schreyerhof,Baden-Württemberg,48.99465,9.18275
Schriesheim,Baden-Württemberg,49.47487,8.71973
Schrobenhausen,Bayern,48.56294,11.2323
Schrozberg,Baden-Württemberg,49.3508,9.99192
Schrum,Schlewig-Holstein,54.21905,9.28347
Schuby,Schlewig-Holstein,54.51526,9.47248
Schuckmannshöhe,Mecklenburg-Vorpommern,53.30035,14.21503
Schuhegg,Bayern,47.91056,12.8186
Schuhlen-Wiese,Brandenburg,51.99014,13.77779
Schuld,Rheinland-Pfalz,50.42268,6.90756
Schulenberg,Mecklenburg-Vorpommern,54.11052,12.65577
Schulenberg,Niedersachsen,51.82145,10.45811
Schulenbrook,Mecklenburg-Vorpommern,53.84194,11.45942
Schulendorf,Schlewig-Holstein,53.49317,10.56497
Schulzendorf,Brandenburg,52.70549,13.34383
Schummhof,Baden-Württemberg,49.14113,10.04932
Schurrenhof,Baden-Württemberg,48.69374,9.8127
Schuttertal,Baden-Württemberg,48.24732,7.95406
Schutterwald,Baden-Württemberg,48.45906,7.88681
Schutz,Rheinland-Pfalz,50.13325,6.7214
Schutzbach,Rheinland-Pfalz,50.70793,7.98185
Schwaan,Mecklenburg-Vorpommern,53.93303,12.10239
Schwaara,Thüringen,50.91442,12.13504
Schwabach,Bayern,49.31777,11.02358
Schwabbruck,Bayern,47.82206,10.83056
Schwabeck,Brandenburg,51.95066,13.09874
Schwabenheim,Rheinland-Pfalz,49.94794,8.15828
Schwaberow,Mecklenburg-Vorpommern,53.40188,11.24957
Schwabert,Rheinland-Pfalz,49.99551,6.23244
Schwabhausen,Bayern,48.30306,11.35543
Schwabhausen,Thüringen,50.8969,10.76719
Schwabmünchen,Bayern,48.19932,10.70968
Schwabsoien,Bayern,47.8437,10.81311
Schwabstedt,Schlewig-Holstein,54.40229,9.19377
Schwaförden,Niedersachsen,52.73718,8.82354
Schwaig,Bayern,49.47188,11.19955
Schwaigen,Bayern,47.60771,11.13973
Schwaigern,Baden-Württemberg,49.1442,9.0306
Schwaikheim,Baden-Württemberg,48.87937,9.35162
Schwalbach,Hessen,50.15114,8.53101
Schwalbach,Saarland,49.31095,6.83283
Schwalberhof,Rheinland-Pfalz,50.24828,7.44801
Schwall,Rheinland-Pfalz,50.15582,7.55578
Schwallungen,Thüringen,50.70723,10.25313
Schwalmstadt,Hessen,50.91974,9.22357
Schwalmtal,Hessen,50.69669,9.32637
Schwalmtal,Nordrhein-Westfalen,51.21131,6.25938
Schwammgraben,Bayern,47.83296,12.74977
Schwanau,Baden-Württemberg,48.36712,7.76231
Schwanbeck,Mecklenburg-Vorpommern,53.60793,13.47528
Schwandorf,Bayern,49.3245,12.07634
Schwanebeck,Brandenburg,52.4101,13.06868
Schwanebeck,Sachsen-Anhalt,51.94192,11.23244
Schwaneberg,Brandenburg,53.3194,13.87248
Schwaneberg,Sachsen-Anhalt,52.03183,11.51991
Schwanefeld,Sachsen-Anhalt,52.22486,11.30453
Schwanenmühle,Rheinland-Pfalz,49.38948,7.61506
Schwanensee,Brandenburg,52.96478,12.02786
Schwanewede,Niedersachsen,53.24444,8.57504
Schwanfeld,Bayern,49.92023,10.13644
Schwangau,Bayern,47.57787,10.73825
Schwanheide,Mecklenburg-Vorpommern,53.40359,10.76152
Schwanheim,Rheinland-Pfalz,49.20934,7.87957
Schwanow,Brandenburg,53.11224,12.90053
Schwansee,Thüringen,51.09237,11.09922
Schwanstetten,Bayern,49.30075,11.12177
Schwante,Brandenburg,52.68143,13.14458
Schwarme,Niedersachsen,52.87604,9.06094
Schwarmstedt,Niedersachsen,52.67635,9.61784
Schwartbuck,Schlewig-Holstein,54.35831,10.47798
Schwarz,Mecklenburg-Vorpommern,53.27538,12.81752
Schwarz,Sachsen-Anhalt,51.90367,11.83496
Schwarza,Thüringen,50.66639,10.55494
Schwarzach,Baden-Württemberg,49.38785,8.98527
Schwarzach,Bayern,49.38161,11.76578
Schwarzbach,Brandenburg,51.45661,13.86426
Schwarzbach,Rheinland-Pfalz,50.13897,6.34764
Schwarzbach,Sachsen,51.04474,12.79055
Schwarzbach,Thüringen,50.63561,11.43494
Schwarzburg,Thüringen,50.6454,11.20136
Schwarze Pumpe,Brandenburg,51.16569,10.45153
Schwarzen,Rheinland-Pfalz,49.94321,7.40837
Schwarzenbach,Bayern,49.72382,11.99944
Schwarzenbach a Wald,Bayern,50.28388,11.62287
Schwarzenbach a d Saale,Bayern,50.20233,11.91149
Schwarzenbek,Schlewig-Holstein,53.55673,10.51734
Schwarzenberg,Bayern,47.83296,12.74977
Schwarzenberg,Sachsen,50.52933,12.77012
Schwarzenborn,Hessen,50.91144,9.4473
Schwarzenborn,Rheinland-Pfalz,50.07866,6.77218
Schwarzenbruck,Bayern,49.34005,11.26941
Schwarzenfeld,Bayern,49.38815,12.1351
Schwarzengraben,Rheinland-Pfalz,49.68485,7.86912
Schwarzenhof b Groß Gievitz,Mecklenburg-Vorpommern,53.51459,12.73048
Schwarzerden,Rheinland-Pfalz,49.85152,7.52854
Schwarzhausen,Thüringen,50.87845,10.51152
Schwarzheide,Brandenburg,51.4809,13.85858
Schwarzhofen,Bayern,49.38908,12.33945
Schwarzholz,Sachsen-Anhalt,52.7276,11.95016
Schwebheim,Bayern,49.98958,10.26007
Schwechow,Mecklenburg-Vorpommern,53.40188,11.24957
Schwedelbach,Rheinland-Pfalz,49.48062,7.63106
Schwedeneck,Schlewig-Holstein,54.46116,10.10955
Schwedt,Brandenburg,53.07186,14.28628
Schwegenheim,Rheinland-Pfalz,49.26937,8.32945
Schweich,Rheinland-Pfalz,49.83337,6.73863
Schweickershausen,Thüringen,50.2795,10.72455
Schweigen-Rechtenbach,Rheinland-Pfalz,49.08987,7.96204
Schweighausen,Rheinland-Pfalz,50.30837,7.80944
Schweighofen,Rheinland-Pfalz,49.08987,7.96204
Schweiler,Rheinland-Pfalz,50.24031,6.28701
Schweina,Thüringen,50.83338,10.3696
Schweinbach,Thüringen,50.58139,11.47863
Schweindorf,Niedersachsen,53.59025,7.45803
Schweinfurt,Bayern,50.0465,10.22189
Schweinfurter Haus,Bayern,50.48813,10.14085
Schweinitz,Sachsen-Anhalt,51.97718,12.55964
Schweinrich,Brandenburg,53.12115,12.51526
Schweinschied,Rheinland-Pfalz,49.6671,7.61116
Schweisweiler,Rheinland-Pfalz,49.65376,7.87329
Schweitenkirchen,Bayern,48.52451,11.61563
Schweix,Rheinland-Pfalz,49.1291,7.54499
Schwellhäusl,Bayern,49.01769,13.23782
Schwelm,Nordrhein-Westfalen,51.28295,7.29101
Schweltholm,Schlewig-Holstein,54.63618,9.87124
Schwemsal,Sachsen-Anhalt,51.6585,12.42901
Schwenda,Sachsen-Anhalt,51.16569,10.45153
Schwendi,Baden-Württemberg,48.19145,9.96494
Schwenkenhof,Baden-Württemberg,48.39752,8.4676
Schwenningen,Baden-Württemberg,48.10592,9.0001
Schwenningen,Bayern,48.655,10.64802
Schwepnitz,Sachsen,51.26567,13.90437
Schweppenhausen,Rheinland-Pfalz,49.96077,7.71575
Schwerbach,Rheinland-Pfalz,49.8793,7.33671
Schwerborn,Thüringen,51.09237,11.09922
Schwerin,Brandenburg,52.18939,13.76628
Schwerin,Mecklenburg-Vorpommern,53.62559,11.40596
Schweringen,Niedersachsen,52.77967,9.13064
"Schweringen, Ziegelei",Niedersachsen,52.77924,9.22168
Schwerinsburg,Mecklenburg-Vorpommern,53.79552,13.76374
Schwerinsdorf,Niedersachsen,53.30572,7.59382
Schwerstedt,Thüringen,51.11539,11.13564
Schwerte,Nordrhein-Westfalen,51.42893,7.56563
Schwerz,Sachsen-Anhalt,51.53243,12.11555
Schwerzko,Brandenburg,52.0884,14.6454
Schwesing,Schlewig-Holstein,54.45665,9.05933
Schwetzingen,Baden-Württemberg,49.38242,8.58747
Schwichtenberg,Mecklenburg-Vorpommern,53.60793,13.47528
Schwickershausen,Thüringen,50.44895,10.44788
Schwieberdingen,Baden-Württemberg,48.8808,9.08132
Schwienau,Niedersachsen,52.99193,10.39504
Schwiesau,Sachsen-Anhalt,52.53867,11.40509
Schwifting,Bayern,48.04747,10.92836
Schwindegg,Bayern,48.27174,12.25877
Schwinkendorf,Mecklenburg-Vorpommern,53.73868,12.76657
Schwirzheim,Rheinland-Pfalz,50.13897,6.34764
Schwissel,Schlewig-Holstein,53.92727,10.29327
Schwittersdorf,Sachsen-Anhalt,51.552,11.61145
Schwittschau,Schlewig-Holstein,54.51725,9.37421
Schwobfeld,Thüringen,51.36287,10.07218
Schwollen,Rheinland-Pfalz,49.70508,7.16398
Schwäbisch Gmünd,Baden-Württemberg,48.80529,9.82954
Schwäbisch Hall,Baden-Württemberg,49.12576,9.75441
Schwörstadt,Baden-Württemberg,47.60784,7.86437
Schwülper,Niedersachsen,52.34237,10.44569
Schäftlarn,Bayern,47.99029,11.45743
Schänitz,Sachsen,51.09541,13.46418
Schäpe,Brandenburg,52.22866,12.92762
Schäplitz,Sachsen-Anhalt,52.62268,11.65093
Schöbendorf,Brandenburg,52.03348,13.50421
Schöchleinsmühle,Bayern,49.90388,11.41636
Schöffengrund,Hessen,50.49564,8.47097
Schöfweg,Bayern,48.8389,13.23007
Schöllbronner Mühle,Baden-Württemberg,48.84285,8.44979
Schöllkrippen,Bayern,50.08885,9.23967
Schöllnach,Bayern,48.75389,13.17724
Schöllnitz,Brandenburg,51.64968,14.0256
Schömberg,Baden-Württemberg,48.49769,8.69721
Schömberg,Thüringen,50.77886,12.01822
Schömerich,Rheinland-Pfalz,49.60112,6.68743
Schöna,Sachsen,51.18759,13.42053
Schöna-Kolpien,Brandenburg,51.74171,13.42121
Schönaich,Baden-Württemberg,48.65954,9.06131
Schönau,Baden-Württemberg,48.608,8.35149
Schönau,Bayern,48.83552,11.99947
Schönau,Rheinland-Pfalz,49.09014,7.67303
Schönau v d Walde,Thüringen,50.85798,10.56414
Schönau-Berzdorf,Sachsen,51.01567,14.93134
Schönbach,Rheinland-Pfalz,50.17706,6.88055
Schönbach,Sachsen,51.0774,14.65558
Schönbach,Thüringen,50.60956,12.17024
Schönbeck,Mecklenburg-Vorpommern,53.5353,13.59334
Schönbek,Schlewig-Holstein,54.159,10.02726
Schönberg,Bayern,48.59121,12.88958
Schönberg,Brandenburg,52.97585,12.6724
Schönberg,Mecklenburg-Vorpommern,53.83187,10.87156
Schönberg,Rheinland-Pfalz,49.76052,6.9528
Schönberg,Sachsen,50.69229,12.24036
Schönberg,Sachsen-Anhalt,52.88777,11.75233
Schönberg,Schlewig-Holstein,53.99712,10.4057
Schönborn,Brandenburg,51.64717,13.49567
Schönborn,Rheinland-Pfalz,49.97971,7.77902
Schönborn,Sachsen,51.17855,13.7867
Schönbornerhof,Rheinland-Pfalz,49.65219,7.59042
Schönbrunn,Baden-Württemberg,49.41184,8.92696
Schönbrunn,Bayern,49.85854,10.68963
Schönbrunn,Sachsen,50.52925,12.50539
Schönbrunn,Thüringen,50.53285,10.897
Schönburg,Sachsen-Anhalt,51.10502,11.82778
Schöndorf,Rheinland-Pfalz,49.67873,6.74208
Schöndorf,Thüringen,50.5998,11.71302
Schöne Aussicht,Rheinland-Pfalz,50.31612,7.69362
"Schöne Aussicht, Gem Landkern",Rheinland-Pfalz,50.25166,7.07828
"Schöne Aussicht, Gem Masburg",Rheinland-Pfalz,50.25166,7.07828
Schönebeck,Brandenburg,53.13447,12.18056
Schönebeck,Sachsen-Anhalt,52.00914,11.74705
Schöneberg,Brandenburg,53.04259,13.98426
Schöneberg,Rheinland-Pfalz,50.31349,7.65388
Schöneck,Hessen,50.20341,8.83606
Schöneck,Sachsen,50.38806,12.33289
Schönecken,Rheinland-Pfalz,50.15848,6.45936
Schönefeld,Brandenburg,52.22937,13.25741
Schöneiche,Brandenburg,52.35224,13.56529
Schöneicher Plan,Brandenburg,52.25648,13.53819
Schönenberg,Baden-Württemberg,47.77925,7.89383
Schönenberg-Kübelberg,Rheinland-Pfalz,49.40408,7.39068
Schönerlinde,Brandenburg,51.16569,10.45153
Schönermark,Brandenburg,53.06917,13.34985
Schönewalde,Brandenburg,51.72081,13.2298
Schönewerda,Thüringen,51.36678,11.29191
Schönewörde,Niedersachsen,52.63224,10.62722
Schönfeld,Brandenburg,53.07343,13.4617
Schönfeld,Mecklenburg-Vorpommern,53.73537,11.99948
Schönfeld,Sachsen,50.94698,13.34844
Schönfeld,Sachsen-Anhalt,52.58293,12.03886
Schönfeld,Thüringen,51.36678,11.29191
Schönfelde,Brandenburg,52.38647,14.19504
Schönfels,Sachsen,50.69254,12.4263
Schönfließ,Brandenburg,52.54458,13.91309
Schöngeising,Bayern,48.13701,11.20054
Schöngleina,Thüringen,50.85628,11.77906
Schönhagen,Brandenburg,52.78368,12.57628
Schönhagen,Thüringen,51.36287,10.07218
Schönhagener Mühle,Brandenburg,53.13447,12.18056
Schönhausen,Mecklenburg-Vorpommern,53.4504,13.80473
Schönhausen,Sachsen-Anhalt,52.58293,12.03886
Schönheide,Sachsen,50.49342,12.52332
Schönhof,Mecklenburg-Vorpommern,53.84653,11.18732
Schönholz,Brandenburg,52.92288,12.16913
Schönhorn Forsthaus,Brandenburg,53.18071,13.14428
Schönhorst,Schlewig-Holstein,54.24198,10.08912
Schöningen,Niedersachsen,52.13943,10.96022
Schönkirchen,Schlewig-Holstein,54.33916,10.22265
Schönlage,Mecklenburg-Vorpommern,53.71009,11.68974
Schönow,Brandenburg,52.94937,13.88837
Schönsee,Bayern,49.51248,12.53362
Schönstedt,Thüringen,51.09493,10.62322
Schöntal,Baden-Württemberg,49.34811,9.54182
Schönteichen,Sachsen,51.24067,14.03283
Schönthal,Bayern,49.36014,12.60423
Schönwald,Baden-Württemberg,48.11112,8.20272
Schönwald,Bayern,50.20037,12.08815
Schönwalde,Brandenburg,51.91868,12.45449
Schönwalde,Mecklenburg-Vorpommern,53.50257,13.99953
Schönwalde,Sachsen-Anhalt,52.43399,11.81062
Schönwalde,Schlewig-Holstein,54.2057,10.75792
Schönwerder,Brandenburg,53.3194,13.87248
Schönwolde,Mecklenburg-Vorpommern,53.67731,11.11736
Schönwölkau,Sachsen,51.52335,12.30296
Schöppenstedt,Niedersachsen,52.14356,10.80059
Schöppingen,Nordrhein-Westfalen,52.09284,7.23906
Schöps,Thüringen,50.80012,11.58376
Schöpstal,Sachsen,51.14685,14.88522
Schörghof,Bayern,47.84553,11.15636
Schülldorf,Schlewig-Holstein,54.31419,9.72272
Schüller,Rheinland-Pfalz,50.33096,6.56652
Schülp,Schlewig-Holstein,54.20733,9.46806
Schülperneuensiel,Schlewig-Holstein,54.20311,8.91386
Schünow,Brandenburg,52.22567,13.43068
Schürdt,Rheinland-Pfalz,50.64756,7.52776
Schürensöhlen,Schlewig-Holstein,53.74593,10.48397
Schüttorf,Niedersachsen,52.34423,7.20805
Schütz,Bayern,47.83296,12.74977
Schützberg,Sachsen-Anhalt,51.83464,12.98299
Schützenhof,Baden-Württemberg,48.76021,9.68666
Sebnitz,Sachsen,50.97307,14.27302
Sechzehneichen,Brandenburg,52.98479,12.35979
Seck,Rheinland-Pfalz,50.57669,8.04837
Seckach,Baden-Württemberg,49.44281,9.33585
Seddin,Brandenburg,53.11688,11.92614
Seddiner See,Brandenburg,52.27946,13.00514
Sedlitz,Brandenburg,51.50503,13.96933
Seebach,Baden-Württemberg,48.58374,8.19046
Seebach,Thüringen,50.91522,10.42475
Seebad Ahlbeck,Mecklenburg-Vorpommern,53.93924,14.18758
Seebad Bansin,Mecklenburg-Vorpommern,53.94046,14.07175
Seebad Heringsdorf,Mecklenburg-Vorpommern,53.94464,14.14255
Seebeck,Brandenburg,52.9669,12.98502
Seebenau,Sachsen-Anhalt,52.78368,10.87672
Seebergen,Thüringen,50.8969,10.76719
Seebruck,Bayern,47.93662,12.44965
Seeburg,Brandenburg,52.46992,12.99658
Seeburg,Niedersachsen,51.54071,10.16298
Seeburg,Sachsen-Anhalt,51.46083,11.67133
Seedorf,Niedersachsen,53.26798,9.27257
Seedorf,Schlewig-Holstein,53.8299,10.6055
Seefeld,Bayern,48.03836,11.23309
Seefeld,Brandenburg,52.87751,12.92731
Seefeld,Mecklenburg-Vorpommern,53.84653,11.18732
Seefeld,Schlewig-Holstein,54.12177,9.40193
Seeg,Bayern,47.63818,10.61318
Seega,Thüringen,51.35633,11.11089
Seegrehna,Sachsen-Anhalt,51.84618,12.63547
Seehaus,Bayern,49.99939,11.85107
Seehausen,Bayern,47.68198,11.19497
Seehausen,Brandenburg,52.63503,13.48561
Seehausen,Sachsen-Anhalt,52.51766,11.4865
Seehausen,Thüringen,51.35633,11.11089
Seeheim-Jugenheim,Hessen,49.762,8.6585
Seehof,Mecklenburg-Vorpommern,53.72237,11.41783
Seekirch,Baden-Württemberg,48.06185,9.60795
Seelbach,Baden-Württemberg,48.29478,7.93993
Seelbach,Rheinland-Pfalz,50.57377,7.66977
Seeleiten,Bayern,48.03278,12.30562
Seelen,Rheinland-Pfalz,49.6671,7.61116
Seelensdorf,Brandenburg,52.50645,12.46318
Seelingstädt,Thüringen,50.86449,12.18073
Seelitz,Sachsen,51.04474,12.79055
Seelow,Brandenburg,52.4943,14.36042
Seelze,Niedersachsen,52.3903,9.56887
Seeon,Bayern,47.9758,12.46112
Seepoint,Bayern,48.52365,12.20536
Seerhausen,Sachsen,51.26068,13.23232
Seesbach,Rheinland-Pfalz,49.85152,7.52854
Seesen,Niedersachsen,51.89902,10.18489
Seeshaupt,Bayern,47.81398,11.27355
Seester,Schlewig-Holstein,53.71532,9.61464
Seestermühe,Schlewig-Holstein,53.69285,9.554
Seeth,Schlewig-Holstein,54.36612,9.16403
Seeth-Ekholt,Schlewig-Holstein,53.75073,9.71782
Seethen,Sachsen-Anhalt,52.53867,11.40509
Seetz,Brandenburg,53.1628,11.7454
Seevetal,Niedersachsen,53.38975,10.02823
Seewald,Baden-Württemberg,48.59706,8.42184
Seewiesen,Bayern,48.00909,11.32587
Seffern,Rheinland-Pfalz,49.99789,6.49627
Sefferweich,Rheinland-Pfalz,49.99789,6.49627
Segeletz,Brandenburg,52.8583,12.43437
Segeletz Bahnhof,Brandenburg,52.8583,12.43437
Seggebruch,Niedersachsen,52.30293,9.11534
Seggerde,Sachsen-Anhalt,52.32959,11.11053
Segnitz,Bayern,49.62522,10.14393
Sehestedt,Schlewig-Holstein,54.36922,9.81972
Sehlde,Niedersachsen,52.02665,10.25392
Sehlem,Niedersachsen,52.01119,9.97445
Sehlem,Rheinland-Pfalz,49.95221,6.81812
Sehlen,Mecklenburg-Vorpommern,54.41174,13.42585
Sehmatal-Cranzahl,Sachsen,50.48468,12.98061
Sehmatal-Neudorf,Sachsen,50.48468,12.98061
Sehmatal-Sehma,Sachsen,50.48468,12.98061
Sehnde,Niedersachsen,52.31343,9.97579
Seibersbach,Rheinland-Pfalz,49.96077,7.71575
Seibis,Thüringen,50.41323,11.69093
Seidewitz,Sachsen,51.21877,12.75372
Seidingstadt,Thüringen,50.40422,10.70779
Seifartsdorf,Thüringen,50.96331,11.98367
Seifen,Rheinland-Pfalz,50.64756,7.52776
Seifhennersdorf,Sachsen,50.9353,14.60739
Seilershof,Brandenburg,53.05639,13.10828
Seinsfeld,Rheinland-Pfalz,50.05755,6.60138
Seinsheim,Bayern,49.659,10.16443
Seisla,Thüringen,50.66201,11.56757
Seitenroda,Thüringen,50.80012,11.58376
Seitershof,Rheinland-Pfalz,49.31719,7.52115
Seitingen-Oberflacht,Baden-Württemberg,48.01742,8.7266
Seiwerath,Rheinland-Pfalz,50.13897,6.34764
Selb,Bayern,50.15976,12.1187
Selbach,Rheinland-Pfalz,50.77426,7.77423
Selbelang,Brandenburg,52.63142,12.81202
Selben,Sachsen,51.52335,12.30296
Selberting,Bayern,47.91476,12.71913
Selbitz,Bayern,50.31592,11.74865
Selbitz,Sachsen-Anhalt,51.72882,12.45493
Selchenbach,Rheinland-Pfalz,49.56984,7.35799
Selchow,Brandenburg,52.29923,13.65607
Selent,Schlewig-Holstein,54.28984,10.43091
Selfkant,Nordrhein-Westfalen,51.01611,5.98177
Seligenstadt,Hessen,50.03411,8.94856
Seligweiler,Bayern,48.43659,9.981
Selk,Schlewig-Holstein,54.47312,9.58091
Sellendorf,Brandenburg,51.97487,13.59976
Sellerich,Rheinland-Pfalz,50.24031,6.28701
Sellessen,Brandenburg,51.5838,14.37591
Sellin,Mecklenburg-Vorpommern,54.10341,12.69056
Selm,Nordrhein-Westfalen,51.67749,7.48378
Selmsdorf,Mecklenburg-Vorpommern,53.83187,10.87156
Selow,Mecklenburg-Vorpommern,53.86087,11.94391
Selpin,Mecklenburg-Vorpommern,54.0282,12.46361
Selsingen,Niedersachsen,53.39969,9.25824
Seltendorf,Thüringen,50.39618,11.0055
Selters,Hessen,50.35377,8.27742
Selters,Rheinland-Pfalz,50.53048,7.75282
Selzen,Rheinland-Pfalz,49.83783,8.25653
Sembach,Rheinland-Pfalz,49.51141,7.86495
Semlow,Mecklenburg-Vorpommern,54.11052,12.65577
Semmenstedt,Niedersachsen,52.09374,10.70067
Semmerin,Mecklenburg-Vorpommern,53.27783,11.6271
Senden,Bayern,48.32357,10.06329
Senden,Nordrhein-Westfalen,51.8574,7.49146
Sendenhorst,Nordrhein-Westfalen,51.85894,7.79397
Senftenberg,Brandenburg,51.50503,13.96933
Senftenhütte,Brandenburg,52.87955,13.8171
Sengenthal,Bayern,49.21932,11.4511
Sengerich,Rheinland-Pfalz,50.13772,6.21658
Senheim,Rheinland-Pfalz,50.08592,7.21099
Sennewitz,Sachsen-Anhalt,51.60535,11.927
Sennfeld,Bayern,50.04378,10.263
Sennhütte,Hessen,50.7683,9.69389
Sensbachtal,Hessen,49.53336,9.02542
Senscheid,Rheinland-Pfalz,50.42268,6.90756
Senst,Sachsen-Anhalt,51.93811,12.43055
Sensweiler,Rheinland-Pfalz,49.8124,7.25528
Senzig,Brandenburg,52.29584,13.7901
Senzke,Brandenburg,52.73483,12.57911
Serba,Thüringen,50.93901,11.75028
Sereetz,Schlewig-Holstein,53.93104,10.68726
Sereetzerfeld,Schlewig-Holstein,53.93104,10.68726
Sergen,Brandenburg,51.7437,14.41743
Serno,Sachsen-Anhalt,51.92402,12.25986
Sernow,Brandenburg,51.95066,13.09874
Serrig,Rheinland-Pfalz,49.57929,6.60904
Sersheim,Baden-Württemberg,48.95887,9.01299
Serwest,Brandenburg,52.87955,13.8171
Sessenbach,Rheinland-Pfalz,50.49686,7.71056
Sessenhausen,Rheinland-Pfalz,50.553,7.80532
Seth,Schlewig-Holstein,53.83793,10.18284
Settin,Mecklenburg-Vorpommern,53.5778,11.69466
Setzin,Mecklenburg-Vorpommern,53.40188,11.24957
Setzingen,Baden-Württemberg,48.50606,10.10929
Setzsteig,Brandenburg,52.11411,12.45576
Seubersdorf,Bayern,49.16577,11.62594
Seukendorf,Bayern,49.45657,10.86168
Seulingen,Niedersachsen,51.54071,10.16298
Seupahn,Sachsen,51.04474,12.79055
Sevenig,Rheinland-Pfalz,50.07192,6.20192
Severin,Mecklenburg-Vorpommern,53.5239,11.79548
Sewekow,Brandenburg,53.12115,12.51526
Sexau,Baden-Württemberg,48.11109,7.91925
Seybothenreuth,Bayern,49.88703,11.68675
Seyda,Sachsen-Anhalt,51.16569,10.45153
Seßlach,Bayern,50.1906,10.84322
Sibbesse,Niedersachsen,52.04113,9.91319
Sichau,Sachsen-Anhalt,52.49571,11.17824
Sickerode,Thüringen,51.38965,10.16816
Sickingerhof,Rheinland-Pfalz,49.54901,7.7543
Sickte,Niedersachsen,52.21634,10.63707
Siebeldingen,Rheinland-Pfalz,49.23721,8.0906
Siebenbach,Rheinland-Pfalz,50.36912,7.15165
Siebenbäumen,Schlewig-Holstein,53.74593,10.48397
Siebeneichen,Schlewig-Holstein,53.47932,10.61596
Siebenlehn,Sachsen,51.03903,13.35511
Siebigerode,Sachsen-Anhalt,51.58307,11.49236
Siedenbollentin,Mecklenburg-Vorpommern,53.76084,13.29507
Siedenbrünzow,Mecklenburg-Vorpommern,53.83658,13.01175
Siedenburg,Niedersachsen,52.71619,8.98586
Siedenheide,Mecklenburg-Vorpommern,53.27538,12.81752
Siedenlangenbeck,Sachsen-Anhalt,52.79643,11.33372
Siedlung Bergheide,Brandenburg,52.30971,13.07311
Siefersheim,Rheinland-Pfalz,49.78207,7.96296
Siegadel,Brandenburg,51.91288,14.12376
Siegbach,Hessen,50.73538,8.41572
Siegburg,Nordrhein-Westfalen,50.80005,7.21184
Siegelhausen,Baden-Württemberg,48.92098,9.33958
Siegelsbach,Baden-Württemberg,49.27097,9.08651
Siegen,Nordrhein-Westfalen,50.88026,8.01659
Siegenburg,Bayern,48.7537,11.84857
Siegmundsburg,Thüringen,50.47463,11.06966
Siegsdorf,Bayern,47.80738,12.66483
Siek,Schlewig-Holstein,53.62694,10.27818
Sielbek,Schlewig-Holstein,53.93104,10.68726
Sielenbach,Bayern,48.40272,11.16551
Siemerode,Thüringen,51.38965,10.16816
Sien,Rheinland-Pfalz,49.8124,7.25528
Sienhachenbach,Rheinland-Pfalz,49.8124,7.25528
Sierksdorf,Schlewig-Holstein,54.13364,10.82251
Sierksrade,Schlewig-Holstein,53.74593,10.48397
Sierscheid,Rheinland-Pfalz,50.42268,6.90756
Siershahn,Rheinland-Pfalz,50.48466,7.77637
Siersleben,Sachsen-Anhalt,51.58307,11.49236
Siesbach,Rheinland-Pfalz,49.70508,7.16398
Siestedt,Sachsen-Anhalt,52.32959,11.11053
Siethen,Brandenburg,52.27808,13.25691
Sietow,Mecklenburg-Vorpommern,53.32468,12.45353
Sietzing,Brandenburg,52.64405,14.36122
Sietzsch,Sachsen-Anhalt,51.53243,12.11555
Sieversdorf,Brandenburg,52.57587,13.46165
Sievershagen,Mecklenburg-Vorpommern,53.84653,11.18732
Sievershütten,Schlewig-Holstein,53.85018,10.1035
Sieverstedt,Schlewig-Holstein,54.63997,9.46469
Siewisch,Brandenburg,51.65575,14.22417
Siezbüttel,Schlewig-Holstein,54.04702,9.4811
Siggelkow,Mecklenburg-Vorpommern,53.31812,11.92791
Sigmaringen,Baden-Württemberg,48.10195,9.17899
Sigmaringendorf,Baden-Württemberg,48.07015,9.26304
Sigmarszell,Bayern,47.58568,9.72472
Sigrön,Brandenburg,52.94993,11.96002
Silberfeld,Thüringen,50.62924,12.03912
Silberhaus,Bayern,50.01451,12.1117
Silberhausen,Thüringen,51.32506,10.29995
Silberhälden,Baden-Württemberg,48.9184,9.11922
Silberstedt,Schlewig-Holstein,54.51725,9.37421
Silbertal,Rheinland-Pfalz,49.4405,8.18182
Silbitz,Thüringen,50.96331,11.98367
Silkerode,Thüringen,51.5255,10.43203
Silz,Mecklenburg-Vorpommern,53.53348,12.42419
Silz,Rheinland-Pfalz,49.16228,7.95873
Silzen,Schlewig-Holstein,53.99365,9.63046
Simbach,Bayern,48.42884,12.88045
Simmelsdorf,Bayern,49.59698,11.33872
Simmerath,Nordrhein-Westfalen,50.61207,6.31942
Simmern,Rheinland-Pfalz,50.18307,7.63374
Simmersdorf,Brandenburg,51.7307,14.57682
Simmersfeld,Baden-Württemberg,48.62565,8.5115
Simmershofen,Bayern,49.53622,10.21878
Simmertal,Rheinland-Pfalz,49.81229,7.51974
Simmozheim,Baden-Württemberg,48.74999,8.80931
Simonsberg,Schlewig-Holstein,54.45665,9.05933
Simonshagen,Brandenburg,53.11688,11.92614
Simonshof,Brandenburg,53.1628,11.7454
Simonshof,Rheinland-Pfalz,49.62698,7.81437
Simonswald,Baden-Württemberg,48.07928,8.09362
Sindelfingen,Baden-Württemberg,48.71427,9.00605
Sindelsdorf,Bayern,47.72328,11.33246
Singen,Baden-Württemberg,47.7671,8.87224
Singen,Thüringen,50.75397,11.11105
Singhofen,Rheinland-Pfalz,50.28074,7.83452
Sinn,Hessen,50.65162,8.32863
Sinntal,Hessen,50.30232,9.61476
Sinsheim,Baden-Württemberg,49.24662,8.89484
Sinspelt,Rheinland-Pfalz,49.90874,6.31392
Sinzendorf,Bayern,49.37832,12.70581
Sinzheim,Baden-Württemberg,48.76239,8.16884
Sinzig,Rheinland-Pfalz,50.52838,7.22041
Sinzing,Bayern,48.99086,12.03507
Sippersfeld,Rheinland-Pfalz,49.54708,7.93329
Sipplingen,Baden-Württemberg,47.78874,9.1027
Siptenfelde,Sachsen-Anhalt,51.16569,10.45153
Sirksfelde,Schlewig-Holstein,53.69829,10.52664
Sittensen,Niedersachsen,53.29205,9.51779
Sitters,Rheinland-Pfalz,49.72731,7.77112
Sitzendorf,Thüringen,50.61378,11.20268
Sixenhof,Baden-Württemberg,48.82328,9.9623
Skaup,Sachsen,51.28346,13.67654
Skoplau,Sachsen,51.13223,12.80021
Skäßchen,Sachsen,51.28346,13.67654
Soderstorf,Niedersachsen,53.14098,10.14633
Soest,Nordrhein-Westfalen,51.56273,8.09373
Sohl,Rheinland-Pfalz,50.54968,7.41915
Sohland,Sachsen,51.09259,14.61285
Sohnstedt,Thüringen,50.96935,11.15475
Sohren,Rheinland-Pfalz,49.93234,7.30882
Sohrschied,Rheinland-Pfalz,49.93234,7.30882
Solikante,Brandenburg,52.64405,14.36122
Solingen,Nordrhein-Westfalen,51.16497,7.05828
Solkwitz,Thüringen,50.70572,11.60129
Sollerup,Schlewig-Holstein,54.62064,9.37061
Sollstedt,Thüringen,51.33082,10.47262
Sollwitt,Schlewig-Holstein,54.57018,9.1792
Solms,Hessen,50.55196,8.4165
Solnhofen,Bayern,48.8972,10.99694
Solpke,Sachsen-Anhalt,52.53867,11.40509
Solsdorf,Thüringen,50.64584,11.25088
Soltau,Niedersachsen,53.0057,9.83092
Soltendieck,Niedersachsen,52.86885,10.77593
Soltow,Mecklenburg-Vorpommern,53.25568,10.94552
Sommerach,Bayern,49.84311,10.18951
Sommerau,Rheinland-Pfalz,49.71485,6.79303
Sommerfeld,Brandenburg,52.78381,13.008
Sommerhausen,Bayern,49.70708,10.01301
Sommerkahl,Bayern,50.08885,9.23967
Sommerland,Schlewig-Holstein,53.81095,9.6183
Sommerloch,Rheinland-Pfalz,49.86385,7.73176
Sommersdorf,Mecklenburg-Vorpommern,53.56847,13.61339
Sommersdorf,Sachsen-Anhalt,52.14756,11.22068
Sonderhof,Bayern,47.95466,10.48196
Sonderhofen,Bayern,49.57444,10.01855
Sondershausen,Thüringen,51.36577,10.89943
Sondheim,Bayern,50.48813,10.14085
Sonneberg,Thüringen,50.36968,11.18142
Sonneborn,Thüringen,50.8969,10.76719
Sonnefeld,Bayern,50.22194,11.13289
Sonnen,Bayern,48.68476,13.72343
Sonnenberg,Brandenburg,53.05639,13.10828
Sonnenberg-Winnenberg,Rheinland-Pfalz,49.70508,7.16398
Sonnenbühl,Baden-Württemberg,48.3817,9.1942
Sonnenhof,Baden-Württemberg,48.82979,9.23202
Sonnenreuth,Bayern,51.16569,10.45153
Sonnewalde,Brandenburg,51.70642,13.63103
Sonnschied,Rheinland-Pfalz,49.8124,7.25528
Sonsbeck,Nordrhein-Westfalen,51.62635,6.38011
Sontheim,Baden-Württemberg,48.55132,10.28163
Sontheim,Bayern,48.00048,10.36408
Sonthofen,Bayern,47.50928,10.28614
Sontra,Hessen,51.08014,9.95725
Sophienhamm,Schlewig-Holstein,54.29882,9.50302
Sophienholz,Mecklenburg-Vorpommern,53.98913,11.89085
Sophienstädt,Brandenburg,52.7836,13.49036
Sophienthal,Brandenburg,52.64405,14.36122
Sophienthal,Thüringen,50.40422,10.70779
Sorgbrück,Schlewig-Holstein,54.29882,9.50302
Sorge,Sachsen-Anhalt,51.74239,10.76526
Sornzig-Ablaß,Sachsen,51.23638,13.04522
Sosa,Sachsen,50.48265,12.66937
Sosberg,Rheinland-Pfalz,50.08943,7.2844
Sotterhausen,Sachsen-Anhalt,51.45058,11.23554
Sottrum,Niedersachsen,53.09871,9.21515
Soyen,Bayern,48.10771,12.21036
Spaatz,Brandenburg,52.5979,12.52041
Spabrücken,Rheinland-Pfalz,49.86385,7.73176
Spahl,Thüringen,50.73072,9.98459
Spahnharrenstätte,Niedersachsen,52.84113,7.51912
Spaichingen,Baden-Württemberg,48.07598,8.7447
Spall,Rheinland-Pfalz,49.86385,7.73176
Spalt,Bayern,49.18439,10.91743
Spaltenhof,Schlewig-Holstein,54.45665,9.05933
Spangdahlem,Rheinland-Pfalz,49.98531,6.69243
Spangenberg,Hessen,51.12354,9.69375
Spantekow,Mecklenburg-Vorpommern,53.76275,13.56938
Spardorf,Bayern,49.5973,11.07132
Sparneck,Bayern,50.16257,11.84314
Spatzenhausen,Bayern,47.71618,11.20211
Spay,Rheinland-Pfalz,50.25437,7.64728
Spechbach,Baden-Württemberg,49.3465,8.88424
Spechtsbrunn,Thüringen,50.5168,11.28297
Speicher,Rheinland-Pfalz,49.94066,6.66275
Speichersdorf,Bayern,49.86049,11.79377
Speichrow,Brandenburg,52.15111,14.14896
Speinshart,Bayern,49.76419,11.82242
Spelle,Niedersachsen,52.39209,7.47065
Spenge,Nordrhein-Westfalen,52.13263,8.45872
Sperenberg,Brandenburg,52.13528,13.3709
Spergau,Sachsen-Anhalt,51.32287,12.08202
Sperrhof,Baden-Württemberg,49.03002,10.09823
Spesenroth,Rheinland-Pfalz,50.07132,7.44511
Spessart,Rheinland-Pfalz,50.43079,7.1172
Speyer,Rheinland-Pfalz,49.32722,8.43522
Spickendorf,Sachsen-Anhalt,51.53243,12.11555
Spiegelau,Bayern,48.91418,13.35682
Spiegelberg,Baden-Württemberg,49.03752,9.44713
Spiegelhagen,Brandenburg,53.11688,11.92614
Spiekeroog,Niedersachsen,53.77112,7.69377
Spielberg,Bayern,51.16569,10.45153
Spielberg,Sachsen-Anhalt,51.13382,11.72678
Spielmannsholz,Rheinland-Pfalz,50.13772,6.21658
Spiesen-Elversberg,Saarland,49.31233,7.14631
Spiesheim,Rheinland-Pfalz,49.83958,8.15934
Spirkelbach,Rheinland-Pfalz,49.20934,7.87957
Spitalhaus,Bayern,49.21502,12.23514
Spittenreut,Bayern,47.83296,12.74977
Spittersberg,Bayern,48.03278,12.30562
"Spitzau, Gem Attenhofen",Bayern,48.67308,11.94627
Spitzkunnersdorf,Sachsen,50.95493,14.65194
Splietsdorf,Mecklenburg-Vorpommern,54.06675,12.93058
Sponheim,Rheinland-Pfalz,49.86385,7.73176
Sponholz,Mecklenburg-Vorpommern,53.60399,13.28988
Spora,Sachsen-Anhalt,50.98938,12.25136
Spornitz,Mecklenburg-Vorpommern,53.40765,11.72243
Spraitbach,Baden-Württemberg,48.88361,9.76409
Sprakebüll,Schlewig-Holstein,54.76989,9.01126
Sprakensehl,Niedersachsen,52.76588,10.48934
Spree,Sachsen,51.23279,14.89521
Spreeau,Brandenburg,52.34235,13.87464
Spreenhagen,Brandenburg,52.34235,13.87464
Spreetal,Sachsen,51.50538,14.22786
Spreewitz,Sachsen,51.50538,14.22786
Spreiterhof,Rheinland-Pfalz,49.62698,7.81437
Spremberg,Brandenburg,51.5838,14.37591
Sprendlingen,Rheinland-Pfalz,49.86006,7.98988
Spring,Brandenburg,52.11411,12.45576
Springe,Niedersachsen,52.20489,9.60499
Springhoe,Schlewig-Holstein,53.99365,9.63046
Springstille,Thüringen,50.70731,10.60131
Sprink,Rheinland-Pfalz,50.11017,6.92229
Spritzenmühle,Baden-Württemberg,49.66659,9.35223
Sprockhövel,Nordrhein-Westfalen,51.34366,7.24655
Sprotta,Sachsen,51.4869,12.6412
Sprung,Bayern,47.83296,12.74977
Sprötau,Thüringen,51.17087,11.16515
Sputendorf,Brandenburg,52.36147,13.19002
Spören,Sachsen-Anhalt,51.63745,12.13243
St Alban,Rheinland-Pfalz,49.68485,7.86912
St Gangloff,Thüringen,50.89461,11.85948
St Georgen,Bayern,47.96918,12.56712
St Johann,Rheinland-Pfalz,49.84573,8.04891
St Katharinen,Rheinland-Pfalz,50.58728,7.36018
St Leonhard,Bayern,47.94403,12.69994
St Martin,Rheinland-Pfalz,49.30041,8.10155
St Oswald,Bayern,48.89124,13.42844
St Ottilien,Bayern,48.09821,11.0578
St. Andreasberg,Niedersachsen,51.74045,10.52807
St. Annen,Schlewig-Holstein,54.3446,9.08258
St. Bernhard,Thüringen,50.50626,10.62202
St. Blasien,Baden-Württemberg,47.76421,8.1089
St. Egidien,Sachsen,50.78916,12.61452
St. Georgen,Baden-Württemberg,48.1264,8.33714
St. Goar,Rheinland-Pfalz,50.14818,7.70603
St. Goarshausen,Rheinland-Pfalz,50.19225,7.68574
St. Ingbert,Saarland,49.2776,7.13124
St. Johann,Baden-Württemberg,48.45011,9.34397
St. Kilian,Thüringen,50.53675,10.74503
St. Leon-Rot,Baden-Württemberg,49.25686,8.62653
St. Michaelisdonn,Schlewig-Holstein,53.99023,9.11455
St. Märgen,Baden-Württemberg,48.00782,8.093
St. Peter,Baden-Württemberg,48.02801,8.03715
St. Wendel,Saarland,49.44915,7.16218
Staakow,Brandenburg,51.99014,13.77779
Staats,Sachsen-Anhalt,52.62138,11.71825
Staben,Mecklenburg-Vorpommern,54.31077,12.49967
Stabhammer,Sachsen,50.49494,12.59966
Stackelitz,Sachsen-Anhalt,51.92402,12.25986
Stade,Niedersachsen,53.60078,9.48323
Stadecken-Elsheim,Rheinland-Pfalz,49.90289,8.13866
Stadelhofen,Bayern,50.00278,11.1979
Stadensen,Niedersachsen,51.16569,10.45153
Stadl,Bayern,47.83296,12.74977
Stadland,Niedersachsen,53.42554,8.38799
Stadlern,Bayern,49.50787,12.62233
Stadt Wehlen,Sachsen,50.95784,14.02475
Stadtallendorf,Hessen,50.84127,9.02003
"Stadtbek, Gem Bosau",Schlewig-Holstein,54.15081,10.34118
"Stadtbek, Gem Seedorf",Schlewig-Holstein,54.15081,10.34118
Stadtbekermühle,Schlewig-Holstein,54.15081,10.34118
Stadtbergen,Bayern,48.36409,10.83146
Stadthagen,Niedersachsen,52.31044,9.22514
Stadtilm,Thüringen,50.75397,11.11105
Stadtkyll,Rheinland-Pfalz,50.34095,6.52716
Stadtlauringen,Bayern,50.18635,10.36269
Stadtlengsfeld,Thüringen,50.76262,10.15593
Stadtlohn,Nordrhein-Westfalen,51.99836,6.92735
Stadtoldendorf,Niedersachsen,51.85165,9.61033
Stadtprozelten,Bayern,49.78297,9.40437
Stadtroda,Thüringen,50.85628,11.77906
Stadtsteinach,Bayern,50.16398,11.50576
Stadum,Schlewig-Holstein,54.76989,9.01126
Staffelde,Brandenburg,52.78381,13.008
Staffelde,Sachsen-Anhalt,52.7276,11.95016
Staffhorst,Niedersachsen,52.71619,8.98586
Stafstedt,Schlewig-Holstein,54.17054,9.66336
Stahlberg,Rheinland-Pfalz,49.65376,7.87329
Stahlhofen,Rheinland-Pfalz,50.48535,7.93291
Stahlhütte,Rheinland-Pfalz,50.41461,6.8077
Stahna,Sachsen,51.20212,13.27839
Stahnsdorf,Brandenburg,52.36147,13.19002
Staig,Baden-Württemberg,48.29544,9.9825
Staitz,Thüringen,50.69536,12.01062
Stakendorf,Schlewig-Holstein,54.39513,10.36466
Stalförden,Niedersachsen,52.88863,7.93397
Stallwang,Bayern,49.0509,12.65529
Stammbach,Bayern,50.14502,11.68999
Stammham,Bayern,48.5567,12.1518
Stampfl,Bayern,48.17294,12.31377
Stamsried,Bayern,49.26491,12.5335
Stanau,Thüringen,50.73505,11.72756
Standenbühl,Rheinland-Pfalz,49.59387,7.99801
Standorf,Baden-Württemberg,49.48366,9.87968
Stangenhagen,Brandenburg,52.23178,13.1885
Stangerode,Sachsen-Anhalt,51.63498,11.31101
Stanggaß,Bayern,47.63321,13.05171
Stangheck,Schlewig-Holstein,54.7442,9.90331
Stannewisch,Sachsen,51.23279,14.89521
Stapel,Niedersachsen,53.25568,10.94552
Stapelburg,Sachsen-Anhalt,51.89536,10.70342
Stapelfeld,Schlewig-Holstein,53.61549,10.2207
Stappenbeck,Sachsen-Anhalt,52.79643,11.33372
Starbach,Sachsen,51.07993,13.32311
Starkenberg,Thüringen,51.01804,12.35491
Starkenburg,Rheinland-Pfalz,49.92935,7.19575
Starnberg,Bayern,48.00909,11.32587
Starsiedel,Sachsen-Anhalt,51.25559,12.14097
Starzach,Baden-Württemberg,48.4324,8.80525
Starzberg,Bayern,51.16569,10.45153
Staucha,Sachsen,51.26068,13.23232
Stauchitz,Sachsen,51.26068,13.23232
Staudach-Egerndach,Bayern,47.79163,12.44512
Staudernheim,Rheinland-Pfalz,49.75984,7.67099
Staudt,Rheinland-Pfalz,50.47165,7.83528
Staufen,Baden-Württemberg,47.87476,7.7317
Staufenberg,Hessen,50.66001,8.73204
Staufenberg,Niedersachsen,51.3379,9.65692
Stausteinerhof,Rheinland-Pfalz,49.24198,7.37344
Staven,Mecklenburg-Vorpommern,53.60399,13.28988
Stavenhagen,Mecklenburg-Vorpommern,53.66892,12.93076
Stavenow,Brandenburg,53.1628,11.7454
Stavern,Niedersachsen,52.80203,7.44172
Staßfurt,Sachsen-Anhalt,51.8648,11.58228
Stebach,Rheinland-Pfalz,50.50511,7.63389
Stechau,Brandenburg,51.74171,13.42121
Stecherschleuse,Brandenburg,52.92156,14.07997
Stechow,Brandenburg,52.5979,12.52041
Steckenbergermühle,Rheinland-Pfalz,50.28074,7.83452
Stecklenberg,Sachsen-Anhalt,51.16569,10.45153
Stedesand,Schlewig-Holstein,54.76174,8.87535
Stedesdorf,Niedersachsen,53.64487,7.60792
Stedten,Sachsen-Anhalt,51.46083,11.67133
Stedten a Ettersberg,Thüringen,51.07341,11.29717
Stedtlingen,Thüringen,50.53061,10.35396
Steegen,Mecklenburg-Vorpommern,53.40188,11.24957
Steenfeld,Schlewig-Holstein,54.12177,9.40193
Steesow,Mecklenburg-Vorpommern,53.27783,11.6271
Stefansberg,Bayern,48.22839,11.24358
Steffeln,Rheinland-Pfalz,50.13897,6.34764
Steffenberg,Hessen,50.84043,8.46855
Steffenshagen,Brandenburg,53.13447,12.18056
Steffenshagen,Mecklenburg-Vorpommern,54.09947,11.87608
Steffenshof,Rheinland-Pfalz,50.07132,7.44511
Steffin,Mecklenburg-Vorpommern,53.82319,11.31747
Stegaurach,Bayern,49.85543,10.84668
Stegelitz,Brandenburg,53.18163,13.54788
Stegelitz,Sachsen-Anhalt,52.14254,11.95492
Stegen,Baden-Württemberg,47.99226,7.97794
Steigerthal,Thüringen,51.56962,10.87934
Steigra,Sachsen-Anhalt,51.34216,11.58123
Steimbke,Niedersachsen,52.65597,9.38843
Steimel,Rheinland-Pfalz,50.64911,7.69312
Steimke,Sachsen-Anhalt,52.62603,11.17187
Stein,Bayern,48.69332,11.76849
Stein,Schlewig-Holstein,54.40222,10.22559
Stein-Bockenheim,Rheinland-Pfalz,49.78207,7.96296
Stein-Neukirch,Rheinland-Pfalz,50.57669,8.04837
Stein-Wingert,Rheinland-Pfalz,50.69809,7.81941
Steina,Sachsen,51.24067,14.03283
Steinach,Baden-Württemberg,48.3031,8.05656
Steinach,Bayern,48.95389,12.60733
Steinach,Thüringen,50.44146,11.19634
Steinalben,Rheinland-Pfalz,49.38948,7.61506
Steinau,Bayern,48.17294,12.31377
Steinau,Hessen,50.32657,9.447
Steinau,Niedersachsen,53.69036,8.88014
Steinbach,Bayern,50.44083,11.37897
Steinbach,Hessen,50.16902,8.56958
Steinbach,Rheinland-Pfalz,49.74793,7.59913
Steinbach,Sachsen,50.77095,13.24846
Steinbach,Thüringen,50.91862,10.47825
Steinbach b Moritzburg,Sachsen,51.2012,13.74033
Steinbach-Hallenberg,Thüringen,50.70731,10.60131
Steinbeck,Brandenburg,52.79807,14.01577
Steinbeck,Mecklenburg-Vorpommern,53.67968,11.42224
Steinberg,Bayern,49.2683,12.169
Steinberg,Brandenburg,52.69214,12.10676
Steinberg,Sachsen,50.53907,12.50268
Steinberg,Schlewig-Holstein,54.75458,9.76053
Steinbergkirche,Schlewig-Holstein,54.75458,9.76053
Steinborn,Rheinland-Pfalz,50.05755,6.60138
Steinbrücken,Thüringen,51.47117,10.74226
Steinburg,Sachsen-Anhalt,51.18797,11.53109
Steinburg,Schlewig-Holstein,53.70671,10.38505
Steindorf,Bayern,48.21481,11.02197
Steinebach,Rheinland-Pfalz,50.70301,7.90063
Steineberg,Rheinland-Pfalz,50.17706,6.88055
Steineck,Bayern,47.96918,12.56712
Steinefrenz,Rheinland-Pfalz,50.48113,7.94372
Steinen,Baden-Württemberg,47.6706,7.74263
Steinen,Rheinland-Pfalz,50.553,7.80532
Steinenbronn,Baden-Württemberg,48.66544,9.11433
Steinerholz,Schlewig-Holstein,54.62661,9.98461
Steineroth,Rheinland-Pfalz,50.7728,7.87368
Steinfeld,Bayern,49.95211,9.66888
Steinfeld,Mecklenburg-Vorpommern,54.07308,12.21219
Steinfeld,Niedersachsen,52.60081,8.20502
Steinfeld,Rheinland-Pfalz,49.08987,7.96204
Steinfeld,Sachsen-Anhalt,52.62138,11.71825
Steinfeld,Schlewig-Holstein,54.59974,9.7439
Steinfeld,Thüringen,50.40422,10.70779
Steinfurt,Nordrhein-Westfalen,52.15121,7.39187
Steinförde,Brandenburg,53.18071,13.14428
Steingaden,Bayern,47.7133,10.87229
Steingraben,Bayern,49.68235,11.1443
Steinhagen,Mecklenburg-Vorpommern,54.04206,12.11535
Steinhagen,Nordrhein-Westfalen,51.98838,8.38664
Steinhausen,Baden-Württemberg,48.06822,9.94061
Steinheid,Thüringen,50.47463,11.06966
Steinheim,Baden-Württemberg,48.83516,9.66346
Steinheim,Nordrhein-Westfalen,51.86971,9.08637
Steinheuterode,Thüringen,51.36287,10.07218
Steinhorst,Niedersachsen,52.70641,10.41521
Steinhorst,Schlewig-Holstein,53.74593,10.48397
Steinhöfel,Brandenburg,52.71453,14.08965
Steinhöring,Bayern,48.09574,12.04701
Steinigtwolmsdorf,Sachsen,51.09697,14.30669
Steiningen,Rheinland-Pfalz,50.17706,6.88055
Steinitz,Sachsen-Anhalt,52.79643,11.33372
Steinkirchen,Bayern,48.37471,12.07943
Steinkirchen,Niedersachsen,53.55235,9.60194
Steinmauern,Baden-Württemberg,48.89634,8.19393
Steinpleis,Sachsen,50.72044,12.38294
Steinrab,Bayern,47.96117,12.50055
Steinrausch,Rheinland-Pfalz,50.07016,6.18582
Steinrode,Thüringen,51.5255,10.43203
Steinsberg,Rheinland-Pfalz,50.28074,7.83452
Steinschleuse,Schlewig-Holstein,54.35838,9.26281
Steinsdorf,Brandenburg,52.0884,14.6454
Steinsdorf,Sachsen-Anhalt,51.85088,13.03348
Steinsdorf,Thüringen,50.68013,11.74842
Steinsfeld,Bayern,49.41979,10.21553
Steinthaleben,Thüringen,51.35633,11.11089
Steintoch,Brandenburg,52.64405,14.36122
Steinweiler,Rheinland-Pfalz,49.06854,8.1352
Steinwenden,Rheinland-Pfalz,49.456,7.52818
Steinwiesen,Bayern,50.31175,11.4517
Steinächle,Baden-Württemberg,48.86979,9.40661
Steißlingen,Baden-Württemberg,47.80404,8.90865
Stelle,Niedersachsen,53.38511,10.10413
Stelle-Wittenwurth,Schlewig-Holstein,54.23622,9.08987
Stellshagen,Mecklenburg-Vorpommern,53.95172,11.12204
Stelzen,Thüringen,50.44714,10.94914
Stelzenberg,Rheinland-Pfalz,49.35895,7.77433
Stemmen,Niedersachsen,53.20986,9.59277
Stempeda,Thüringen,51.56962,10.87934
Stemshorn,Niedersachsen,52.4618,8.37615
Stemwede,Nordrhein-Westfalen,52.42045,8.47666
Stendal,Sachsen-Anhalt,52.56378,11.80656
Stendell,Brandenburg,53.21125,14.20947
Stenn,Sachsen,50.62304,12.46217
Stenten,Schlewig-Holstein,54.39098,9.61947
Stepenitz,Brandenburg,53.31257,12.24274
Stepfershausen,Thüringen,50.53061,10.35396
Stephanskirchen,Bayern,47.94644,12.24472
Stephansposching,Bayern,48.81664,12.80241
Sterley,Schlewig-Holstein,53.62052,10.8185
Sterleyerheide,Schlewig-Holstein,53.62052,10.8185
Sternberg,Mecklenburg-Vorpommern,53.69223,11.86932
Sternberger Burg,Mecklenburg-Vorpommern,53.69223,11.86932
Sternebeck,Brandenburg,52.70157,14.09171
Sternenfels,Baden-Württemberg,49.03028,8.85883
Sternhagen,Brandenburg,53.3194,13.87248
Sterup,Schlewig-Holstein,54.7135,9.73588
Stetten,Baden-Württemberg,47.91069,9.18006
Stetten,Bayern,48.01304,10.4458
Stetten,Rheinland-Pfalz,49.6827,8.04919
Stettfeld,Bayern,49.97033,10.72688
Steuden,Sachsen-Anhalt,51.45646,11.81881
Steudten,Sachsen,51.26068,13.23232
Steuerwaldsmühle,Rheinland-Pfalz,49.6827,8.04919
Steutz,Sachsen-Anhalt,52.00334,12.22069
Steyerberg,Niedersachsen,52.5879,8.97266
Stiefenhofen,Bayern,47.62094,10.03599
Stiege,Sachsen-Anhalt,51.6918,10.85503
Stiepelse,Niedersachsen,53.25568,10.94552
Stieten,Mecklenburg-Vorpommern,53.69223,11.86932
Stimpfach,Baden-Württemberg,49.07274,10.13028
Stinstedt,Niedersachsen,53.66001,8.97309
Stintenburg,Mecklenburg-Vorpommern,53.5616,10.94705
Stintenburger Hütte,Mecklenburg-Vorpommern,53.5616,10.94705
Stipsdorf,Schlewig-Holstein,53.92727,10.29327
Stipshausen,Rheinland-Pfalz,49.8124,7.25528
Stixe,Niedersachsen,53.25568,10.94552
Stobra,Thüringen,51.01108,11.50044
Stockach,Baden-Württemberg,47.85469,9.0242
Stockbornerhof,Rheinland-Pfalz,49.19984,7.46936
Stockdorf,Bayern,48.06448,11.37441
Stockelsdorf,Schlewig-Holstein,53.93173,10.61808
Stockem,Rheinland-Pfalz,49.94518,6.39373
Stockhausen-Illfurth,Rheinland-Pfalz,50.66661,8.01375
Stockheim,Bayern,50.35354,10.78673
"Stocksberg, Gem Beilstein",Baden-Württemberg,49.08759,9.47977
Stocksee,Schlewig-Holstein,54.15081,10.34118
Stockstadt,Bayern,49.9801,9.04412
Stockstadt,Hessen,49.80929,8.43733
Stockum-Püschen,Rheinland-Pfalz,50.55079,7.9309
Stoetze,Niedersachsen,53.066,10.78648
Stofferstorf,Mecklenburg-Vorpommern,53.90597,11.406
Stolberg,Nordrhein-Westfalen,50.75232,6.23977
Stolberg,Sachsen-Anhalt,51.16569,10.45153
Stolk,Schlewig-Holstein,54.59043,9.54404
Stollbeck,Baden-Württemberg,48.24884,9.18276
Stollberg,Sachsen,50.69884,12.7616
Stollsdorf,Sachsen,51.04474,12.79055
Stolpe,Brandenburg,52.85237,13.62561
Stolpe,Mecklenburg-Vorpommern,53.70813,13.04139
Stolpe,Schlewig-Holstein,54.11993,10.2282
Stolpe-Süd,Brandenburg,52.64221,13.20298
Stolpen,Sachsen,51.04885,14.07909
Stoltebüll,Schlewig-Holstein,54.69639,9.87781
Stoltenberg,Schlewig-Holstein,54.31826,10.37861
Stoltenhagen,Mecklenburg-Vorpommern,54.2384,13.10249
Stoltoft,Schlewig-Holstein,54.67643,9.71462
Stolzenau,Niedersachsen,52.51848,9.03612
Stolzenbergerhof,Rheinland-Pfalz,49.74161,7.86568
Stolzenhagen,Brandenburg,52.85258,13.78516
Stolzenhain,Brandenburg,51.72081,13.2298
Stolzenhain a d Röder,Brandenburg,51.40396,13.57316
Stopperich,Rheinland-Pfalz,50.54968,7.41915
Storbeck,Brandenburg,52.90326,12.72486
Storbeckshof,Brandenburg,52.96478,12.02786
Storchhof,Baden-Württemberg,49.62203,9.33076
Storkau,Sachsen-Anhalt,51.8475,11.98668
Storkow,Brandenburg,52.71284,13.73293
Storkow,Mecklenburg-Vorpommern,53.30035,14.21503
Stotternheim,Thüringen,51.09237,11.09922
Stove,Mecklenburg-Vorpommern,53.77944,11.04967
Strachau,Niedersachsen,53.25568,10.94552
Strachtitz,Mecklenburg-Vorpommern,54.35028,13.47676
Stradow,Brandenburg,51.78322,14.0757
Straelen,Nordrhein-Westfalen,51.42202,6.25409
Straguth,Sachsen-Anhalt,52.00334,12.22069
Strahlungen,Bayern,50.35421,10.25788
Strahwalde,Sachsen,51.02755,14.75427
Stralendorf,Mecklenburg-Vorpommern,53.49058,11.51257
Stralsund,Mecklenburg-Vorpommern,54.31173,13.07243
Strameuß,Mecklenburg-Vorpommern,53.8647,11.68699
Strande,Schlewig-Holstein,54.46116,10.10955
Strasburg,Mecklenburg-Vorpommern,53.51024,13.74507
Strasen,Mecklenburg-Vorpommern,53.22691,12.96927
Strassen,Mecklenburg-Vorpommern,53.21121,11.41481
Straubenhardt,Baden-Württemberg,48.83734,8.52434
Straubing,Bayern,48.87033,12.57652
Strauch,Sachsen,51.28346,13.67654
Straupitz,Brandenburg,51.91288,14.12376
Strausberg,Brandenburg,52.5601,13.90876
Straußberg,Thüringen,51.28627,10.73382
Straußfurt,Thüringen,51.15737,10.9741
Straßberg,Baden-Württemberg,48.17032,9.0752
Straßberg,Sachsen,50.4863,12.13816
Straßberg,Sachsen-Anhalt,51.64225,11.12517
Straßenhaus,Rheinland-Pfalz,50.55134,7.51483
Straßgräbchen,Sachsen,51.26567,13.90437
Straßkirchen,Bayern,48.83343,12.72447
Straßlach-Dingharting,Bayern,47.98468,11.51884
Streckenthin,Brandenburg,53.13447,12.18056
Streesow,Brandenburg,53.1628,11.7454
Streetz,Sachsen-Anhalt,51.92402,12.25986
Streganz,Brandenburg,51.16569,10.45153
Strehla,Sachsen,51.36397,13.21506
Strehlen,Brandenburg,53.1628,11.7454
Streichwitz,Brandenburg,52.0884,14.6454
Streiflach,Bayern,48.16785,11.3966
Streit,Bayern,48.03278,12.30562
Streitau,Bayern,51.16569,10.45153
Streitberg,Baden-Württemberg,48.0745,9.75175
Streitberg,Bayern,48.47446,11.56381
Streitfeld,Niedersachsen,53.55526,7.85303
Streithausen,Rheinland-Pfalz,50.69809,7.81941
Streitholz,Thüringen,51.38965,10.16816
Strelln,Sachsen,51.4869,12.6412
Stremmen,Brandenburg,52.15111,14.14896
Strenznaundorf,Sachsen-Anhalt,51.69948,11.67058
Stresendorf,Mecklenburg-Vorpommern,53.40765,11.72243
Stresow,Sachsen-Anhalt,52.14254,11.95492
Stressenhausen,Thüringen,50.40422,10.70779
Streufdorf,Thüringen,50.40422,10.70779
Streumen,Sachsen,51.38906,13.41402
Strickscheid,Rheinland-Pfalz,50.13897,6.34764
Striegistal,Sachsen,51.00704,13.12557
Striesdorf,Mecklenburg-Vorpommern,53.90807,12.34444
Striesow,Brandenburg,51.81359,14.1854
Strigleben,Brandenburg,53.11688,11.92614
Strodehne,Brandenburg,52.72889,12.41213
Stroga,Sachsen,51.28346,13.67654
Strohkirchen,Mecklenburg-Vorpommern,53.6242,11.21845
Strohn,Rheinland-Pfalz,50.11017,6.92229
Stromberg,Rheinland-Pfalz,49.97605,7.74977
Strotzbüsch,Rheinland-Pfalz,50.17706,6.88055
Strub,Bayern,51.16569,10.45153
Strubensee,Brandenburg,52.9669,12.98502
Struckum,Schlewig-Holstein,54.61951,8.96577
Strukdorf,Schlewig-Holstein,53.91769,10.46624
Strullendorf,Bayern,49.86032,11.01299
Struppen,Sachsen,50.93971,13.96715
Struvenhütten,Schlewig-Holstein,53.86457,10.06311
Struxdorf,Schlewig-Holstein,54.63823,9.63865
Strußberg,Bayern,47.83296,12.74977
Sträubl,Bayern,47.94403,12.69994
Ströbels Mühle,Rheinland-Pfalz,50.19225,7.68574
Strübbel,Schlewig-Holstein,54.24164,8.98723
Strüth,Rheinland-Pfalz,50.19177,7.77045
Stubben,Niedersachsen,53.43477,8.79697
Stubben,Schlewig-Holstein,53.74593,10.48397
Stubbendorf,Mecklenburg-Vorpommern,53.98437,12.6667
Stubenberg,Bayern,48.321,13.06917
Stuck,Mecklenburg-Vorpommern,53.21121,11.41481
Stuer,Mecklenburg-Vorpommern,53.32468,12.45353
Stuhr,Niedersachsen,53.00638,8.71784
Stulln,Bayern,49.42582,12.14103
Stumsdorf,Sachsen-Anhalt,51.63745,12.13243
Stutensee,Baden-Württemberg,49.08493,8.47153
Stuttgart,Baden-Württemberg,48.77674,9.17826
Stutzenklinge,Baden-Württemberg,48.88361,9.76409
Stuvenborn,Schlewig-Holstein,53.85018,10.1035
Stäbelow,Mecklenburg-Vorpommern,54.05172,12.0508
Ständehof,Rheinland-Pfalz,49.21779,7.70474
Stöckey,Thüringen,51.5255,10.43203
Stöckse,Niedersachsen,52.63885,9.33728
Stödten,Thüringen,51.17087,11.16515
Stödtlen,Baden-Württemberg,48.99752,10.28764
Stöffel,Rheinland-Pfalz,50.6249,7.89838
Stöffin,Brandenburg,52.76191,12.81194
Stöhrhaus,Bayern,47.63321,13.05171
Stölln,Brandenburg,52.72889,12.41213
Stördorf,Schlewig-Holstein,53.92699,9.36454
Störkathen,Schlewig-Holstein,53.96511,9.71149
Störnstein,Bayern,49.73094,12.19988
Stösitz,Sachsen,51.26068,13.23232
Stötten,Bayern,47.73721,10.68867
Stöttwang,Bayern,47.89049,10.71519
Stößen,Sachsen-Anhalt,51.20958,11.94525
Stücken,Brandenburg,52.22866,12.92762
Stüdenitz,Brandenburg,52.8583,12.43437
Stühlingen,Baden-Württemberg,47.76111,8.42633
Stülow,Mecklenburg-Vorpommern,54.09947,11.87608
Stünzmühle,Thüringen,51.04167,11.82181
Stürzelbach,Rheinland-Pfalz,50.64911,7.69312
Stüterhof,Rheinland-Pfalz,49.40834,7.71562
Stützengrün,Sachsen,50.53349,12.54146
Stützerbach,Thüringen,50.63434,10.86086
Suckow,Mecklenburg-Vorpommern,53.31812,11.92791
Suckwitz Abbau,Mecklenburg-Vorpommern,53.58385,12.07135
Suddendorf,Niedersachsen,52.34423,7.20805
Sudenhof,Mecklenburg-Vorpommern,53.40188,11.24957
Suderburg,Niedersachsen,52.89888,10.44223
Sudwalde,Niedersachsen,52.79215,8.83727
Sugenheim,Bayern,49.60228,10.43604
Suhhaus,Baden-Württemberg,48.91266,9.98096
Suhl,Thüringen,50.61556,10.70265
Suhlendorf,Niedersachsen,52.92687,10.7647
Suhlequelle,Thüringen,50.9143,11.15061
Suhrbrook,Schlewig-Holstein,54.45166,9.75708
Sukow,Mecklenburg-Vorpommern,53.52701,11.52583
Sukow-Marienhof,Mecklenburg-Vorpommern,53.88256,12.58682
Sulingen,Niedersachsen,52.66579,8.7966
Sulz,Baden-Württemberg,48.36505,8.63337
Sulza,Thüringen,50.87536,11.62055
Sulzbach,Baden-Württemberg,49.00331,9.50248
Sulzbach,Bayern,49.91165,9.15575
Sulzbach,Hessen,50.13364,8.52238
Sulzbach,Rheinland-Pfalz,50.04657,7.5449
Sulzbach,Saarland,49.30223,7.06218
Sulzbach-Laufen,Baden-Württemberg,48.96512,9.84399
Sulzbach-Rosenberg,Bayern,49.51505,11.73098
Sulzbacherhof,Rheinland-Pfalz,49.5499,7.45863
Sulzbachtal,Rheinland-Pfalz,49.50292,7.67773
Sulzberg,Bayern,47.66088,10.36695
Sulzburg,Baden-Württemberg,47.8418,7.70741
Sulzdorf,Bayern,50.24073,10.56231
Sulzemoos,Bayern,48.29018,11.26449
Sulzfeld,Baden-Württemberg,49.11173,8.85871
Sulzfeld,Bayern,50.0487,10.29059
Sulzheim,Bayern,49.9384,10.33969
Sulzheim,Rheinland-Pfalz,49.84867,8.10343
Sulzhof,Rheinland-Pfalz,49.65376,7.87329
Sulzthal,Bayern,50.15195,10.03705
Sumte,Niedersachsen,53.25568,10.94552
Sundern,Nordrhein-Westfalen,51.30647,7.97857
Sundhausen,Thüringen,51.28305,10.68274
Sundremda,Thüringen,50.73282,11.32871
Surau,Bayern,48.03278,12.30562
Surberg,Bayern,47.86197,12.70615
Surbergbichl,Bayern,47.83296,12.74977
Surwold,Niedersachsen,52.99111,7.52164
Suschow,Brandenburg,51.78322,14.0757
Sustrum,Niedersachsen,52.88228,7.36462
Suthfeld,Niedersachsen,52.36385,9.39756
Swisttal,Nordrhein-Westfalen,50.69236,6.9222
Sydower Fließ,Brandenburg,52.87955,13.8171
Syke,Niedersachsen,52.90923,8.86066
Sylda,Sachsen-Anhalt,51.66227,11.46802
Sylt-Ost,Schlewig-Holstein,54.88658,8.31124
Syrau,Sachsen,50.54354,12.07828
Syrgenstein,Bayern,48.65706,10.28769
Sättelstädt,Thüringen,50.9421,10.3893
Söchtenau,Bayern,47.92036,12.22989
Sögel,Niedersachsen,52.84113,7.51912
Söhlde,Niedersachsen,52.20836,10.19843
Söhren,Schlewig-Holstein,53.69823,10.77178
Söhrewald,Hessen,51.23421,9.57699
Sölden,Baden-Württemberg,47.93154,7.81121
Söllenthin,Brandenburg,52.96478,12.02786
Söllichau,Sachsen-Anhalt,51.6585,12.42901
Söllingen,Niedersachsen,52.09157,10.9263
Sömmerda,Thüringen,51.17087,11.16515
Sönnebüll,Schlewig-Holstein,54.61951,8.96577
Sören,Schlewig-Holstein,54.22617,10.0018
Sörgenloch,Rheinland-Pfalz,49.94794,8.15828
Sörth,Rheinland-Pfalz,50.70209,7.68122
Sörup,Schlewig-Holstein,54.73038,9.66409
Sössen,Sachsen-Anhalt,51.25559,12.14097
Sückau,Niedersachsen,53.25568,10.94552
Südbrookmerland,Niedersachsen,53.48901,7.35694
Süderau,Schlewig-Holstein,53.83242,9.52029
Süderbrarup,Schlewig-Holstein,54.64155,9.80308
Süderdeich,Schlewig-Holstein,54.20311,8.91386
Süderdorf,Schlewig-Holstein,54.21905,9.28347
Süderende,Schlewig-Holstein,54.71822,8.5031
Süderfahrenstedt,Schlewig-Holstein,54.59043,9.54404
Südergellersen,Niedersachsen,53.23553,10.24213
Süderhackstedt,Schlewig-Holstein,54.62064,9.37061
Süderhackstedtfeld,Schlewig-Holstein,54.6182,9.26503
Süderhastedt,Schlewig-Holstein,54.04992,9.19518
Süderheistedt,Schlewig-Holstein,54.29485,9.15713
Süderholz,Mecklenburg-Vorpommern,54.05891,13.16238
Süderhöft,Schlewig-Holstein,54.40229,9.19377
Süderlügum,Schlewig-Holstein,54.87299,8.89749
Südermarsch,Schlewig-Holstein,54.45665,9.05933
Süderoog,Schlewig-Holstein,54.53048,8.65657
Süderstapel,Schlewig-Holstein,54.34147,9.1959
Südfall,Schlewig-Holstein,54.5131,8.89483
Südlohn,Nordrhein-Westfalen,51.94507,6.86823
Südschacht,Niedersachsen,52.24301,11.00172
Sükow,Brandenburg,53.11688,11.92614
Sülfeld,Schlewig-Holstein,53.79502,10.23533
Sülldorf,Sachsen-Anhalt,52.03183,11.51991
Sülm,Rheinland-Pfalz,49.99789,6.49627
Sülsdorf,Mecklenburg-Vorpommern,53.83187,10.87156
Sülstorf,Mecklenburg-Vorpommern,53.45201,11.42993
Sülten,Mecklenburg-Vorpommern,53.71009,11.68974
Sülzfeld,Thüringen,50.53061,10.35396
Sülzhayn,Thüringen,51.55161,10.61365
Sünching,Bayern,48.8793,12.35183
Sünna,Thüringen,50.79847,10.05056
Süplingen,Sachsen-Anhalt,52.22486,11.30453
Süpplingen,Niedersachsen,52.22801,10.90589
Süpplingenburg,Niedersachsen,52.25101,10.91196
Süptitz,Sachsen,51.54863,12.95254
Sürzerhof,Rheinland-Pfalz,50.34914,7.39113
Süsel,Schlewig-Holstein,54.10458,10.65541
Süstedt,Niedersachsen,52.82801,8.98913
Süßen,Baden-Württemberg,48.67399,9.74754
Süßenborn,Thüringen,50.94415,11.42979
Süßenhof,Rheinland-Pfalz,49.49639,8.07308
Taarstedt,Schlewig-Holstein,54.56762,9.69075
Tabarz,Thüringen,50.87845,10.51152
Taben-Rodt,Rheinland-Pfalz,49.63944,6.54156
Tacherting,Bayern,48.08741,12.4967
Taching,Bayern,47.96097,12.72685
Tacken,Brandenburg,53.11688,11.92614
Tackesdorf,Schlewig-Holstein,54.13835,9.48844
Tackesdorf-Nord,Schlewig-Holstein,54.20397,9.54518
Tackmannshof,Mecklenburg-Vorpommern,53.18163,13.54788
Tagewerben,Sachsen-Anhalt,51.20958,11.94525
Tagmersheim,Bayern,48.81718,10.96776
Talheim,Baden-Württemberg,48.55055,8.93265
Talheimer Hof,Baden-Württemberg,49.10213,9.2117
Talkau,Schlewig-Holstein,53.55673,10.51734
Talling,Rheinland-Pfalz,49.76052,6.9528
Talmühle,Rheinland-Pfalz,50.6249,7.89838
Tambach-Dietharz,Thüringen,50.79298,10.61317
Tamm,Baden-Württemberg,48.9184,9.11922
Tangeln,Sachsen-Anhalt,52.68405,11.01609
Tangendorf,Brandenburg,53.11688,11.92614
Tangerhütte,Sachsen-Anhalt,52.43399,11.81062
Tangermünde,Sachsen-Anhalt,52.56094,11.94126
Tangstedt,Schlewig-Holstein,53.70824,9.9676
Tann,Bayern,48.32505,12.90108
Tann,Hessen,50.64476,10.00892
Tanna,Thüringen,50.49371,11.85663
Tanndorf,Sachsen,51.13223,12.80021
Tanne,Sachsen-Anhalt,51.74239,10.76526
Tanneberg,Sachsen,51.07993,13.32311
Tannenberg,Sachsen,50.62445,12.90841
Tannenbergsthal,Sachsen,50.43176,12.46426
Tannengrundhof,Hessen,50.18037,9.229
Tannhausen,Baden-Württemberg,48.97639,10.35248
Tannheim,Baden-Württemberg,47.99938,10.08371
Tantow,Brandenburg,53.2369,14.37414
Tanzenhaid,Bayern,49.57627,10.73879
Tapfheim,Bayern,48.67544,10.69471
Tappenbeck,Niedersachsen,52.47167,10.73926
Tappendorf,Schlewig-Holstein,54.10997,9.68736
Tarbek,Schlewig-Holstein,54.05935,10.2283
Tarmow,Brandenburg,52.76191,12.81194
Tarmstedt,Niedersachsen,53.2239,9.07729
Tarnewitz,Mecklenburg-Vorpommern,53.98528,11.20854
Tarnewitzerhagen,Mecklenburg-Vorpommern,53.98528,11.20854
Tarnow,Mecklenburg-Vorpommern,53.77814,12.01836
Tarp,Schlewig-Holstein,54.65849,9.38241
Tarthun,Sachsen-Anhalt,51.941,11.42505
Tarzow,Mecklenburg-Vorpommern,53.84194,11.45942
Tasdorf,Schlewig-Holstein,54.11156,10.00193
Tastrup,Schlewig-Holstein,54.78435,9.47326
Tastungen,Thüringen,51.45727,10.36357
Taterberg,Sachsen-Anhalt,52.43521,10.98696
Tating,Schlewig-Holstein,54.3301,8.68304
Taubenheim,Sachsen,51.09541,13.46418
Taubensuhl,Rheinland-Pfalz,49.16228,7.95873
Tauberbischofsheim,Baden-Württemberg,49.62545,9.66327
Tauberrettersheim,Bayern,49.51684,9.9713
Taucha,Sachsen,51.39015,12.50087
Taucha,Sachsen-Anhalt,51.15637,12.09987
Tauche,Brandenburg,52.15111,14.14896
Tauer,Brandenburg,51.85744,14.41276
Taufkirchen,Bayern,48.17909,12.07038
Taugwitz,Sachsen-Anhalt,51.13382,11.72678
Taunusstein,Hessen,50.15418,8.16597
Taupadel,Thüringen,50.93901,11.75028
Taura,Sachsen,50.91765,12.84337
Tauscha,Sachsen,51.11096,13.18703
Tautenburg,Thüringen,50.99595,11.622
Tautendorf,Thüringen,50.85628,11.77906
Tautenhain,Sachsen,51.05507,12.68595
Tautenhain,Thüringen,50.92224,11.87041
Tawern,Rheinland-Pfalz,49.67136,6.52169
Techau,Schlewig-Holstein,53.98416,10.70836
Techelsdorf,Schlewig-Holstein,54.24198,10.08912
Techentin,Mecklenburg-Vorpommern,53.58385,12.07135
Techin,Mecklenburg-Vorpommern,53.5616,10.94705
Tecklenburg,Nordrhein-Westfalen,52.24108,7.81887
Teerofen,Brandenburg,52.87955,13.8171
Teetz,Brandenburg,52.98479,12.35979
Tegau,Thüringen,50.59733,11.83993
Tegernau,Baden-Württemberg,47.71972,7.7956
Tegernau,Bayern,48.02156,12.03508
Tegernheim,Bayern,49.03159,12.17554
Tegernsee,Bayern,47.71943,11.76238
Tegkwitz,Thüringen,51.01804,12.35491
Teicha,Sachsen-Anhalt,51.60535,11.927
Teichel,Thüringen,50.73282,11.32871
Teichland,Brandenburg,51.85744,14.41276
Teichröda,Thüringen,50.73282,11.32871
Teichweiden,Thüringen,50.73282,11.32871
Teichwitz,Thüringen,50.77886,12.01822
Teichwolframsdorf,Thüringen,50.72505,12.21195
Teisendorf,Bayern,47.85847,12.83494
Teising,Bayern,48.22872,12.61037
Teisnach,Bayern,49.03243,13.00262
Teistungen,Thüringen,51.45727,10.36357
Teldau,Mecklenburg-Vorpommern,53.25568,10.94552
Telgte,Nordrhein-Westfalen,51.98788,7.7751
Tellig,Rheinland-Pfalz,50.08943,7.2844
Tellingstedt,Schlewig-Holstein,54.21905,9.28347
Teltow,Brandenburg,52.38996,13.27304
Telz,Brandenburg,52.22567,13.43068
Temmels,Rheinland-Pfalz,49.63944,6.54156
Temmen,Brandenburg,53.18163,13.54788
Tempelberg,Brandenburg,52.38647,14.19504
Templin,Brandenburg,53.18163,13.54788
Tempzin,Mecklenburg-Vorpommern,53.71009,11.68974
Tengen,Baden-Württemberg,47.82265,8.6667
Teningen,Baden-Württemberg,48.12467,7.7941
Tennenbronn,Baden-Württemberg,48.19015,8.34881
Tensbüttel-Röst,Schlewig-Holstein,54.14287,9.27245
Tensfeld,Schlewig-Holstein,54.05165,10.31776
Teplitz,Mecklenburg-Vorpommern,53.8647,11.68699
Terpe,Brandenburg,51.16569,10.45153
Terpitzsch,Sachsen,51.04474,12.79055
Terpt,Brandenburg,51.8536,13.75045
Teschendorf,Brandenburg,52.74392,13.36149
Teschendorf,Mecklenburg-Vorpommern,53.49616,13.31651
Teschenmoschel,Rheinland-Pfalz,49.62698,7.81437
Teschow,Mecklenburg-Vorpommern,53.8392,11.02944
Tespe,Niedersachsen,53.39543,10.41391
Tessenow,Mecklenburg-Vorpommern,53.31812,11.92791
Tessin,Mecklenburg-Vorpommern,53.6622,11.49822
Testorf,Mecklenburg-Vorpommern,53.70407,11.06719
Testorf-Steinfort,Mecklenburg-Vorpommern,53.84653,11.18732
Tetenbüll,Schlewig-Holstein,54.38386,8.85218
Tetenhusen,Schlewig-Holstein,54.35303,9.50133
Teterow,Mecklenburg-Vorpommern,53.75001,12.58823
Tettau,Bayern,50.44933,11.27662
Tettau,Brandenburg,51.45661,13.86426
Tettenweis,Bayern,48.44281,13.27133
Tettnang,Baden-Württemberg,47.64605,9.62992
Tetzelstein,Niedersachsen,52.27321,10.79297
Teublitz,Bayern,49.22067,12.08488
Teuchern,Sachsen-Anhalt,51.12305,12.0267
Teufelshof,Brandenburg,52.63142,12.81202
Teugn,Bayern,48.89038,12.01223
Teunz,Bayern,49.50727,12.3919
Teupitz,Brandenburg,52.13471,13.61459
Teuschnitz,Bayern,50.39834,11.38123
Teusin,Mecklenburg-Vorpommern,53.83658,13.01175
Teutleben,Thüringen,51.02708,10.98922
Teutschenthal,Sachsen-Anhalt,51.45646,11.81881
Tewswoos,Mecklenburg-Vorpommern,53.23371,11.17997
Teßmannsdorf,Mecklenburg-Vorpommern,54.01771,11.69805
Thaden,Schlewig-Holstein,54.12177,9.40193
Thaining,Bayern,47.96924,10.96506
Thal,Bayern,48.14406,12.30109
Thal,Rheinland-Pfalz,50.77426,7.77423
Thalberg,Brandenburg,51.53215,13.37895
Thalbürgel,Thüringen,50.93901,11.75028
Thale,Sachsen-Anhalt,51.7288,11.0004
Thalebra,Thüringen,51.28627,10.73382
Thaleischweiler-Fröschen,Rheinland-Pfalz,49.26457,7.57503
Thalfang,Rheinland-Pfalz,49.75083,7.0039
Thalhausen,Rheinland-Pfalz,50.63173,7.61265
Thalhausermühle,Rheinland-Pfalz,50.76537,7.67211
Thalheim,Sachsen,50.70544,12.84451
Thalheim,Sachsen-Anhalt,51.66942,12.23527
Thalhofen,Bayern,48.00966,10.90944
Thallichtenberg,Rheinland-Pfalz,49.56984,7.35799
Thallwitz,Sachsen,51.38083,12.82912
Thalmassing,Bayern,48.89613,12.1507
Thalmässing,Bayern,49.08819,11.22129
Thalwenden,Thüringen,51.36287,10.07218
Thalwinkel,Sachsen-Anhalt,51.18797,11.53109
Thammenhain,Sachsen,51.38083,12.82912
Thamsbrück,Thüringen,51.09493,10.62322
Thandorf,Mecklenburg-Vorpommern,53.77944,11.04967
Thannhausen,Bayern,48.27667,10.47271
Thanstein,Bayern,49.39162,12.45851
Tharandt,Sachsen,50.97007,13.5362
Thedinghausen,Niedersachsen,52.95019,9.03392
Theeschütz,Sachsen,51.13432,13.12724
Theeßen,Sachsen-Anhalt,52.14254,11.95492
Theilenhofen,Bayern,49.0831,10.85257
Theilheim,Bayern,49.75404,10.03082
Theisa,Brandenburg,51.53215,13.37895
Theisbergstegen,Rheinland-Pfalz,49.56984,7.35799
Theismühlen,Rheinland-Pfalz,50.19225,7.68574
Theisseil,Bayern,49.67435,12.14895
Theißen,Sachsen-Anhalt,51.16569,10.45153
Thelkow,Mecklenburg-Vorpommern,54.0282,12.46361
Themar,Thüringen,50.50626,10.62202
Theres,Bayern,50.01985,10.4474
Theresenhof,Brandenburg,52.2871,13.46102
Thermalbad Wiesenbad,Sachsen,50.6105,13.02034
Thesenvitz,Mecklenburg-Vorpommern,54.41174,13.42585
Theuma,Sachsen,50.50355,12.22399
Thielbeer,Sachsen-Anhalt,52.85946,11.44928
Thiendorf,Sachsen,51.28346,13.67654
Thierbach,Sachsen,50.93845,12.69751
Thierbach,Thüringen,50.44155,11.61814
Thierhaupten,Bayern,48.55358,10.91134
Thierschneck,Thüringen,51.05419,11.70604
Thiersheim,Bayern,50.07587,12.12579
Thierstein,Bayern,50.117,12.10358
Thiesholz,Schlewig-Holstein,54.67643,9.71462
Thiessow,Mecklenburg-Vorpommern,54.34211,13.69412
Thießen,Sachsen-Anhalt,51.92402,12.25986
Thimmendorf,Thüringen,50.44155,11.61814
Tholey,Saarland,49.48926,7.00834
Thomasburg,Niedersachsen,53.22665,10.65286
Thomm,Rheinland-Pfalz,49.71485,6.79303
Thonhausen,Thüringen,50.88529,12.31009
Thorstorf,Mecklenburg-Vorpommern,53.84653,11.18732
Thoßfell,Sachsen,50.50355,12.22399
Thuine,Niedersachsen,52.48427,7.53764
Thulendorf,Mecklenburg-Vorpommern,54.07308,12.21219
Thum,Sachsen,50.67045,12.95129
Thum-Herold,Sachsen,50.67045,12.95129
Thum-Jahnsbach,Sachsen,50.67045,12.95129
Thumby,Schlewig-Holstein,54.58139,9.92882
Thundorf,Bayern,50.18323,10.27609
Thurland,Sachsen-Anhalt,51.73073,12.26264
Thurmansbang,Bayern,48.76654,13.31536
Thurnau,Bayern,50.02525,11.39304
Thurow,Mecklenburg-Vorpommern,53.71009,11.68974
Thyrnau,Bayern,48.61503,13.53705
Thyrow,Brandenburg,52.27808,13.25691
Thälendorf,Thüringen,50.64584,11.25088
Thöringswerder,Brandenburg,52.70157,14.09171
Thörlingen,Rheinland-Pfalz,50.11304,7.57863
Thörnich,Rheinland-Pfalz,49.83891,6.85195
Thüngen,Bayern,49.94072,9.85748
Thüngersheim,Bayern,49.8727,9.84974
Thür,Rheinland-Pfalz,50.36386,7.2756
Thüringenhausen,Thüringen,51.28627,10.73382
Thüringer Hütte,Bayern,50.48813,10.14085
Thürkow,Mecklenburg-Vorpommern,53.88256,12.58682
Tiddische,Niedersachsen,52.51793,10.80646
Tieckow,Brandenburg,52.50645,12.46318
Tiefenau,Sachsen,51.38906,13.41402
Tiefenbach,Baden-Württemberg,48.06185,9.60795
Tiefenbach,Bayern,48.85389,12.69894
Tiefenbach,Rheinland-Pfalz,49.99609,7.44468
Tiefenbach,Sachsen,51.00704,13.12557
Tiefenbronn,Baden-Württemberg,48.82017,8.81851
Tiefenbrunnen,Brandenburg,52.06461,12.85014
Tiefengruft,Schlewig-Holstein,54.77923,9.67999
Tiefenort,Thüringen,50.84014,10.1654
Tiefensee,Brandenburg,52.79807,14.01577
Tiefensee,Sachsen,51.60345,12.65036
Tiefenthal,Brandenburg,53.11688,11.92614
Tiefenthal,Rheinland-Pfalz,49.67399,8.00219
Tiefenweg,Bayern,48.17294,12.31377
Tiefthal,Thüringen,51.04516,10.95031
Tielen,Schlewig-Holstein,54.30487,9.31311
Tielenhemme,Schlewig-Holstein,54.26766,9.29564
Tietzow,Brandenburg,52.63142,12.81202
Tilleda,Sachsen-Anhalt,51.43769,11.09328
Timmaspe,Schlewig-Holstein,54.14074,9.89114
Timmendorfer Strand,Schlewig-Holstein,53.97742,10.78309
Timmenrode,Sachsen-Anhalt,51.7288,11.0004
Tinningstedt,Schlewig-Holstein,54.76989,9.01126
Tirpersdorf,Sachsen,50.36256,12.07973
Tirschendorf,Sachsen,50.36256,12.07973
Tirschenreuth,Bayern,49.87796,12.31874
Tissa,Thüringen,50.85628,11.77906
Tiste,Niedersachsen,53.29205,9.51779
Titisee-Neustadt,Baden-Württemberg,47.92728,8.19258
Titting,Bayern,48.99174,11.2172
Tittling,Bayern,48.72589,13.38014
Tittmoning,Bayern,48.0398,12.74342
Titz,Nordrhein-Westfalen,51.00557,6.42699
Tivoli,Schlewig-Holstein,54.30053,10.56164
Toba,Thüringen,51.28627,10.73382
Toddin,Mecklenburg-Vorpommern,53.40188,11.24957
Todenbüttel,Schlewig-Holstein,54.1304,9.55545
Todendorf,Schlewig-Holstein,53.69461,10.34869
Todenhagen,Mecklenburg-Vorpommern,54.23283,12.6236
Todenroth,Rheinland-Pfalz,49.94321,7.40837
Todesfelde,Schlewig-Holstein,53.89319,10.17631
Todsburg,Baden-Württemberg,48.56212,9.62526
Todtenweis,Bayern,48.51454,10.89619
Todtmoos,Baden-Württemberg,47.73202,8.00224
Todtnau,Baden-Württemberg,47.82954,7.94463
Tolk,Schlewig-Holstein,54.57949,9.6396
Tollow,Mecklenburg-Vorpommern,53.8647,11.68699
Tollwitz,Sachsen-Anhalt,51.27929,12.09208
Tonna,Thüringen,51.09378,10.75017
Tonndorf,Thüringen,50.89675,11.26789
Topfstedt,Thüringen,51.23446,10.93052
Toppenstedt,Niedersachsen,53.26476,10.11626
Torfbrücke,Mecklenburg-Vorpommern,54.24946,12.24619
Torfgrube,Baden-Württemberg,48.59903,9.49621
Torfhaus,Niedersachsen,51.87586,10.56552
Torfkaten,Schlewig-Holstein,53.62052,10.8185
Torgau,Sachsen,51.54863,12.95254
Torgelow,Mecklenburg-Vorpommern,53.56845,13.37206
Torgelow-Holländerei,Mecklenburg-Vorpommern,53.62231,14.01364
Torisdorf,Mecklenburg-Vorpommern,53.83187,10.87156
Torna,Sachsen-Anhalt,51.07623,12.20646
Tornau,Sachsen-Anhalt,51.6585,12.42901
Tornau v d Heide,Sachsen-Anhalt,51.73073,12.26264
Tornesch,Schlewig-Holstein,53.68339,9.67107
Tornitz,Sachsen-Anhalt,51.96663,11.88031
Tornow,Brandenburg,52.76979,12.95188
Tornowhof,Mecklenburg-Vorpommern,51.16569,10.45153
Tostedt,Niedersachsen,53.27799,9.69117
Tosterglope,Niedersachsen,53.20662,10.82729
Tottleben,Thüringen,51.09493,10.62322
Traben-Trarbach,Rheinland-Pfalz,49.95588,7.1
Trabitz,Bayern,49.78281,11.89288
Trabitz,Sachsen-Anhalt,51.90367,11.83496
Tradlenz,Bayern,47.78046,11.20828
Train,Bayern,48.73107,11.8294
Traisen,Rheinland-Pfalz,49.86385,7.73176
Traitsching,Bayern,49.12697,12.66503
Tramm,Mecklenburg-Vorpommern,53.71216,11.44099
Tramm,Schlewig-Holstein,53.49317,10.56497
Trams,Mecklenburg-Vorpommern,53.79131,11.64686
Trannroda,Thüringen,50.70572,11.60129
Trantow,Mecklenburg-Vorpommern,53.99776,13.1547
Trappenkamp,Schlewig-Holstein,54.04186,10.17554
Trappstadt,Bayern,50.32537,10.42912
Trassem,Rheinland-Pfalz,49.63944,6.54156
Trassenheide,Mecklenburg-Vorpommern,54.11382,13.83271
Traubenmühle,Baden-Württemberg,49.12576,9.75441
Traun,Thüringen,50.72386,11.83699
Traunreut,Bayern,47.95273,12.57686
Traunstein,Bayern,47.88541,12.64004
Traunwalchen,Bayern,47.94545,12.60182
Traupitz,Sachsen-Anhalt,51.07623,12.20646
Trausnitz,Bayern,49.52724,12.25471
Trautenhof,Baden-Württemberg,49.30806,9.46913
Trautenstein,Sachsen-Anhalt,51.6918,10.85503
Trautshofen,Bayern,51.16569,10.45153
Trautskirchen,Bayern,49.46785,10.576
Travenbrück,Schlewig-Holstein,53.80135,10.35234
Travenhorst,Schlewig-Holstein,54.00125,10.41829
Traventhal,Schlewig-Holstein,53.92727,10.29327
Traßdorf,Thüringen,50.75397,11.11105
Trebatsch,Brandenburg,52.15111,14.14896
Trebbichau,Sachsen-Anhalt,51.71349,12.0183
Trebbin,Brandenburg,52.23178,13.1885
Trebbus,Brandenburg,51.64717,13.49567
Trebel,Niedersachsen,52.99549,11.27899
Treben,Sachsen,51.26068,13.23232
Treben,Thüringen,51.01804,12.35491
Trebendorf,Brandenburg,51.7307,14.57682
Trebendorf,Sachsen,51.536,14.529
Trebendorf-Mühlrose,Sachsen,51.536,14.529
Trebgast,Bayern,50.06586,11.55203
Trebishain,Sachsen,51.13544,12.64179
Trebitz,Brandenburg,52.09188,13.54612
Trebitz,Sachsen-Anhalt,51.71591,12.79063
Trebnitz,Brandenburg,52.59596,14.23637
Trebnitz,Sachsen-Anhalt,51.38435,11.92404
Trebra,Thüringen,51.23446,10.93052
Trebs,Mecklenburg-Vorpommern,53.30347,11.08369
Trebsen,Sachsen,51.28787,12.75821
Trebur,Hessen,49.91122,8.38286
Trebus,Sachsen,51.23279,14.89521
Trechtingshausen,Rheinland-Pfalz,49.95753,7.86457
Trechwitz,Brandenburg,52.48522,12.5601
Treffelstein,Bayern,49.41492,12.62207
Treffurt,Thüringen,51.12597,10.21909
Treia,Schlewig-Holstein,54.52446,9.32793
Treis-Karden,Rheinland-Pfalz,50.1747,7.30195
Tremmen,Brandenburg,52.63142,12.81202
Tremnitz,Thüringen,50.60956,12.17024
Tremsbüttel,Schlewig-Holstein,53.74279,10.30863
Tremsdorf,Brandenburg,52.30971,13.07311
Trendelburg,Hessen,51.57785,9.44517
Trenkmoos,Bayern,51.16569,10.45153
Trennewurth,Schlewig-Holstein,53.99023,9.11455
Trent,Mecklenburg-Vorpommern,54.50826,13.26102
Treplin,Brandenburg,52.29345,14.48893
Treppeln,Brandenburg,52.0884,14.6454
Treppendorf,Thüringen,50.73282,11.32871
Trescherberg,Bayern,48.17294,12.31377
Treseburg,Sachsen-Anhalt,51.78685,10.95099
Treuchtlingen,Bayern,48.9516,10.8937
Treuen,Sachsen,50.53712,12.31343
Treuenbrietzen,Brandenburg,52.06461,12.85014
Treugeböhla,Sachsen,51.28346,13.67654
Triberg,Baden-Württemberg,48.13017,8.2324
Tribohm,Mecklenburg-Vorpommern,54.23283,12.6236
Tribsees,Mecklenburg-Vorpommern,54.09133,12.76019
Trieb,Sachsen,50.4798,12.29066
Triebel,Sachsen,50.36256,12.07973
Triebes,Thüringen,50.69536,12.01062
Triebischtal,Sachsen,51.09541,13.46418
Triefenstein,Bayern,49.79658,9.58891
Triepkendorf,Mecklenburg-Vorpommern,51.16569,10.45153
Trieplatz,Brandenburg,52.8583,12.43437
Trier,Rheinland-Pfalz,49.75407,6.65163
Trierscheid,Rheinland-Pfalz,50.42268,6.90756
Trierweiler,Rheinland-Pfalz,49.75941,6.55692
Triftern,Bayern,48.39323,13.0143
Triglitz,Brandenburg,51.16569,10.45153
Trimbs,Rheinland-Pfalz,50.25312,7.30524
Trimport,Rheinland-Pfalz,49.99789,6.49627
Trinum,Sachsen-Anhalt,51.71349,12.0183
Trinwillershagen,Mecklenburg-Vorpommern,54.23283,12.6236
Tripkau,Niedersachsen,53.25568,10.94552
Trippigleben,Sachsen-Anhalt,52.49571,11.17824
Trippstadt,Rheinland-Pfalz,49.35895,7.77433
Triptis,Thüringen,50.72386,11.83699
Trittau,Schlewig-Holstein,53.60273,10.36774
Trittenheim,Rheinland-Pfalz,49.8176,6.91879
Triwalk,Mecklenburg-Vorpommern,53.82319,11.31747
Trochtelfingen,Baden-Württemberg,48.31493,9.27389
Trockenborn-Wolfersdorf,Thüringen,50.85628,11.77906
Trogen,Bayern,50.36194,11.9347
Troisdorf,Nordrhein-Westfalen,50.81645,7.14364
Troistedt,Thüringen,50.89675,11.26789
Trollenhagen,Mecklenburg-Vorpommern,53.60399,13.28988
Tromsdorf,Sachsen-Anhalt,51.12419,11.53323
Trossin,Sachsen,51.63867,12.87917
Trossingen,Baden-Württemberg,48.08339,8.64726
Trostberg,Bayern,48.03773,12.58157
Truchtlaching,Bayern,47.96117,12.50055
Trulben,Rheinland-Pfalz,49.1291,7.54499
Trunkelsberg,Bayern,48.00191,10.21598
Trusetal,Thüringen,50.78785,10.40839
Tryppehna,Sachsen-Anhalt,52.14254,11.95492
Tröbigau,Sachsen,51.13443,14.20201
Tröbitz,Brandenburg,51.64717,13.49567
Tröbnitz,Thüringen,50.85628,11.77906
Tröbsdorf,Thüringen,50.9603,11.25562
Tröchtelborn,Thüringen,50.8969,10.76719
Tröglitz,Sachsen-Anhalt,51.07623,12.20646
Tröndel,Schlewig-Holstein,54.30053,10.56164
Tröstau,Bayern,50.02853,11.92826
Trügleben,Thüringen,50.93185,10.56086
Tschernitz,Brandenburg,51.5838,14.37591
Tschirn,Bayern,50.3948,11.45788
Tucheim,Sachsen-Anhalt,52.37445,12.17608
Tuchenbach,Bayern,49.51135,10.88933
Tuchtfeld,Niedersachsen,51.99054,9.56164
Tunau,Baden-Württemberg,47.77925,7.89383
Tuningen,Baden-Württemberg,48.02685,8.60222
Tuntenhausen,Bayern,47.93921,12.00643
Tunzenhausen,Thüringen,51.17087,11.16515
Turloff,Mecklenburg-Vorpommern,53.69223,11.86932
Turnow-Preilack,Brandenburg,51.85744,14.41276
Tussenhausen,Bayern,48.10308,10.55671
Tutow,Mecklenburg-Vorpommern,53.91804,13.24177
Tuttlingen,Baden-Württemberg,47.97096,8.81178
Tutzing,Bayern,47.89591,11.25436
Twedt,Schlewig-Holstein,54.57949,9.6396
Twieflingen,Niedersachsen,52.12527,10.91775
Twist,Niedersachsen,52.67249,7.0988
Twistetal,Hessen,51.33692,8.96526
Twistringen,Niedersachsen,52.79928,8.59451
Tylsen,Sachsen-Anhalt,52.78368,10.87672
Tyrlaching,Bayern,48.07042,12.6499
Täferrot,Baden-Württemberg,48.83212,9.81737
Tännesberg,Bayern,49.53561,12.32097
Tännich,Thüringen,50.73282,11.32871
Töfenreut,Bayern,47.91476,12.71913
Töging,Bayern,48.26465,12.58274
Tömmelsdorf,Thüringen,50.72386,11.83699
Tönisvorst,Nordrhein-Westfalen,51.32747,6.44385
Tönning,Schlewig-Holstein,54.31493,8.89021
Töpchin,Brandenburg,52.13471,13.61459
Töpen,Bayern,50.36194,11.9347
Töplitz,Brandenburg,52.46992,12.99658
Törber,Mecklenburg-Vorpommern,53.77944,11.04967
Törpt,Mecklenburg-Vorpommern,53.83187,10.87156
Töttelstädt,Thüringen,51.07449,10.85541
Töttleben,Thüringen,50.96935,11.15475
Tübingen,Baden-Württemberg,48.53199,9.04919
Tüchen,Brandenburg,53.13447,12.18056
Tülau,Niedersachsen,52.57875,10.8696
Tümlauer Koog,Schlewig-Holstein,54.3301,8.68304
Türkendorf,Brandenburg,51.5838,14.37591
Türkenfeld,Bayern,48.10528,11.08301
Türkheim,Bayern,48.05502,10.64199
Tüschow,Mecklenburg-Vorpommern,53.39957,10.9684
Tüttendorf,Schlewig-Holstein,54.4108,9.9788
Tüttleben,Thüringen,50.8969,10.76719
Tützpatz,Mecklenburg-Vorpommern,53.65186,13.12414
Tüzen,Mecklenburg-Vorpommern,53.8647,11.68699
Tüßling,Bayern,48.21081,12.61241
Ubstadt-Weiher,Baden-Württemberg,49.17331,8.6524
Uchtdorf,Sachsen-Anhalt,52.43399,11.81062
Uchte,Niedersachsen,52.51759,8.90667
Uchtspringe,Sachsen-Anhalt,52.62138,11.71825
Uckerland,Brandenburg,53.4504,13.80473
Uckro,Brandenburg,51.8536,13.75045
Udenheim,Rheinland-Pfalz,49.83958,8.15934
Uder,Thüringen,51.36287,10.07218
Udersleben,Thüringen,51.36678,11.29191
Udestedt,Thüringen,50.96935,11.15475
Udler,Rheinland-Pfalz,50.17706,6.88055
Uebigau,Brandenburg,51.5951,13.3007
Uebigau,Sachsen,51.28346,13.67654
Ueckermünde,Mecklenburg-Vorpommern,53.73431,14.04799
Uedem,Nordrhein-Westfalen,51.67382,6.28436
Uehlfeld,Bayern,49.67199,10.71839
Uehrde,Niedersachsen,52.14356,10.80059
Uelitz,Mecklenburg-Vorpommern,53.45201,11.42993
Uelsby,Schlewig-Holstein,54.62152,9.57061
Uelsen,Niedersachsen,52.49368,6.87831
Uelversheim,Rheinland-Pfalz,49.83783,8.25653
Uelvesbüll,Schlewig-Holstein,54.41585,9.01507
Uelzen,Niedersachsen,52.98284,10.59612
Uenglingen,Sachsen-Anhalt,52.62268,11.65093
Uenze,Brandenburg,53.11688,11.92614
Uersfeld,Rheinland-Pfalz,50.25494,7.01082
Uetersen,Schlewig-Holstein,53.68339,9.67107
Uettingen,Bayern,49.7953,9.72725
Uetz,Brandenburg,52.46992,12.99658
Uetz,Sachsen-Anhalt,52.43399,11.81062
Uetze,Niedersachsen,52.45894,10.16032
Ueß,Rheinland-Pfalz,50.25494,7.01082
Uffenheim,Bayern,49.53622,10.21878
Uffing,Bayern,47.71093,11.10315
Uhingen,Baden-Württemberg,48.71942,9.56919
Uhldingen-Mühlhofen,Baden-Württemberg,47.73826,9.23584
Uhlenbrook,Mecklenburg-Vorpommern,54.01771,11.69805
Uhler,Rheinland-Pfalz,50.10642,7.4625
Uhlstädt,Thüringen,50.73282,11.32871
Uhrsleben,Sachsen-Anhalt,52.22486,11.30453
Uhusmühle,Rheinland-Pfalz,50.19177,7.77045
Uhyst,Sachsen,51.39418,14.39717
Uichteritz,Sachsen-Anhalt,51.20958,11.94525
Ullersdorf,Brandenburg,51.98339,14.29955
Ullersdorf,Sachsen,51.13722,13.91787
Ulm,Baden-Württemberg,48.39737,9.98001
Ulmen,Rheinland-Pfalz,50.18685,7.00246
Ulmet,Rheinland-Pfalz,49.5803,7.51359
Ulrichstein,Hessen,50.57599,9.19291
Ulrikenhof,Mecklenburg-Vorpommern,53.86087,11.94391
Ulsnis,Schlewig-Holstein,54.57349,9.75492
Ulzigerode,Sachsen-Anhalt,51.63498,11.31101
Umkirch,Baden-Württemberg,48.0312,7.76745
Umleitungsdeich,Schlewig-Holstein,54.31935,9.4099
Ummanz,Mecklenburg-Vorpommern,54.50826,13.26102
Ummendorf,Baden-Württemberg,48.06482,9.82838
Ummendorf,Sachsen-Anhalt,52.14756,11.22068
Ummern,Niedersachsen,52.59682,10.43251
Ummerstadt,Thüringen,50.2795,10.72455
Umpferstedt,Thüringen,50.94415,11.42979
Unbesandten,Brandenburg,53.08315,11.49815
Undeloh,Niedersachsen,53.19734,9.97569
Undenheim,Rheinland-Pfalz,49.83783,8.25653
Ungerhausen,Bayern,48.0052,10.26685
Unkel,Rheinland-Pfalz,50.60269,7.25255
Unkenbach,Rheinland-Pfalz,49.72731,7.77112
Unlingen,Baden-Württemberg,48.16657,9.52186
Unna,Nordrhein-Westfalen,51.54068,7.68167
Unnau,Rheinland-Pfalz,50.65561,7.90708
Unseburg,Sachsen-Anhalt,51.941,11.42505
Unsleben,Bayern,50.35421,10.25788
Unter-Hainbrunn,Hessen,49.49927,8.9185
Unterammergau,Bayern,47.61643,11.02702
Unterbodnitz,Thüringen,50.85628,11.77906
Unterbreizbach,Thüringen,50.81649,9.97973
Unterbrüz,Mecklenburg-Vorpommern,53.58385,12.07135
Unterdielbach,Baden-Württemberg,49.46567,9.08078
Unterdietfurt,Bayern,48.38829,12.66336
Unterdießen,Bayern,47.9801,10.8287
Untere Horbachsmühle,Rheinland-Pfalz,49.78701,7.49201
Untere Kleinmichelesmühle,Baden-Württemberg,48.63389,9.12968
Untere Mühle,Baden-Württemberg,48.8126,8.68539
Untere Rauhmühle,Baden-Württemberg,48.63389,9.12968
Untere Ölmühle,Baden-Württemberg,49.03095,9.36318
Unteregg,Bayern,47.95466,10.48196
Untereinöd,Bayern,48.17294,12.31377
Untereisesheim,Baden-Württemberg,49.20961,9.20005
Unterellen,Thüringen,50.91344,10.20282
Unterensingen,Baden-Württemberg,48.65828,9.35612
Unterfischbach,Baden-Württemberg,49.00331,9.50248
Unterföhring,Bayern,48.19182,11.65694
Unterführbuch,Baden-Württemberg,48.21211,10.07158
Untergriesbach,Bayern,48.57512,13.66819
Untergruppenbach,Baden-Württemberg,49.09561,9.3197
Unterhaching,Bayern,48.06502,11.61759
Unterhain,Thüringen,50.65898,11.11527
Unterholzen,Bayern,47.91056,12.8186
Unterjeckenbach,Rheinland-Pfalz,49.66803,7.50509
Unterkaka,Sachsen-Anhalt,51.07981,11.93027
Unterkatz,Thüringen,50.60617,10.1562
Unterkirnach,Baden-Württemberg,48.07928,8.36659
Unterleinleiter,Bayern,49.82195,11.18916
Unterlemnitz,Thüringen,50.44155,11.61814
Unterloquitz,Thüringen,50.52977,11.3828
Unterlüß,Niedersachsen,52.84515,10.29166
Untermarchtal,Baden-Württemberg,48.2418,9.61187
Untermaßfeld,Thüringen,50.53061,10.35396
Untermeitingen,Bayern,48.16078,10.80704
Untermerzbach,Bayern,50.12712,10.85573
Untermittweilerhof,Rheinland-Pfalz,49.62698,7.81437
Untermoosen,Bayern,47.94403,12.69994
Untermödling,Bayern,48.17294,12.31377
Untermünkheim,Baden-Württemberg,49.15277,9.73381
Unterneukirchen,Bayern,48.16435,12.61956
Unterpleichfeld,Bayern,49.86802,10.04482
Unterpörlitz,Thüringen,50.69989,10.90656
Unterreichenbach,Baden-Württemberg,48.8126,8.68539
Unterreit,Bayern,48.12011,12.334
Unterrißdorf,Sachsen-Anhalt,51.552,11.61145
Unterrotenstein,Baden-Württemberg,48.11195,8.59994
Unterroth,Bayern,48.20309,10.17451
Unterschleißheim,Bayern,48.28218,11.56204
Unterschneidheim,Baden-Württemberg,48.94885,10.37532
Unterschops,Bayern,51.16569,10.45153
Unterschwaningen,Bayern,49.09454,10.62213
Unterschweinbach,Bayern,51.16569,10.45153
Unterschönau,Thüringen,50.70731,10.60131
Unterschönberg,Bayern,47.79891,11.81535
Untershausen,Rheinland-Pfalz,50.41991,7.93492
Untersiegenbühl,Baden-Württemberg,48.87062,10.02339
Untersiemau,Bayern,50.19726,10.96671
Unterstadion,Baden-Württemberg,48.2032,9.6886
Untersteinach,Bayern,50.13277,11.52586
Unterstreit,Bayern,48.03278,12.30562
Unterthierwasen,Rheinland-Pfalz,49.66696,7.98012
Unterthingau,Bayern,47.76971,10.48364
Unterwachingen,Baden-Württemberg,48.22995,9.63331
Unterwaldhausen,Baden-Württemberg,47.90315,9.47203
Unterweid,Thüringen,50.60617,10.1562
Unterweißbach,Thüringen,50.57293,11.13701
Unterwellenborn,Thüringen,50.65498,11.43811
Unterwendling,Bayern,47.94403,12.69994
Unterwirbach,Thüringen,50.64584,11.25088
Unterwössen,Bayern,47.73553,12.45713
Unterwürschnitz,Sachsen,50.34531,12.24269
Unteröd,Bayern,48.03278,12.30562
Untrasried,Bayern,47.82804,10.37998
Unzenberg,Rheinland-Pfalz,49.93805,7.2676
Upahl,Mecklenburg-Vorpommern,53.84653,11.18732
Upgant-Schott,Niedersachsen,53.50578,7.26072
Uphusum,Schlewig-Holstein,54.87299,8.89749
Uplengen,Niedersachsen,53.2895,7.7624
Upost,Mecklenburg-Vorpommern,53.83658,13.01175
Uppershausen,Rheinland-Pfalz,49.99551,6.23244
Urbach,Baden-Württemberg,48.8201,9.57757
Urbach,Rheinland-Pfalz,50.55898,7.59053
Urbach,Thüringen,51.37368,10.72714
Urbar,Rheinland-Pfalz,50.22929,7.65964
Urbich,Thüringen,50.96935,11.15475
Urfeld,Bayern,47.59139,11.31124
Urleben,Thüringen,51.16137,10.81909
Urmersbach,Rheinland-Pfalz,50.23911,7.19794
Urmitz,Rheinland-Pfalz,50.37288,7.4605
Urnshausen,Thüringen,50.76262,10.15593
Ursberg,Bayern,48.24862,10.44933
Urschmitt,Rheinland-Pfalz,50.14349,7.07033
Ursensollen,Bayern,49.40082,11.75674
Urspringen,Bayern,49.90182,9.67213
Usch,Rheinland-Pfalz,50.05755,6.60138
Usedom,Mecklenburg-Vorpommern,53.8773,13.92264
Userin,Mecklenburg-Vorpommern,53.35873,13.24523
Usingen,Hessen,50.35522,8.54355
Uslar,Niedersachsen,51.68839,9.65262
Ustersbach,Bayern,48.31601,10.64398
Utarp,Niedersachsen,53.59025,7.45803
Utecht,Mecklenburg-Vorpommern,53.77944,11.04967
Utenbach,Sachsen-Anhalt,51.10502,11.82778
Utendorf,Thüringen,50.53061,10.35396
Utershorst,Brandenburg,52.63142,12.81202
Utersum,Schlewig-Holstein,54.71822,8.5031
Uthausen,Sachsen-Anhalt,51.72882,12.45493
Uthleben,Thüringen,51.44697,10.87992
Uthlede,Niedersachsen,53.35816,8.65486
Uthmöden,Sachsen-Anhalt,52.33737,11.36597
Utscheid,Rheinland-Pfalz,49.90874,6.31392
Uttenreuth,Bayern,49.5973,11.07132
Uttenweiler,Baden-Württemberg,48.14888,9.61458
Utting,Bayern,48.01448,11.06721
Utzberg,Thüringen,50.9603,11.25562
Utzedel,Mecklenburg-Vorpommern,53.83658,13.01175
Utzenfeld,Baden-Württemberg,47.81294,7.90931
Utzenhain,Rheinland-Pfalz,50.11304,7.57863
Utzerath,Rheinland-Pfalz,50.17706,6.88055
Utzstetten,Baden-Württemberg,48.88261,9.81495
Vaale,Schlewig-Holstein,53.99341,9.35731
Vaalerfeld,Schlewig-Holstein,53.91479,9.23964
Vaalermoor,Schlewig-Holstein,53.99341,9.35731
Vacha,Thüringen,50.79847,10.05056
Vachdorf,Thüringen,50.53061,10.35396
Vachendorf,Bayern,47.84045,12.59315
Vahlberg,Niedersachsen,52.14356,10.80059
Vahlbruch,Niedersachsen,51.898,9.40266
Vahlde,Niedersachsen,53.20986,9.59277
Vahldorf,Sachsen-Anhalt,52.33737,11.36597
Vaihingen,Baden-Württemberg,48.94563,8.96707
Valfitz,Sachsen-Anhalt,52.79643,11.33372
Vallendar,Rheinland-Pfalz,50.40282,7.63874
Valley,Bayern,47.88964,11.7692
Valluhn,Mecklenburg-Vorpommern,53.5616,10.94705
Valwig,Rheinland-Pfalz,50.13726,7.17183
Varchentin,Mecklenburg-Vorpommern,53.51459,12.73048
Varel,Niedersachsen,53.39452,8.14041
Varrel,Niedersachsen,52.63152,8.69069
Vastorf,Niedersachsen,53.19161,10.57223
Vaterstetten,Bayern,48.1056,11.7754
Vatterode,Sachsen-Anhalt,51.59819,11.45869
Vechelde,Niedersachsen,52.25836,10.36267
Vechta,Niedersachsen,52.73493,8.28805
Veckenstedt,Sachsen-Anhalt,51.89536,10.70342
Veelböken,Mecklenburg-Vorpommern,53.67731,11.11736
Vehlefanz,Brandenburg,52.68143,13.14458
Vehlen,Brandenburg,52.36809,12.33949
Vehlgast,Sachsen-Anhalt,52.83068,12.16724
Vehlin,Brandenburg,52.98479,12.35979
Vehlitz,Sachsen-Anhalt,52.14254,11.95492
Vehlow,Brandenburg,52.98479,12.35979
Veilsdorf,Thüringen,50.40997,10.81414
Veitsbronn,Bayern,49.51135,10.88933
Veitshöchheim,Bayern,49.83812,9.89129
Veitsrodt,Rheinland-Pfalz,49.8124,7.25528
Velbert,Nordrhein-Westfalen,51.3372,7.07249
Velburg,Bayern,49.23116,11.67026
Velden,Bayern,48.97808,11.87908
Veldenz,Rheinland-Pfalz,49.89124,7.07324
Velen,Nordrhein-Westfalen,51.88076,6.93867
Velgast,Mecklenburg-Vorpommern,54.26756,12.81758
Vellahn,Mecklenburg-Vorpommern,53.39957,10.9684
Vellberg,Baden-Württemberg,49.10824,9.89932
Vellmar,Hessen,51.35924,9.46153
Velpke,Niedersachsen,52.40349,10.95532
Velsdorf,Sachsen-Anhalt,52.40715,11.20149
Velten,Brandenburg,52.68143,13.14458
Veltensmühle,Sachsen-Anhalt,51.93746,11.05498
Veltheim,Niedersachsen,52.21634,10.63707
Veltheim,Sachsen-Anhalt,51.978,10.73566
Vendersheim,Rheinland-Pfalz,49.84573,8.04891
Venningen,Rheinland-Pfalz,49.28569,8.21153
Ventschow,Mecklenburg-Vorpommern,53.79131,11.64686
Venusberg,Baden-Württemberg,47.98829,9.8235
Venusberg,Sachsen,50.67605,13.02002
Venusberg Spinnerei,Sachsen,50.67045,12.95129
Verchen,Mecklenburg-Vorpommern,53.83658,13.01175
Verden,Niedersachsen,52.9348,9.23296
Veringenstadt,Baden-Württemberg,48.18204,9.21332
Verl,Nordrhein-Westfalen,51.86091,8.52909
Verlorenwasser,Brandenburg,52.17817,12.6006
Versmold,Nordrhein-Westfalen,52.04559,8.18049
Vesser,Thüringen,50.60376,10.81291
Vestenbergsgreuth,Bayern,49.68878,10.65186
Vetschau,Brandenburg,51.78322,14.0757
Vettelschoß,Rheinland-Pfalz,50.61772,7.33208
Vettin,Brandenburg,53.13447,12.18056
Vettweiß,Nordrhein-Westfalen,50.75293,6.59793
Vichel,Brandenburg,52.8583,12.43437
Viechtach,Bayern,49.07942,12.88336
Viehle,Niedersachsen,53.25568,10.94552
Vielank,Mecklenburg-Vorpommern,53.23371,11.17997
Vielbach,Rheinland-Pfalz,50.553,7.80532
Vielist,Mecklenburg-Vorpommern,53.58217,12.50996
Vielitz,Brandenburg,52.9669,12.98502
Vienau,Sachsen-Anhalt,52.68707,11.4372
Vienenburg,Niedersachsen,51.96107,10.5693
Vierden,Niedersachsen,53.29205,9.51779
Viereck,Mecklenburg-Vorpommern,53.50257,13.99953
Viereth-Trunstadt,Bayern,49.92659,10.7511
Vierherrenborn,Rheinland-Pfalz,49.60112,6.68743
Vierhöfen,Niedersachsen,53.27166,10.21941
Vieritz,Brandenburg,52.5979,12.52041
Vierkirchen,Bayern,48.3629,11.46278
Vierkirchen,Sachsen,51.1406,14.79853
Viernau,Thüringen,50.66639,10.55494
Viernheim,Hessen,49.55744,8.57609
Vierraden,Brandenburg,53.21125,14.20947
Viersen,Nordrhein-Westfalen,51.25795,6.36851
Viesecke,Brandenburg,52.94993,11.96002
Vieselbach,Thüringen,50.96935,11.15475
Vietgest,Mecklenburg-Vorpommern,53.76022,12.38723
Vietmannsdorf,Brandenburg,53.18163,13.54788
Vietow,Mecklenburg-Vorpommern,53.39957,10.9684
Vietznitz,Brandenburg,52.73483,12.57911
Viez,Mecklenburg-Vorpommern,53.40188,11.24957
Viezen,Mecklenburg-Vorpommern,53.77814,12.01836
Viktoriastollen,Rheinland-Pfalz,50.088,7.76206
Vilgertshofen,Bayern,47.95803,10.94677
Villenbach,Bayern,48.55565,10.67544
Villingen-Schwenningen,Baden-Württemberg,48.05901,8.47357
Villingendorf,Baden-Württemberg,48.20225,8.59008
Villmar,Hessen,50.3982,8.23752
Vilsbiburg,Bayern,48.43777,12.34301
Vilseck,Bayern,49.61132,11.79917
Vilsheim,Bayern,48.44752,12.10574
Vilshofen,Bayern,48.61878,13.17481
Vimfow,Mecklenburg-Vorpommern,53.5239,11.79548
Vinningen,Rheinland-Pfalz,49.1291,7.54499
Vinzelberg,Sachsen-Anhalt,52.62138,11.71825
Vippachedelhausen,Thüringen,51.07341,11.29717
Vipperow,Mecklenburg-Vorpommern,53.32468,12.45353
Virneburg,Rheinland-Pfalz,50.36912,7.15165
Visbek,Niedersachsen,52.81939,8.31363
Visselhövede,Niedersachsen,52.98706,9.52937
Vissum,Sachsen-Anhalt,52.79643,11.33372
Vitense,Mecklenburg-Vorpommern,53.77944,11.04967
Vitte,Mecklenburg-Vorpommern,54.55054,13.10574
Vitzenburg,Sachsen-Anhalt,51.34216,11.58123
Viöl,Schlewig-Holstein,54.57018,9.1792
Vlotho,Nordrhein-Westfalen,52.14803,8.83018
Vockerode,Sachsen-Anhalt,51.83833,12.45993
Vockfey,Niedersachsen,53.25568,10.94552
Voerde,Nordrhein-Westfalen,51.60052,6.65441
Vogelkoje,Schlewig-Holstein,55.01864,8.40626
Vogelsang,Brandenburg,52.58524,13.96325
Vogelsang-Warsin,Mecklenburg-Vorpommern,53.71537,14.15981
Vogelsberg,Thüringen,51.17087,11.16515
Vogelsdorf,Brandenburg,52.52719,13.77215
Vogelsdorf,Sachsen-Anhalt,52.00893,10.86441
Voggenmühlhöfle,Baden-Württemberg,48.85548,9.70002
Vogt,Baden-Württemberg,47.77601,9.7675
Vogtareuth,Bayern,47.94224,12.1665
Vogthof,Rheinland-Pfalz,50.03236,7.28014
Vogtsburg,Baden-Württemberg,48.09516,7.63916
Vohburg,Bayern,48.76892,11.60982
Vohenstrauß,Bayern,49.61746,12.32934
Voigtsdorf,Mecklenburg-Vorpommern,53.5353,13.59334
Voigtsdorf,Sachsen,50.76124,13.41921
Voigtshain,Sachsen,51.38083,12.82912
Voigtstedt,Thüringen,51.36678,11.29191
Voitswinkl,Bayern,47.91476,12.71913
Volgfelde,Sachsen-Anhalt,52.62138,11.71825
Volkach,Bayern,49.86525,10.2314
Volkenschwand,Bayern,48.603,11.86495
Volkenshagen,Mecklenburg-Vorpommern,53.84653,11.18732
Volkerode,Thüringen,51.38965,10.16816
Volkertshausen,Baden-Württemberg,47.82191,8.87083
Volkerzen,Rheinland-Pfalz,50.7273,7.6948
Volkesfeld,Rheinland-Pfalz,50.39439,7.17277
Volkmannsdorf,Thüringen,50.6175,11.53625
Volkmarsen,Hessen,51.40442,9.09365
Volkstedt,Sachsen-Anhalt,51.552,11.61145
Volkstorf,Mecklenburg-Vorpommern,53.9075,10.97564
Vollenborn,Thüringen,51.36002,10.47949
Vollersode,Niedersachsen,53.3105,8.82622
Vollersroda,Thüringen,50.89675,11.26789
Vollerwiek,Schlewig-Holstein,54.33025,8.78223
Vollmersbach,Rheinland-Pfalz,49.8124,7.25528
Vollmershain,Thüringen,50.88529,12.31009
Vollmersweiler,Rheinland-Pfalz,49.01611,8.15813
Vollrathsruhe,Mecklenburg-Vorpommern,53.58217,12.50996
Vollstedt,Schlewig-Holstein,54.61951,8.96577
Volsemenhusen,Schlewig-Holstein,53.99023,9.11455
Voltlage,Niedersachsen,52.43932,7.73509
Volxheim,Rheinland-Pfalz,49.79997,7.90035
Volzrade,Mecklenburg-Vorpommern,53.30347,11.08369
Vorbach,Bayern,49.80357,11.74191
Vorbeck,Mecklenburg-Vorpommern,53.93303,12.10239
Vorbein,Mecklenburg-Vorpommern,53.99776,13.1547
Vorderhagen,Mecklenburg-Vorpommern,53.25568,10.94552
Vorderholzmühle,Bayern,48.03278,12.30562
Vorderleiten,Bayern,47.83296,12.74977
Vorderloh,Bayern,47.83296,12.74977
Vorderweidenthal,Rheinland-Pfalz,49.08987,7.96204
Vordorf,Niedersachsen,52.36978,10.50014
Vorra,Bayern,49.56158,11.47559
Vorsuchhütte,Bayern,50.15976,12.1187
Vorwerk,Niedersachsen,53.2239,9.07729
Vorwerk Friedrich,Rheinland-Pfalz,49.20919,8.37425
Voßkuhl,Mecklenburg-Vorpommern,53.90597,11.406
Vreden,Nordrhein-Westfalen,52.03611,6.82057
Vrees,Niedersachsen,52.82229,7.63096
Vögelsen,Niedersachsen,53.28263,10.34381
Vöhl,Hessen,51.20522,8.94419
Vöhrenbach,Baden-Württemberg,48.04528,8.30454
Vöhringen,Baden-Württemberg,48.33453,8.66385
Vöhringen,Bayern,48.28667,10.08229
Völkenroth,Rheinland-Pfalz,50.07132,7.44511
Völkershausen,Thüringen,50.79847,10.05056
Völkersweiler,Rheinland-Pfalz,49.16228,7.95873
Völklingen,Saarland,49.21667,6.79136
Völmlesmühle,Baden-Württemberg,48.59706,8.42184
Völpke,Sachsen-Anhalt,52.08624,11.11985
Völschow,Mecklenburg-Vorpommern,53.91804,13.24177
Vörstetten,Baden-Württemberg,48.06932,7.83706
Waabs,Schlewig-Holstein,54.53816,9.98281
Waake,Niedersachsen,51.54071,10.16298
Waakirchen,Bayern,47.77354,11.67387
Waal,Bayern,47.9958,10.77639
Wabern,Hessen,51.10116,9.35012
Wachau,Sachsen,51.13722,13.91787
Wachenheim,Rheinland-Pfalz,49.52973,8.20328
Wachenroth,Bayern,49.75984,10.70746
Wachow,Brandenburg,52.63142,12.81202
Wachsenburggemeinde,Thüringen,50.8101,10.96409
Wachstedt,Thüringen,51.26597,10.24972
Wachtberg,Nordrhein-Westfalen,50.61989,7.08699
Wachtendonk,Nordrhein-Westfalen,51.39699,6.32768
Wachtküppel,Hessen,50.44949,9.91982
Wacken,Schlewig-Holstein,54.02257,9.37994
Wackernheim,Rheinland-Pfalz,49.96537,8.13069
Wackerow,Mecklenburg-Vorpommern,53.89367,13.1535
Wackersberg,Bayern,47.74797,11.53287
Wackersdorf,Bayern,49.30206,12.19059
Wackersleben,Sachsen-Anhalt,52.08624,11.11985
Waddeweitz,Niedersachsen,52.99616,10.95934
Wadelsdorf,Brandenburg,51.5838,14.37591
Wadern,Saarland,49.54787,6.88424
Wadersloh,Nordrhein-Westfalen,51.71006,8.26113
Wadewitz,Sachsen-Anhalt,51.07623,12.20646
Wadgassen,Saarland,49.25681,6.80103
Waffenbrunn,Bayern,49.28535,12.6746
Waffenrod,Thüringen,50.50767,10.94296
Wagenfeld,Niedersachsen,52.54248,8.57142
Wagenhausen,Rheinland-Pfalz,50.12669,7.00744
Wagenhoff,Niedersachsen,52.55211,10.52296
Wagenitz,Brandenburg,52.63142,12.81202
Wagersrott,Schlewig-Holstein,54.64155,9.80308
Waghäusel,Baden-Württemberg,49.22446,8.51363
Waging,Bayern,47.94403,12.69994
Wagun,Mecklenburg-Vorpommern,53.94054,12.86979
Wahlbach,Rheinland-Pfalz,50.02507,7.63355
Wahlenau,Rheinland-Pfalz,49.90981,7.26124
Wahlendorf,Brandenburg,52.90326,12.72486
Wahlenhalden,Baden-Württemberg,48.91266,9.98096
Wahlhausen,Thüringen,51.36287,10.07218
Wahlheim,Rheinland-Pfalz,49.7021,8.1389
Wahlitz,Sachsen-Anhalt,52.14738,11.76182
Wahlrod,Rheinland-Pfalz,50.64911,7.69312
Wahlsburg,Hessen,51.64461,9.5385
Wahlsdorf,Brandenburg,51.95066,13.09874
Wahlstedt,Schlewig-Holstein,53.94939,10.16368
Wahlstorf,Mecklenburg-Vorpommern,53.46787,12.02471
Wahlstorf,Schlewig-Holstein,54.22409,10.29885
Wahns,Thüringen,50.60617,10.1562
Wahnwegen,Rheinland-Pfalz,49.477,7.34546
Wahrenberg,Sachsen-Anhalt,52.88777,11.75233
Wahrenbrück,Brandenburg,51.53215,13.37895
Wahrenholz,Niedersachsen,52.62579,10.59145
Wahrsow,Mecklenburg-Vorpommern,53.83187,10.87156
Wahrstorf,Mecklenburg-Vorpommern,53.95172,11.12204
Waiblingen,Baden-Württemberg,48.84464,9.31788
Waibstadt,Baden-Württemberg,49.3004,8.91976
Waidhaus,Bayern,49.64171,12.4962
Waidhofen,Bayern,48.57702,11.33414
Waigandshain,Rheinland-Pfalz,50.62348,8.07077
Waigolshausen,Bayern,49.96454,10.12067
Wain,Baden-Württemberg,48.18696,10.01735
Wainsdorf,Brandenburg,51.40396,13.57316
Waischenfeld,Bayern,49.84774,11.34686
Wakendorf,Mecklenburg-Vorpommern,53.8647,11.68699
Wakendorf,Schlewig-Holstein,53.78418,10.04081
Wakendorf I,Schlewig-Holstein,53.83793,10.18284
Walbeck,Sachsen-Anhalt,51.99593,11.28927
Walchenberg,Bayern,47.94545,12.60182
Walchensee,Bayern,47.59139,11.31124
Walchow,Brandenburg,52.76191,12.81194
Walchum,Niedersachsen,52.92839,7.22872
Wald,Baden-Württemberg,47.93638,9.17236
Wald,Bayern,48.16332,12.10618
Wald-Michelbach,Hessen,49.57829,8.84337
Walda,Sachsen,51.28346,13.67654
Waldachtal,Baden-Württemberg,48.49044,8.571
Waldalgesheim,Rheinland-Pfalz,49.95154,7.83428
Waldaschaff,Bayern,49.97377,9.29998
Waldau,Sachsen-Anhalt,51.07981,11.93027
Waldau,Thüringen,50.53285,10.897
Waldbreitbach,Rheinland-Pfalz,50.54968,7.41915
Waldbronn,Baden-Württemberg,48.92763,8.46888
Waldbrunn,Baden-Württemberg,49.46567,9.08078
Waldbrunn,Bayern,49.75916,9.80001
Waldbrunn,Hessen,50.50772,8.09206
Waldbröl,Nordrhein-Westfalen,50.85913,7.59813
Waldburg,Baden-Württemberg,47.75785,9.71844
Waldböckelheim,Rheinland-Pfalz,49.81528,7.71785
Waldbüttelbrunn,Bayern,49.78707,9.83858
Walddorfhäslach,Baden-Württemberg,48.59053,9.1667
Walddrehna,Brandenburg,51.8536,13.75045
Waldeck,Hessen,51.22819,9.04982
Waldeck,Mecklenburg-Vorpommern,53.84653,11.18732
Waldeck,Rheinland-Pfalz,49.16228,7.95873
Waldeck,Thüringen,50.85628,11.77906
Waldems,Hessen,50.26496,8.35695
Waldenbuch,Baden-Württemberg,48.63389,9.12968
Waldenburg,Baden-Württemberg,49.17622,9.64068
Waldenburg,Sachsen,50.88713,12.58658
Waldenhofen,Baden-Württemberg,48.0876,10.06247
Walderbach,Bayern,49.18646,12.38076
Waldershof,Bayern,49.98029,12.0645
Waldesch,Rheinland-Pfalz,50.27721,7.53602
Waldfeucht,Nordrhein-Westfalen,51.04119,6.1041
Waldfischbach-Burgalben,Rheinland-Pfalz,49.28885,7.67025
Waldfriede,Rheinland-Pfalz,50.04244,7.42464
Waldfrieden,Sachsen-Anhalt,52.83068,12.16724
Waldfrieden-Schweizertal,Rheinland-Pfalz,50.31612,7.69362
Waldgrehweiler,Rheinland-Pfalz,49.74161,7.86568
Waldhambach,Rheinland-Pfalz,49.16228,7.95873
Waldhaus,Sachsen,50.62304,12.46217
Waldhaus Grebe,Hessen,50.9316,8.51839
Waldheim,Brandenburg,52.56966,13.07517
Waldheim,Sachsen,51.07379,13.0277
Waldhof,Brandenburg,53.11688,11.92614
Waldhof,Rheinland-Pfalz,49.08987,7.96204
Waldhof-Falkenstein,Rheinland-Pfalz,49.99551,6.23244
Waldhufen,Sachsen,51.28469,14.70593
Waldkappel,Hessen,51.14572,9.87721
Waldkirch,Baden-Württemberg,48.09179,7.98145
Waldkirchen,Bayern,48.72913,13.60091
Waldkirchen,Sachsen,50.66006,12.75369
Waldkraiburg,Bayern,48.20172,12.42022
Waldlaubersheim,Rheinland-Pfalz,49.96077,7.71575
Waldleiningen,Rheinland-Pfalz,49.45475,7.91151
Waldmohr,Rheinland-Pfalz,49.3918,7.34319
Waldmühlen,Rheinland-Pfalz,50.57669,8.04837
Waldmünchen,Bayern,49.37832,12.70581
Waldorf,Rheinland-Pfalz,50.49918,7.27165
Waldow,Brandenburg,51.99014,13.77779
Waldow-Sacrow,Brandenburg,51.91288,14.12376
Waldrach,Rheinland-Pfalz,49.74471,6.76164
Waldrohrbach,Rheinland-Pfalz,49.16228,7.95873
Waldsassen,Bayern,50.00284,12.30554
Waldschmidtmühle,Rheinland-Pfalz,50.30837,7.80944
Waldsee,Rheinland-Pfalz,49.39818,8.44362
Waldshagen,Schlewig-Holstein,54.1684,10.43229
Waldshut-Tiengen,Baden-Württemberg,47.65333,8.27213
Waldsieversdorf,Brandenburg,52.568,14.07353
Waldsolms,Hessen,50.43481,8.49711
Waldstadt,Brandenburg,52.13528,13.3709
Waldstetten,Baden-Württemberg,48.75278,9.83332
Waldstetten,Bayern,48.34914,10.29325
Waldthurn,Bayern,49.67256,12.3314
Waldweiler,Rheinland-Pfalz,49.6347,6.78629
Walhausen,Rheinland-Pfalz,50.03236,7.28014
Walheim,Baden-Württemberg,49.01577,9.14114
Walkendorf,Mecklenburg-Vorpommern,53.97155,12.70468
Walkenried,Niedersachsen,51.58783,10.61172
Walkertshofen,Bayern,48.22619,10.58352
Walksfelde,Schlewig-Holstein,53.6572,10.58045
Wall,Brandenburg,52.90326,12.72486
Wallbach,Thüringen,50.60965,10.38398
Walldorf,Baden-Württemberg,49.29679,8.63879
Walldorf,Thüringen,50.60965,10.38398
Walldürn,Baden-Württemberg,49.62203,9.33076
Wallen,Schlewig-Holstein,54.30468,9.24434
Wallenborn,Rheinland-Pfalz,50.13325,6.7214
Wallendorf,Rheinland-Pfalz,49.90874,6.31392
Wallendorf,Sachsen-Anhalt,51.35911,12.08754
Wallenfels,Bayern,50.26838,11.4717
Wallenhorst,Niedersachsen,52.33309,8.04122
Wallenried,Bayern,47.95466,10.48196
Wallerfangen,Saarland,49.3271,6.64343
Wallerfing,Bayern,48.68408,12.88011
Wallersdorf,Bayern,48.72751,12.75845
Wallersheim,Rheinland-Pfalz,50.13897,6.34764
Wallerstein,Bayern,48.88695,10.47694
Wallertheim,Rheinland-Pfalz,49.84573,8.04891
Wallgau,Bayern,47.5214,11.28178
Wallhalben,Rheinland-Pfalz,49.31719,7.52115
Wallhausen,Baden-Württemberg,49.21239,10.06773
Wallhausen,Rheinland-Pfalz,49.86385,7.73176
Wallhausen,Sachsen-Anhalt,51.45058,11.23554
Wallichen,Thüringen,50.96935,11.15475
Wallitz,Brandenburg,53.1613,12.75199
Wallmenroth,Rheinland-Pfalz,50.78742,7.84116
Wallmerod,Rheinland-Pfalz,50.48113,7.94372
Wallmoden,Niedersachsen,51.98929,10.26786
Wallmow,Brandenburg,53.3194,13.87248
Wallroda,Sachsen,51.09461,13.98915
Wallsbüll,Schlewig-Holstein,54.7584,9.18419
Wallscheid,Rheinland-Pfalz,50.09606,6.82754
Wallstawe,Sachsen-Anhalt,52.78368,10.87672
Walluf,Hessen,50.04405,8.15028
Wallwitz,Sachsen-Anhalt,51.87394,11.94096
Walow,Mecklenburg-Vorpommern,53.32468,12.45353
Walpernhain,Thüringen,50.96331,11.98367
Walpertskirchen,Bayern,48.25937,11.9774
Walschleben,Thüringen,51.04516,10.95031
Walsdorf,Bayern,49.87235,10.78278
Walsdorf,Rheinland-Pfalz,50.30522,6.69693
Walshausen,Rheinland-Pfalz,49.19984,7.46936
Walsheim,Rheinland-Pfalz,49.23721,8.0906
Walsleben,Brandenburg,52.90326,12.72486
Walsleben,Sachsen-Anhalt,52.78907,11.72233
Walsrode,Niedersachsen,52.87944,9.52118
Waltenhausen,Bayern,48.19913,10.38575
Waltenhofen,Bayern,47.65053,10.26162
Walternienburg,Sachsen-Anhalt,52.00334,12.22069
Walterschen,Rheinland-Pfalz,50.64756,7.52776
Waltersdorf,Brandenburg,52.05295,13.47619
Waltersdorf,Sachsen,50.86899,14.64971
Waltersdorf,Thüringen,50.87287,12.09357
Waltershausen,Thüringen,50.93185,10.56086
Waltershofen,Bayern,51.16569,10.45153
Waltersleben,Thüringen,50.9143,11.15061
Walthersdorf,Sachsen,50.51179,12.93933
Walting,Bayern,48.92265,11.29679
Waltrop,Nordrhein-Westfalen,51.62966,7.40297
Walzbachtal,Baden-Württemberg,49.0141,8.60359
Walzenmühle,Baden-Württemberg,48.66544,9.11433
Wambacherhof,Rheinland-Pfalz,49.65376,7.87329
Wamckow,Mecklenburg-Vorpommern,53.69223,11.86932
Wandersleben,Thüringen,50.8969,10.76719
Wanderup,Schlewig-Holstein,54.67992,9.32029
Wandlitz,Brandenburg,52.7836,13.49036
Wanfried,Hessen,51.18154,10.17379
Wang,Bayern,48.47061,11.94057
Wangelau,Schlewig-Holstein,53.43479,10.5472
Wangelnstedt,Niedersachsen,51.85165,9.61033
Wangels,Schlewig-Holstein,54.31612,10.88063
Wangen,Baden-Württemberg,48.208,9.71508
Wangen,Sachsen-Anhalt,51.25181,11.52892
Wangenheim,Thüringen,50.8969,10.76719
Wangerland,Niedersachsen,53.67002,7.93009
Wangerooge,Niedersachsen,53.78917,7.90258
Wankendorf,Schlewig-Holstein,54.11993,10.2282
Wanna,Niedersachsen,53.74236,8.81067
Wannefeld,Sachsen-Anhalt,52.53867,11.40509
Wannweil,Baden-Württemberg,48.51085,9.15356
Wansdorf,Brandenburg,52.63142,12.81202
Wansleben am See,Sachsen-Anhalt,51.45848,11.74907
Wanzer,Sachsen-Anhalt,52.88777,11.75233
Wanzleben,Sachsen-Anhalt,52.07002,11.36887
Wanzlitz,Mecklenburg-Vorpommern,53.27783,11.6271
Wapelfeld,Schlewig-Holstein,54.10997,9.68736
Warberg,Niedersachsen,52.17806,10.92057
Warburg,Nordrhein-Westfalen,51.47561,9.13099
Wardenburg,Niedersachsen,53.04668,8.15232
Warder,Schlewig-Holstein,54.21454,9.88897
Wardow,Mecklenburg-Vorpommern,53.90807,12.34444
Waren,Mecklenburg-Vorpommern,53.51459,12.73048
Warendorf,Nordrhein-Westfalen,51.95423,7.95922
Warin,Mecklenburg-Vorpommern,53.79131,11.64686
Warlin,Mecklenburg-Vorpommern,53.60399,13.28988
Warlitz,Mecklenburg-Vorpommern,53.40188,11.24957
Warlow,Mecklenburg-Vorpommern,53.33713,11.46798
Warmensteinach,Bayern,49.99466,11.77821
Warmsen,Niedersachsen,52.43787,8.8237
Warmsroth,Rheinland-Pfalz,49.97605,7.74977
Warnau,Sachsen-Anhalt,52.58293,12.03886
Warnau,Schlewig-Holstein,54.17627,10.19297
Warngau,Bayern,47.83156,11.71662
Warnitz,Brandenburg,53.3194,13.87248
Warnkenhagen,Mecklenburg-Vorpommern,53.89966,11.79862
Warnow,Mecklenburg-Vorpommern,53.81233,11.60284
Warnsdorf,Brandenburg,53.31257,12.24274
Warnstedt,Sachsen-Anhalt,51.7288,11.0004
Warpe,Niedersachsen,52.77967,9.13064
Warrenzin,Mecklenburg-Vorpommern,53.83658,13.01175
Warringholz,Schlewig-Holstein,54.04702,9.4811
Warsow,Brandenburg,52.73483,12.57911
Warsow,Mecklenburg-Vorpommern,53.5345,11.35112
Warstein,Nordrhein-Westfalen,51.4534,8.29458
Wartbichl,Bayern,51.16569,10.45153
Wartenberg,Bayern,48.39051,11.98002
Wartenberg,Hessen,50.6195,9.43755
Wartenberg-Rohrbach,Rheinland-Pfalz,49.51141,7.86495
Wartenburg,Sachsen-Anhalt,51.78455,12.65939
Wartenstein,Rheinland-Pfalz,49.78701,7.49201
Warthausen,Baden-Württemberg,48.13723,9.77983
Warthof,Baden-Württemberg,49.03752,9.44713
Wartin,Brandenburg,53.21125,14.20947
Wartmannsroth,Bayern,50.16622,9.78757
Warwerort,Schlewig-Holstein,54.16454,8.84074
Warza,Thüringen,50.8969,10.76719
Wasbek,Schlewig-Holstein,54.07249,9.89598
Wasbüttel,Niedersachsen,52.41543,10.59116
Waschow,Mecklenburg-Vorpommern,53.50693,11.07801
Wasdow,Mecklenburg-Vorpommern,53.97155,12.70468
Wasenbach,Rheinland-Pfalz,50.29585,7.91754
Washof,Bayern,48.55695,11.4957
Wassenach,Rheinland-Pfalz,50.42953,7.24435
Wassenberg,Nordrhein-Westfalen,51.11305,6.13289
Wasserburg,Bayern,47.81252,10.91693
Wasserleben,Sachsen-Anhalt,51.89536,10.70342
Wasserliesch,Rheinland-Pfalz,49.70675,6.54001
Wasserlosen,Bayern,50.07678,10.03914
Wassermühle,Schlewig-Holstein,54.3764,9.31493
Wassersuppe,Brandenburg,52.5979,12.52041
Wasserthaleben,Thüringen,51.23446,10.93052
Wassertrüdingen,Bayern,49.04835,10.62459
Wasungen,Thüringen,50.60617,10.1562
Waterdiek,Schlewig-Holstein,54.4108,9.9788
Waterloo,Brandenburg,53.1628,11.7454
Wathlingen,Niedersachsen,52.53571,10.14487
Wattenbek,Schlewig-Holstein,54.159,10.02726
Wattendorf,Bayern,50.02512,11.13355
Wattenheim,Rheinland-Pfalz,49.51225,8.02941
Wattmannshagen,Mecklenburg-Vorpommern,53.76022,12.38723
Watzerath,Rheinland-Pfalz,50.22251,6.4231
Watzkendorf,Mecklenburg-Vorpommern,53.35873,13.24523
Watzlsteg,Bayern,49.20211,12.88268
Watzmannhaus,Bayern,47.57464,12.86485
Watzumer Häuschen,Niedersachsen,52.27321,10.79297
Wawern,Rheinland-Pfalz,49.87514,6.51088
Waxweiler,Rheinland-Pfalz,50.08513,6.38539
Waßmannsdorf,Brandenburg,52.3544,13.39417
Webau,Sachsen-Anhalt,51.15637,12.09987
Webelsfelde,Mecklenburg-Vorpommern,53.67731,11.11736
Weberhäusl,Bayern,47.91476,12.71913
Weberin,Mecklenburg-Vorpommern,53.71009,11.68974
Weberstedt,Thüringen,51.09493,10.62322
Webling,Bayern,48.55695,11.4957
Wechingen,Bayern,48.8928,10.61476
Wechmar,Thüringen,50.8969,10.76719
Wechselburg,Sachsen,51.04474,12.79055
Weckersdorf,Thüringen,50.62924,12.03912
Weddelbrook,Schlewig-Holstein,53.91034,9.84381
Weddersleben,Sachsen-Anhalt,51.7288,11.0004
Wedderstedt,Sachsen-Anhalt,51.87194,11.29165
Weddingstedt,Schlewig-Holstein,54.23622,9.08987
Wedel,Schlewig-Holstein,53.59361,9.69918
Wedemark,Niedersachsen,52.53907,9.72267
Wedendorf,Mecklenburg-Vorpommern,53.77944,11.04967
Wedlitz,Sachsen-Anhalt,51.83626,11.76606
Wedringen,Sachsen-Anhalt,52.33737,11.36597
Weede,Schlewig-Holstein,53.92727,10.29327
Weener,Niedersachsen,53.14416,7.32147
Weenzen,Niedersachsen,52.02,9.67281
Wees,Schlewig-Holstein,54.80604,9.51603
Weesby,Schlewig-Holstein,54.8114,9.19547
Weesow,Brandenburg,52.62056,13.67405
Weeze,Nordrhein-Westfalen,51.62646,6.18065
Wefensleben,Sachsen-Anhalt,52.14756,11.22068
Weferlingen,Sachsen-Anhalt,52.32959,11.11053
Weg,Bayern,48.36836,11.99275
Wegberg,Nordrhein-Westfalen,51.14905,6.24542
Wegefarth,Sachsen,50.89707,13.25384
Wegeleben,Sachsen-Anhalt,51.88217,11.17231
Wegensen,Niedersachsen,51.99054,9.56164
Wegenstedt,Sachsen-Anhalt,52.40715,11.20149
Weggen-Ziegelhütte,Baden-Württemberg,48.85809,9.79316
Wegscheid,Bayern,48.60059,13.7859
Wehingen,Baden-Württemberg,48.14598,8.81017
Wehnde,Thüringen,51.45727,10.36357
Wehningen,Niedersachsen,53.25568,10.94552
Wehr,Baden-Württemberg,47.63008,7.90575
Wehr,Rheinland-Pfalz,50.42953,7.24435
Wehrbleck,Niedersachsen,52.63152,8.69069
Wehretal,Hessen,51.15483,9.99923
Wehrhain,Brandenburg,51.74171,13.42121
Wehrheim,Hessen,50.30515,8.58811
Wehringen,Bayern,48.24621,10.79918
Weiberhof,Bayern,50.01195,9.29439
Weibern,Rheinland-Pfalz,50.39439,7.17277
Weibersbrunn,Bayern,49.93091,9.36491
Weibhausen,Bayern,47.91476,12.71913
Weichering,Bayern,48.71109,11.32512
Weichs,Bayern,48.38742,11.41983
Weickelsdorf,Sachsen-Anhalt,51.00979,12.03229
Weida,Thüringen,50.77886,12.01822
Weiden,Bayern,49.67435,12.14895
Weiden,Rheinland-Pfalz,49.8124,7.25528
Weiden,Thüringen,51.07341,11.29717
Weidenbach,Bayern,49.20682,10.62467
Weidenbach,Rheinland-Pfalz,50.16732,7.28976
Weidenberg,Bayern,49.94126,11.72274
Weidenhahn,Rheinland-Pfalz,50.553,7.80532
Weidenhain,Sachsen,51.54863,12.95254
Weidenhell,Rheinland-Pfalz,50.06018,7.12322
Weidenhof,Schlewig-Holstein,54.08111,9.28913
Weidenstetten,Baden-Württemberg,48.55179,9.99541
Weidenthal,Rheinland-Pfalz,49.42175,7.99067
Weidhausen,Bayern,50.20333,11.14149
Weiding,Bayern,49.14624,12.8649
Weidingen,Rheinland-Pfalz,49.99789,6.49627
Weiditz,Sachsen,51.04474,12.79055
Weidmannsruh,Brandenburg,51.95066,13.09874
Weifa,Sachsen,51.09697,14.30669
Weigendorf,Bayern,49.49843,11.56953
Weigenheim,Bayern,49.53622,10.21878
Weihenzell,Bayern,49.35558,10.62817
Weiherhammer,Bayern,49.63169,12.05026
Weiherhof,Baden-Württemberg,48.39875,8.71917
Weihermühle,Rheinland-Pfalz,49.26457,7.57503
Weihmichl,Bayern,48.60233,12.04428
Weikersheim,Baden-Württemberg,49.48366,9.87968
Weil,Bayern,48.11828,10.92443
Weil am Rhein,Baden-Württemberg,47.60524,7.61039
Weil der Stadt,Baden-Württemberg,48.75157,8.85444
Weil im Schönbuch,Baden-Württemberg,48.61372,9.06572
Weilar,Thüringen,50.76262,10.15593
Weilbach,Bayern,49.66863,9.21035
Weilburg,Hessen,50.47974,8.26159
Weilen,Baden-Württemberg,48.18886,8.77344
Weiler,Rheinland-Pfalz,50.06347,7.40726
Weiler-Simmerberg,Bayern,47.58241,9.90906
Weilerbach,Rheinland-Pfalz,49.48062,7.63106
Weilersbach,Bayern,49.7465,11.12638
Weilerswist,Nordrhein-Westfalen,50.73958,6.82933
Weilheim,Baden-Württemberg,48.14707,8.86754
Weilheim,Bayern,47.84553,11.15636
Weilmünster,Hessen,50.42961,8.3797
Weilrod,Hessen,50.32407,8.40117
Weiltingen,Bayern,49.02308,10.45578
Weimar,Hessen,50.73446,8.703
Weimar,Thüringen,50.98239,11.33328
Weinbach,Hessen,50.43524,8.30158
Weinbergen,Thüringen,51.23119,10.58734
Weinböhla,Sachsen,51.18102,13.55094
Weingarten,Baden-Württemberg,48.22595,9.27462
Weingarten,Bayern,48.17294,12.31377
Weingarten,Rheinland-Pfalz,49.26549,8.30119
Weingarten,Thüringen,50.8969,10.76719
Weinheim,Baden-Württemberg,49.54075,8.66205
Weinolsheim,Rheinland-Pfalz,49.83783,8.25653
Weinsberg,Baden-Württemberg,49.15828,9.30142
Weinsheim,Rheinland-Pfalz,50.04318,7.07743
Weinstadt,Baden-Württemberg,48.81053,9.38682
Weinähr,Rheinland-Pfalz,50.28074,7.83452
Weira,Thüringen,50.73505,11.72756
Weisbach,Thüringen,50.44155,11.61814
Weisbrunn,Bayern,47.96918,12.56712
Weischlitz,Sachsen,50.44742,12.05806
Weischütz,Sachsen-Anhalt,51.21757,11.65896
Weisel,Rheinland-Pfalz,50.12677,7.76569
Weisen,Brandenburg,52.98856,11.7934
Weisenbach,Baden-Württemberg,48.72314,8.35713
Weisendorf,Bayern,49.62547,10.81878
Weisenheim am Berg,Rheinland-Pfalz,49.51237,8.15079
Weisenheim am Sand,Rheinland-Pfalz,49.51489,8.24593
Weisham,Bayern,47.96918,12.56712
Weiskirchen,Saarland,49.54146,6.81976
Weismain,Bayern,50.08633,11.24197
Weissach,Baden-Württemberg,48.88252,9.2149
Weisweil,Baden-Württemberg,48.19719,7.67753
Weitefeld,Rheinland-Pfalz,50.72733,7.92743
Weitendorf,Mecklenburg-Vorpommern,53.84138,11.81339
Weitenhagen,Mecklenburg-Vorpommern,54.15202,13.129
Weitersbach,Rheinland-Pfalz,49.8793,7.33671
Weitersborn,Rheinland-Pfalz,49.85152,7.52854
Weitersburg,Rheinland-Pfalz,50.41706,7.61967
Weitersglashütte,Sachsen,50.49494,12.59966
Weiterstadt,Hessen,49.9163,8.5944
Weitersweiler,Rheinland-Pfalz,49.65376,7.87329
Weitmoos,Bayern,48.03278,12.30562
Weitnau,Bayern,47.6407,10.1258
Weitramsdorf,Bayern,50.24319,10.86704
"Weitwies, Gem Neukirchen",Bayern,47.83296,12.74977
Weitzgrund,Brandenburg,52.17817,12.6006
Weißach,Bayern,47.65966,11.80917
Weißack,Brandenburg,51.8536,13.75045
Weißandt-Gölzau,Sachsen-Anhalt,51.71349,12.0183
Weißbach,Baden-Württemberg,49.31736,9.60369
Weißbach,Bayern,47.94403,12.69994
Weißbach,Sachsen,51.04474,12.79055
Weißbach,Thüringen,50.85628,11.77906
Weißbach b Königsbrück,Sachsen,51.26567,13.90437
Weißdorf,Bayern,50.18792,11.84903
Weiße Krug,Mecklenburg-Vorpommern,53.79131,11.64686
Weißen,Brandenburg,51.95066,13.09874
Weißenberg,Sachsen,51.14858,14.56955
Weißenborn,Hessen,51.11148,10.14357
Weißenborn,Sachsen,50.89707,13.25384
Weißenborn,Sachsen-Anhalt,51.00979,12.03229
Weißenborn,Thüringen,50.92224,11.87041
Weißenborn-Lüderode,Thüringen,51.5255,10.43203
Weißenbrunn,Bayern,50.20046,11.34643
Weißenburg,Bayern,49.02723,10.97104
Weißenburg,Thüringen,51.17087,11.16515
Weißendiez,Thüringen,50.85724,10.09967
Weißendorf,Thüringen,50.69536,12.01062
Weißenfeld,Bayern,48.14406,11.7296
Weißenfels,Sachsen-Anhalt,51.20958,11.94525
Weißenhorn,Bayern,48.3168,10.1963
Weißenohe,Bayern,49.62566,11.27219
Weißensberg,Bayern,47.58568,9.72472
Weißenschirmbach,Sachsen-Anhalt,51.34216,11.58123
Weißensee,Thüringen,51.19545,11.0682
"Weißenseifen, Gem Mürlenbach",Rheinland-Pfalz,50.13897,6.34764
"Weißenseifen, Gem Wallersheim",Rheinland-Pfalz,50.13897,6.34764
Weißenstadt,Bayern,50.09964,11.89561
Weißenthurm,Rheinland-Pfalz,50.41731,7.456
Weißer Hirsch,Schlewig-Holstein,53.69823,10.77178
Weißewarte,Sachsen-Anhalt,52.43399,11.81062
Weißig a Raschütz,Sachsen,51.28346,13.67654
Weißkeißel,Sachsen,51.52022,14.71466
Weißkirchhof,Hessen,50.18037,9.229
Weißnaußlitz,Sachsen,51.17798,14.32045
Weißwasser,Sachsen,51.42693,14.5988
Welbsleben,Sachsen-Anhalt,51.66227,11.46802
Welcherath,Rheinland-Pfalz,50.3,6.87738
Welchweiler,Rheinland-Pfalz,49.5803,7.51359
Welden,Bayern,48.45677,10.66024
Welfesholz,Sachsen-Anhalt,51.66227,11.46802
Welgesheim,Rheinland-Pfalz,49.86006,7.98988
Welkenbach,Rheinland-Pfalz,50.66528,7.76381
Welle,Niedersachsen,53.23462,9.80279
Wellen,Rheinland-Pfalz,49.63944,6.54156
Wellen,Sachsen-Anhalt,52.13518,11.50131
Wellendingen,Baden-Württemberg,48.14711,8.69937
Wellheim,Bayern,48.81765,11.08342
Welling,Rheinland-Pfalz,50.25312,7.30524
Wellingshof,Baden-Württemberg,48.77834,9.53103
Wellmitz,Brandenburg,52.0884,14.6454
Wellspang,Schlewig-Holstein,54.62152,9.57061
Welmbüttel,Schlewig-Holstein,54.21905,9.28347
Welschbillig,Rheinland-Pfalz,49.85309,6.5694
Welschenbach,Rheinland-Pfalz,50.36912,7.15165
Welschneudorf,Rheinland-Pfalz,50.41991,7.93492
Welschrötherhof,Rheinland-Pfalz,49.78701,7.49201
Welsebruch,Brandenburg,53.21125,14.20947
Welsickendorf,Brandenburg,51.95066,13.09874
Welsigke,Brandenburg,52.07082,12.69015
Welsleben,Sachsen-Anhalt,51.97447,11.65596
Welsow,Brandenburg,53.04259,13.98426
Welt,Schlewig-Holstein,54.33025,8.78223
Welterod,Rheinland-Pfalz,50.19177,7.77045
Weltersburg,Rheinland-Pfalz,50.55079,7.9309
Weltwitz,Thüringen,50.72386,11.83699
Welver,Nordrhein-Westfalen,51.61167,7.99824
Welzheim,Baden-Württemberg,48.89043,9.64704
Welzin,Mecklenburg-Vorpommern,53.95172,11.12204
Welzmühle,Bayern,50.20046,11.34643
Welzow,Brandenburg,51.57997,14.17262
Wembach,Baden-Württemberg,47.77925,7.89383
Wemding,Bayern,48.87646,10.71853
Wenddorf,Sachsen-Anhalt,52.43399,11.81062
Wendeberg,Brandenburg,52.5979,12.52041
Wendeburg,Niedersachsen,52.32076,10.38628
Wendehausen,Thüringen,51.16117,10.23912
Wendelsheim,Rheinland-Pfalz,49.7021,8.1389
Wendelstein,Bayern,49.3447,11.16955
Wendelstorf,Mecklenburg-Vorpommern,54.10838,11.67445
Wendemark,Sachsen-Anhalt,52.88777,11.75233
Wenden,Nordrhein-Westfalen,50.9669,7.86835
Wendisch Baggendorf,Mecklenburg-Vorpommern,54.06675,12.93058
Wendisch Evern,Niedersachsen,53.21547,10.46996
Wendisch Priborn,Mecklenburg-Vorpommern,53.43336,12.25348
Wendisch Rambow,Mecklenburg-Vorpommern,53.79058,11.4282
Wendisch Rietz,Brandenburg,52.21586,14.00835
Wendisch Waren,Mecklenburg-Vorpommern,53.58385,12.07135
Wendlingen,Baden-Württemberg,48.66838,9.39093
Wendorf,Mecklenburg-Vorpommern,53.95238,11.93522
Wendtorf,Schlewig-Holstein,54.40222,10.22559
Weng,Bayern,48.66361,12.3683
Wengelsdorf,Sachsen-Anhalt,51.26099,12.0265
Wenigenehrich,Thüringen,51.28627,10.73382
Wenigenlupnitz,Thüringen,50.91344,10.20282
Wenigensömmern,Thüringen,51.17087,11.16515
Wenigentaft,Thüringen,50.73072,9.98459
Wenigossa,Sachsen,51.05507,12.68595
Wennbüttel,Schlewig-Holstein,54.14287,9.27245
Wennigsen,Niedersachsen,52.26045,9.58125
Wenningstedt,Schlewig-Holstein,54.9349,8.33393
Wense,Niedersachsen,52.89587,9.71783
Wensickendorf,Brandenburg,52.74392,13.36149
Wensin,Schlewig-Holstein,54.00125,10.41829
Wentdorf,Brandenburg,52.98856,11.7934
Wentorf,Schlewig-Holstein,53.62257,10.39102
Wenze,Sachsen-Anhalt,52.62603,11.17187
Wenzenbach,Bayern,49.07494,12.2013
Wenzendorf,Niedersachsen,53.37202,9.73968
Wenzlow,Brandenburg,52.48522,12.5601
Werbach,Baden-Württemberg,49.67102,9.64138
Werbellin,Brandenburg,52.84992,13.68287
Werben,Brandenburg,52.01963,13.80804
Werben,Sachsen-Anhalt,52.88777,11.75233
Werbig,Brandenburg,52.20771,13.35325
Werchau,Brandenburg,51.72081,13.2298
Werchow,Brandenburg,51.72805,13.9005
Werda,Sachsen,50.44813,12.35966
Werdau,Sachsen,50.74101,12.37568
Werder,Brandenburg,52.399,13.3507
Werder,Mecklenburg-Vorpommern,53.61436,12.65989
Werdohl,Nordrhein-Westfalen,51.24752,7.75883
Werdum,Niedersachsen,53.64487,7.60792
Werenzhain,Brandenburg,51.64717,13.49567
Wergzahna,Brandenburg,51.95066,13.09874
Werkhausen,Rheinland-Pfalz,50.717,7.53308
Werl,Nordrhein-Westfalen,51.55482,7.89981
Werlaburgdorf,Niedersachsen,52.02221,10.54003
Werle,Mecklenburg-Vorpommern,53.27783,11.6271
Werlte,Niedersachsen,52.82229,7.63096
Wermelskirchen,Nordrhein-Westfalen,51.10308,7.22408
Wermsdorf,Sachsen,51.32142,12.97913
Wernau,Baden-Württemberg,48.69146,9.41793
Wernberg-Köblitz,Bayern,49.55268,12.1617
Wernburg,Thüringen,50.70572,11.60129
Werne,Nordrhein-Westfalen,51.67059,7.59091
Werneck,Bayern,49.98179,10.08428
Wernersberg,Rheinland-Pfalz,49.16228,7.95873
Werneuchen,Brandenburg,52.62056,13.67405
Wernigerode,Sachsen-Anhalt,51.84375,10.79931
Wernikow,Brandenburg,53.12115,12.51526
Werningshausen,Thüringen,51.15737,10.9741
Wernitz,Brandenburg,52.63142,12.81202
Wernitzgrün,Sachsen,50.30514,12.3245
Wernrode,Thüringen,51.47117,10.74226
Wernsdorf,Brandenburg,52.42163,13.88462
Wernshausen,Thüringen,50.70723,10.25313
Wernstedt,Sachsen-Anhalt,52.68707,11.4372
Weroth,Rheinland-Pfalz,50.48113,7.94372
Werpeloh,Niedersachsen,52.84113,7.51912
Werrabronn,Baden-Württemberg,49.05947,8.54061
Werschen,Sachsen-Anhalt,51.12305,12.0267
Wershofen,Rheinland-Pfalz,50.42268,6.90756
Wertach,Bayern,47.60183,10.40966
Wertheim,Baden-Württemberg,49.73386,9.47432
Werther,Nordrhein-Westfalen,52.0928,8.41845
Werther,Thüringen,51.47117,10.74226
Wertingen,Bayern,48.55565,10.67544
Wesel,Nordrhein-Westfalen,51.66569,6.60862
Weselberg,Rheinland-Pfalz,49.33675,7.60754
Weselitz,Brandenburg,53.3194,13.87248
Wesenberg,Mecklenburg-Vorpommern,53.22691,12.96927
Wesenberg,Schlewig-Holstein,53.83343,10.4873
Wesendahl,Brandenburg,52.62518,13.91087
Wesendorf,Brandenburg,53.00545,13.36551
Wesendorf,Niedersachsen,52.59344,10.53684
Weseram,Brandenburg,52.48522,12.5601
Wespen,Sachsen-Anhalt,51.96663,11.88031
Wesselburen,Schlewig-Holstein,54.20311,8.91386
Wesselburener Deichhausen,Schlewig-Holstein,54.20311,8.91386
Wesselburenerkoog,Schlewig-Holstein,54.20311,8.91386
Wesseling,Nordrhein-Westfalen,50.81426,6.97872
Wesseln,Schlewig-Holstein,54.18978,9.09115
Wessin,Mecklenburg-Vorpommern,53.5778,11.69466
Wessobrunn,Bayern,47.8577,11.03161
Westdorf,Sachsen-Anhalt,51.77931,11.47298
Weste,Niedersachsen,53.05961,10.70329
Westenbrügge,Mecklenburg-Vorpommern,54.01771,11.69805
Westendorf,Bayern,48.24526,10.76638
Westenfeld,Thüringen,50.44895,10.44788
Westensee,Schlewig-Holstein,54.27362,9.89509
Wester-Ohrstedt,Schlewig-Holstein,54.50987,9.23066
Westerau,Schlewig-Holstein,53.74593,10.48397
Westerbeck,Mecklenburg-Vorpommern,53.83187,10.87156
Westerborstel,Schlewig-Holstein,54.21905,9.28347
Westerburer Polder,Niedersachsen,53.64487,7.60792
Westerburg,Rheinland-Pfalz,50.56842,7.96195
Westerdeichstrich,Schlewig-Holstein,54.16454,8.84074
Westeregeln,Sachsen-Anhalt,51.98727,11.42751
Westerengel,Thüringen,51.23446,10.93052
Westergellersen,Niedersachsen,53.23553,10.24213
Westerhausen,Sachsen-Anhalt,51.81207,11.13572
Westerheim,Baden-Württemberg,48.50794,9.6195
Westerheim,Bayern,48.01976,10.29948
Westerhever,Schlewig-Holstein,54.3301,8.68304
Westerholt,Niedersachsen,53.59025,7.45803
Westerholz,Schlewig-Holstein,54.79712,9.63702
Westerhorn,Schlewig-Holstein,53.85608,9.70268
Westerkappeln,Nordrhein-Westfalen,52.31375,7.87286
Westerland,Schlewig-Holstein,54.88658,8.31124
Westermoor,Schlewig-Holstein,54.10037,9.39333
Westerngrund,Bayern,50.08885,9.23967
Westernohe,Rheinland-Pfalz,50.57669,8.04837
Westerrade,Schlewig-Holstein,53.91769,10.46624
Westerrönfeld,Schlewig-Holstein,54.28044,9.65223
Westerstede,Niedersachsen,53.27828,7.93224
Westerstetten,Baden-Württemberg,48.52034,9.9571
Westert,Rheinland-Pfalz,50.55079,7.9309
Westertimke,Niedersachsen,53.2239,9.07729
Westerwalsede,Niedersachsen,53.06664,9.48352
Westfehmarn,Schlewig-Holstein,54.47005,11.13293
Westfeld,Niedersachsen,52.04113,9.91319
Westgreußen,Thüringen,51.23446,10.93052
Westhausen,Baden-Württemberg,48.88376,10.19348
Westhausen,Thüringen,50.85535,10.5533
Westheim,Bayern,49.00414,10.66099
Westheim,Rheinland-Pfalz,49.2437,8.32039
Westhof,Mecklenburg-Vorpommern,54.10838,11.67445
Westhofen,Rheinland-Pfalz,49.70038,8.23565
Westkinberg,Bayern,47.56738,9.85356
Westoverledingen,Niedersachsen,53.1372,7.4335
Westre,Schlewig-Holstein,54.83475,9.03312
Wethau,Sachsen-Anhalt,51.10502,11.82778
Wetschen,Niedersachsen,52.59262,8.47289
Wettelrode,Sachsen-Anhalt,51.45058,11.23554
Wettenberg,Hessen,50.63859,8.65765
Wetter,Hessen,50.90329,8.72386
Wetter,Nordrhein-Westfalen,51.37854,7.3632
Wetterzeube,Sachsen-Anhalt,51.00979,12.03229
Wettin,Sachsen-Anhalt,51.5252,11.82739
Wettingen,Baden-Württemberg,48.50606,10.10929
Wettlingen,Rheinland-Pfalz,49.94518,6.39373
Wettringen,Bayern,49.2588,10.16452
Wettringen,Nordrhein-Westfalen,52.23234,7.28923
Wettrup,Niedersachsen,52.57215,7.50568
Wettstetten,Bayern,48.82373,11.41439
Wetzelsberg,Bayern,47.83296,12.74977
Wetzlar,Hessen,50.56377,8.51636
Wewelsfleth,Schlewig-Holstein,53.84489,9.40117
Weyarn,Bayern,47.85363,11.81868
Weyer,Rheinland-Pfalz,50.19177,7.77045
Weyerbusch,Rheinland-Pfalz,50.717,7.53308
Weyhausen,Niedersachsen,52.46276,10.71939
Weyhe,Niedersachsen,52.98634,8.84208
Weyher,Rheinland-Pfalz,49.25011,8.0733
Weßling,Bayern,48.07451,11.2737
Wiblishauserhof,Bayern,48.37516,10.27572
Wichmannsdorf,Mecklenburg-Vorpommern,53.98528,11.20854
Wichmar,Thüringen,51.05419,11.70604
Wichtshausen,Thüringen,50.58263,10.53498
Wickede,Nordrhein-Westfalen,51.49908,7.8635
Wickendorf,Thüringen,50.58139,11.47863
Wickenrodt,Rheinland-Pfalz,49.8124,7.25528
Wickerode,Sachsen-Anhalt,51.46302,11.06951
Wickersdorf,Thüringen,50.63519,11.35947
Wickerstedt,Thüringen,51.01108,11.50044
Widdern,Baden-Württemberg,49.31551,9.41723
Wiebelsdorf,Thüringen,50.69536,12.01062
Wiebelsheim,Rheinland-Pfalz,50.11304,7.57863
Wiebendorf,Mecklenburg-Vorpommern,53.40359,10.76152
Wieck a Darß,Mecklenburg-Vorpommern,54.42158,12.51888
Wied,Rheinland-Pfalz,50.69809,7.81941
Wieda,Niedersachsen,51.63151,10.58399
Wiedemar,Sachsen,51.52335,12.30296
Wieden,Baden-Württemberg,47.84383,7.89357
Wiedenborstel,Schlewig-Holstein,54.06945,9.77968
Wiedensahl,Niedersachsen,52.38281,9.11973
Wiedenzhausen,Bayern,48.30019,11.23819
Wiederau,Brandenburg,51.5951,13.3007
Wiedergeltingen,Bayern,48.03888,10.673
Wiedermuth,Thüringen,51.28627,10.73382
Wiedersbach,Thüringen,50.53285,10.897
Wiederstedt,Sachsen-Anhalt,51.66227,11.46802
Wiedischhausen,Rheinland-Pfalz,50.60459,7.68197
Wiedmann,Bayern,51.16569,10.45153
Wiednitz,Sachsen,51.3734,14.06791
Wiefelstede,Niedersachsen,53.2552,8.11339
Wiegendorf,Thüringen,51.01108,11.50044
Wieglitz,Sachsen-Anhalt,52.33737,11.36597
Wiehe,Thüringen,51.28863,11.37115
Wiehl,Nordrhein-Westfalen,50.94826,7.51586
Wiek,Mecklenburg-Vorpommern,54.64393,13.34539
Wielen,Niedersachsen,52.50457,6.80396
Wielenbach,Bayern,47.87411,11.15913
Wiemersdorf,Schlewig-Holstein,53.95778,9.90463
Wiemerstedt,Schlewig-Holstein,54.29485,9.15713
Wiendorf,Mecklenburg-Vorpommern,53.93303,12.10239
Wiendorf,Sachsen-Anhalt,51.67516,11.76621
Wienhausen,Niedersachsen,52.57965,10.19788
Wienrode,Sachsen-Anhalt,51.78685,10.95099
Wiepersdorf,Brandenburg,51.95066,13.09874
Wiepke,Sachsen-Anhalt,52.53867,11.40509
Wiepkenhagen,Mecklenburg-Vorpommern,54.23283,12.6236
Wieren,Niedersachsen,52.89002,10.65172
Wierenkamp,Schlewig-Holstein,53.87721,9.9833
Wiernsheim,Baden-Württemberg,48.88658,8.87776
Wierschem,Rheinland-Pfalz,50.24827,7.36244
Wiersdorf,Rheinland-Pfalz,49.99789,6.49627
Wiershop,Schlewig-Holstein,53.44691,10.39905
Wies,Baden-Württemberg,51.16569,10.45153
Wiesa,Sachsen,50.6105,13.02034
Wiesach,Baden-Württemberg,47.60416,9.5969
Wiesau,Bayern,49.90367,12.17561
Wiesbach,Rheinland-Pfalz,49.3575,7.47965
Wiesbaden,Hessen,50.07963,8.23907
Wiesbauer,Baden-Württemberg,47.99938,10.08371
Wiesbaum,Rheinland-Pfalz,50.30522,6.69693
Wiesemscheid,Rheinland-Pfalz,50.34786,6.85686
Wiesen,Bayern,50.1115,9.36335
Wiesenau,Brandenburg,52.25402,14.57547
Wiesenbach,Baden-Württemberg,49.35969,8.82022
Wiesenbach,Bayern,48.2915,10.30985
Wiesenbronn,Bayern,49.75347,10.32548
Wiesenburg,Brandenburg,52.11411,12.45576
Wiesenfeld,Thüringen,51.38965,10.16816
Wiesenfelden,Bayern,49.03795,12.542
Wiesenhagen,Brandenburg,52.08189,13.17706
Wiesenmühle,Rheinland-Pfalz,49.64194,8.13416
Wiesensteig,Baden-Württemberg,48.56212,9.62526
Wiesent,Bayern,49.03427,12.34108
Wiesenthal,Thüringen,50.71447,10.11907
Wiesenthau,Bayern,49.71416,11.13316
Wiesentheid,Bayern,49.79462,10.34351
Wiesenttal,Bayern,49.81165,11.24776
Wieser,Bayern,51.16569,10.45153
Wieserode,Sachsen-Anhalt,51.63498,11.31101
Wieseth,Bayern,49.16308,10.48386
Wieskau,Sachsen-Anhalt,51.68128,11.91583
Wieslauterhof,Rheinland-Pfalz,49.19421,7.75684
Wieslet,Baden-Württemberg,51.16569,10.45153
Wiesloch,Baden-Württemberg,49.29298,8.68931
Wiesmoor,Niedersachsen,53.41137,7.72487
Wiesthal,Bayern,50.02936,9.43069
Wiesweiler,Rheinland-Pfalz,49.6671,7.61116
Wiethagen,Mecklenburg-Vorpommern,54.17438,12.23619
Wietmarschen,Niedersachsen,52.50485,7.20846
Wietow,Mecklenburg-Vorpommern,53.82319,11.31747
Wietstock,Brandenburg,52.27808,13.25691
Wietstock,Mecklenburg-Vorpommern,53.6605,13.8872
Wietze,Niedersachsen,52.64837,9.83465
Wietzen,Niedersachsen,52.70971,9.07045
Wietzendorf,Niedersachsen,52.91891,9.97515
Wiggensbach,Bayern,47.73963,10.21146
Wilburgstetten,Bayern,49.02806,10.39197
Wildau,Brandenburg,52.31704,13.62239
Wildau-Wentdorf,Brandenburg,51.97487,13.59976
Wildberg,Baden-Württemberg,48.63691,8.7677
Wildberg,Bayern,47.83296,12.74977
Wildberg,Brandenburg,52.28955,12.83209
Wildberg,Mecklenburg-Vorpommern,53.65186,13.12414
Wildburg,Rheinland-Pfalz,49.89576,7.48037
Wildeck,Hessen,50.94996,10.0276
Wildemann,Niedersachsen,51.82883,10.28346
Wildenberg,Bayern,48.72922,11.89756
Wildenbruch,Brandenburg,52.30971,13.07311
Wildenbungert,Rheinland-Pfalz,50.15862,7.48796
Wildenbörten,Thüringen,50.88529,12.31009
Wildenfels,Sachsen,50.66835,12.60888
Wildenhain,Sachsen,51.38518,13.15887
Wildenspring,Thüringen,50.59213,11.04641
Wildenstein,Baden-Württemberg,48.11195,8.59994
Wildenthal,Sachsen,50.49494,12.59966
Wildeshausen,Niedersachsen,52.88838,8.40645
Wildetaube,Thüringen,50.7443,12.14674
Wildflecken,Bayern,50.37669,9.91307
Wildgrube,Brandenburg,51.53215,13.37895
Wildhof,Hessen,50.04962,8.81412
Wildkuhl,Mecklenburg-Vorpommern,53.32468,12.45353
Wildpark West,Brandenburg,52.36479,12.87007
Wildpoldsried,Bayern,47.76556,10.40156
Wildschütz,Sachsen,51.4869,12.6412
Wildsteig,Bayern,47.67571,10.94627
Wilgartswiesen,Rheinland-Pfalz,49.20934,7.87957
Wilhelmsaue,Brandenburg,52.64405,14.36122
Wilhelmsburg,Mecklenburg-Vorpommern,53.6605,13.8872
Wilhelmsdorf,Baden-Württemberg,47.86201,9.42684
Wilhelmsdorf,Bayern,49.57627,10.73879
Wilhelmsdorf,Thüringen,50.66201,11.56757
Wilhelmsfeld,Baden-Württemberg,49.46648,8.76265
Wilhelmshaven,Niedersachsen,53.54245,8.09733
Wilhelmshorst,Brandenburg,51.16569,10.45153
Wilhelmshöhe,Thüringen,50.93901,11.75028
Wilhelmsthal,Bayern,50.31105,11.37362
Wilhermsdorf,Bayern,49.48198,10.71755
Wilischthal,Sachsen,50.73423,13.01087
Wilkau-Haßlau,Sachsen,50.67255,12.51186
Wilkenhagen,Mecklenburg-Vorpommern,53.84653,11.18732
Wilkenstorf,Niedersachsen,53.25568,10.94552
Willanzheim,Bayern,49.68378,10.23917
Willebadessen,Nordrhein-Westfalen,51.60392,9.11747
Willenscharen,Schlewig-Holstein,53.99809,9.84534
Willerstedt,Thüringen,51.01108,11.50044
Willich,Nordrhein-Westfalen,51.26081,6.50757
Willingen,Hessen,51.30208,8.63272
Willingen,Rheinland-Pfalz,50.57669,8.04837
Willingshausen,Hessen,50.84994,9.19612
Willmars,Bayern,50.48813,10.14085
Willmenrod,Rheinland-Pfalz,50.55079,7.9309
Willmering,Bayern,49.24568,12.67015
Willmersdorf,Brandenburg,52.62056,13.67405
Willmersdorf,Thüringen,50.59213,11.04641
Willmersdorf-Stöbritz,Brandenburg,51.8536,13.75045
Willroth,Rheinland-Pfalz,50.56844,7.5265
Willstätt,Baden-Württemberg,48.55777,7.91441
Willwerscheid,Rheinland-Pfalz,50.07866,6.77218
Wilmersdorf,Brandenburg,52.67866,13.62721
Wilmeröderberg,Niedersachsen,51.898,9.40266
Wilmshagen,Mecklenburg-Vorpommern,54.19518,13.19044
Wilnsdorf,Nordrhein-Westfalen,50.83488,8.11206
Wilsdruff,Sachsen,51.0503,13.53621
Wilsecker,Rheinland-Pfalz,50.05755,6.60138
Wilsleben,Sachsen-Anhalt,51.77931,11.47298
Wilstedt,Niedersachsen,53.2239,9.07729
Wilster,Schlewig-Holstein,53.92699,9.36454
Wilsum,Niedersachsen,52.53736,6.84223
Wilthen,Sachsen,51.09724,14.39358
Wiltingen,Rheinland-Pfalz,49.65984,6.58927
Wiltzsch,Sachsen,50.71464,12.95064
Wilzenberg-Hußweiler,Rheinland-Pfalz,49.70508,7.16398
Wilzschmühle,Sachsen,50.49494,12.59966
Wimbach,Rheinland-Pfalz,50.38252,6.93157
Wimbachgrieshütte,Bayern,47.57464,12.86485
Wimbachschloß,Bayern,47.57464,12.86485
Wimmelburg,Sachsen-Anhalt,51.53417,11.48229
Wimpasing,Bayern,48.03278,12.30562
Wimpersing,Bayern,48.02156,12.03508
Wimsheim,Baden-Württemberg,48.8518,8.8254
Wincheringen,Rheinland-Pfalz,49.60865,6.42786
Windach,Bayern,48.05801,11.03225
Windberg,Bayern,48.95611,12.72537
Windberge,Sachsen-Anhalt,52.62268,11.65093
Windbergen,Schlewig-Holstein,54.03894,9.12345
Windeby,Schlewig-Holstein,54.44078,9.82271
Windeck,Nordrhein-Westfalen,50.78803,7.56553
Windehausen,Thüringen,51.44697,10.87992
Windelsbach,Bayern,49.39914,10.2981
Winden,Baden-Württemberg,48.15313,8.04352
Winden,Bayern,48.48673,11.50191
Winden,Rheinland-Pfalz,49.67464,7.98486
Windesheim,Rheinland-Pfalz,49.89159,7.84458
Windhagen,Rheinland-Pfalz,50.63936,7.36076
Windhausen,Niedersachsen,51.80949,10.23856
Windischeschenbach,Bayern,49.80155,12.15895
Windischholzhausen,Thüringen,50.9143,11.15061
Windischleuba,Thüringen,50.98289,12.48458
Windorf,Bayern,48.62548,13.22326
Windsbach,Bayern,49.25353,10.83685
Windwart,Bayern,51.16569,10.45153
Wingerode,Thüringen,51.38661,10.32291
Wingst,Niedersachsen,53.75243,9.03639
Winhöring,Bayern,48.26551,12.65115
Winkel,Baden-Württemberg,48.026,9.78734
Winkel,Brandenburg,51.53215,13.37895
Winkel,Rheinland-Pfalz,50.11017,6.92229
Winkel,Sachsen-Anhalt,51.40467,11.38577
Winkelbach,Rheinland-Pfalz,50.66528,7.76381
Winkelhaid,Bayern,49.3882,11.30244
Winkelsett,Niedersachsen,52.90915,8.58705
Winkelstedt,Sachsen-Anhalt,52.68707,11.4372
Winklarn,Bayern,49.42703,12.48231
Winkwitz,Sachsen,51.09541,13.46418
Winnemark,Schlewig-Holstein,54.62661,9.98461
Winnen,Rheinland-Pfalz,50.55079,7.9309
Winnenden,Baden-Württemberg,48.86979,9.40661
Winnerath,Rheinland-Pfalz,50.42268,6.90756
Winnerhöfe,Hessen,50.24652,8.88308
Winnert,Schlewig-Holstein,54.42746,9.22535
Winnigstedt,Niedersachsen,52.14356,10.80059
Winningen,Rheinland-Pfalz,50.31665,7.51625
Winningen,Sachsen-Anhalt,51.77931,11.47298
Winnweiler,Rheinland-Pfalz,49.57323,7.85076
Winringen,Rheinland-Pfalz,50.15848,6.45936
Winseldorf,Schlewig-Holstein,53.99365,9.63046
Winsen,Niedersachsen,53.02736,10.0564
Winsen,Schlewig-Holstein,53.83663,9.93853
Winterbach,Baden-Württemberg,48.79959,9.47919
Winterbach,Bayern,48.46538,10.50405
Winterbach,Rheinland-Pfalz,49.53309,7.61648
Winterberg,Bayern,48.17294,12.31377
Winterberg,Nordrhein-Westfalen,51.22744,8.50006
Winterborn,Rheinland-Pfalz,49.74161,7.86568
Winterburg,Rheinland-Pfalz,49.86385,7.73176
Winterfeld,Sachsen-Anhalt,52.79643,11.33372
Winterhausen,Bayern,49.70708,10.01301
Winterhof,Hessen,50.35866,8.87399
Winterlingen,Baden-Württemberg,48.18595,9.13064
Winterrieden,Bayern,48.11862,10.22106
Winterscheid,Rheinland-Pfalz,50.24031,6.28701
Wintersdorf,Thüringen,51.05848,12.37304
Wintersheim,Rheinland-Pfalz,49.77823,8.29759
Winterspelt,Rheinland-Pfalz,50.21231,6.21138
Winterstein,Thüringen,50.87845,10.51152
Winterwerb,Rheinland-Pfalz,50.20139,7.85813
Wintrich,Rheinland-Pfalz,49.88483,6.95277
Wintzingerode,Thüringen,51.45727,10.36357
Winzenburg,Niedersachsen,51.9379,9.93782
Winzer,Bayern,48.72361,13.07635
Wipersdorf,Mecklenburg-Vorpommern,53.71009,11.68974
Wipfeld,Bayern,49.91956,10.17341
Wipfratal,Thüringen,50.8101,10.96409
Wipperdorf,Thüringen,51.44177,10.57222
Wipperfürth,Nordrhein-Westfalen,51.10273,7.39724
Wippingen,Niedersachsen,52.95914,7.34285
Wippra,Sachsen-Anhalt,51.63498,11.31101
Wirchensee Försterei,Brandenburg,51.98339,14.29955
Wirdum,Niedersachsen,53.50578,7.26072
Wirft,Rheinland-Pfalz,50.34786,6.85686
Wirfus,Rheinland-Pfalz,50.19369,7.15361
Wirges,Rheinland-Pfalz,50.47505,7.80335
Wirsberg,Bayern,50.09408,11.58377
Wirscheid,Rheinland-Pfalz,50.49686,7.71056
Wirschweiler,Rheinland-Pfalz,49.8124,7.25528
Wisch,Schlewig-Holstein,54.39871,9.77921
Wischhafen,Niedersachsen,53.75629,9.30563
Wischroda,Sachsen-Anhalt,51.18797,11.53109
Wischuer,Mecklenburg-Vorpommern,54.10838,11.67445
Wischuer Abbau,Mecklenburg-Vorpommern,54.10838,11.67445
Wismar,Mecklenburg-Vorpommern,53.87405,11.40766
Wissen,Rheinland-Pfalz,50.77426,7.77423
Wistedt,Niedersachsen,53.27799,9.69117
Witsum,Schlewig-Holstein,54.71822,8.5031
Wittbeck,Niedersachsen,52.65795,10.12787
Wittbek,Schlewig-Holstein,54.46453,9.24575
Wittbrietzen,Brandenburg,52.22866,12.92762
Wittchenstein,Thüringen,50.72386,11.83699
Wittdün,Schlewig-Holstein,54.64697,8.336
Wittelshofen,Bayern,49.05992,10.47962
Witten,Nordrhein-Westfalen,51.42899,7.33671
Wittenbeck,Mecklenburg-Vorpommern,54.09947,11.87608
Wittenberge,Brandenburg,52.98856,11.7934
Wittenbergen,Schlewig-Holstein,53.96511,9.71149
Wittenborn,Mecklenburg-Vorpommern,53.4504,13.80473
Wittenborn,Schlewig-Holstein,53.92152,10.22117
Wittenburg,Mecklenburg-Vorpommern,53.50693,11.07801
Wittenförden,Mecklenburg-Vorpommern,53.57352,11.3027
Wittenhagen,Mecklenburg-Vorpommern,54.2384,13.10249
Wittenmoor,Sachsen-Anhalt,52.62268,11.65093
Witterda,Thüringen,51.04516,10.95031
Wittgendorf,Sachsen-Anhalt,51.01843,12.15186
Wittgendorf,Thüringen,50.63519,11.35947
Wittgensdorf,Sachsen,50.88239,12.86868
Wittgert,Rheinland-Pfalz,50.49686,7.71056
Wittibreut,Bayern,48.3325,13.01328
Wittichenau,Sachsen,51.38362,14.24319
Wittighausen,Baden-Württemberg,49.61231,9.83884
Wittingen,Niedersachsen,52.67671,10.74492
Wittislingen,Bayern,48.6378,10.44412
Wittlich,Rheinland-Pfalz,49.98838,6.90348
Wittlingen,Baden-Württemberg,47.65936,7.65205
Wittmannsdorf-Bückchen,Brandenburg,51.99014,13.77779
Wittmannsgereuth,Thüringen,50.63519,11.35947
Wittmar,Niedersachsen,52.1309,10.64158
Wittmoldt,Schlewig-Holstein,54.1684,10.43229
Wittmoor,Brandenburg,53.1628,11.7454
Wittmund,Niedersachsen,53.59573,7.73372
Wittnau,Baden-Württemberg,47.9405,7.82588
Wittorf,Niedersachsen,53.31764,10.37975
Wittstock,Brandenburg,53.12115,12.51526
Witzeeze,Schlewig-Holstein,53.47932,10.61596
Witzendorf,Thüringen,50.63519,11.35947
Witzenhausen,Hessen,51.3338,9.83896
Witzhave,Schlewig-Holstein,53.57007,10.33711
Witzin,Mecklenburg-Vorpommern,53.69223,11.86932
Witzke,Brandenburg,52.5979,12.52041
Witzleben,Thüringen,50.8101,10.96409
Witzmannsberg,Bayern,48.72589,13.38014
Witzschdorf,Sachsen,50.7508,13.14127
Witzwort,Schlewig-Holstein,54.41585,9.01507
Wißmannsdorf,Rheinland-Pfalz,49.99789,6.49627
Wobbenbüll,Schlewig-Holstein,54.52729,9.02118
Wochowsee,Brandenburg,52.24406,13.91797
Woddow,Brandenburg,53.39779,14.13781
Wodenhof,Mecklenburg-Vorpommern,53.57352,11.3027
Woez,Mecklenburg-Vorpommern,53.50693,11.07801
Woffleben,Thüringen,51.56962,10.87934
Woggersin,Mecklenburg-Vorpommern,53.60399,13.28988
Wohlbach,Sachsen,50.34531,12.24269
Wohlde,Schlewig-Holstein,54.41095,9.29626
Wohlenberg,Mecklenburg-Vorpommern,53.95172,11.12204
Wohlenhagen,Mecklenburg-Vorpommern,53.95172,11.12204
Wohlmirstedt,Sachsen-Anhalt,51.25181,11.52892
Wohlmuthausen,Thüringen,50.53061,10.35396
Wohlsborn,Thüringen,51.07341,11.29717
Wohlsdorf,Sachsen-Anhalt,51.80198,11.66856
Wohltorf,Schlewig-Holstein,53.52543,10.31347
Wohnroth,Rheinland-Pfalz,50.07132,7.44511
Wohnste,Niedersachsen,53.29205,9.51779
Wohratal,Hessen,50.93142,8.93998
Woitendorf,Mecklenburg-Vorpommern,53.77944,11.04967
Wokrent,Mecklenburg-Vorpommern,53.86087,11.94391
Wokuhl-Dabelow,Mecklenburg-Vorpommern,53.35873,13.24523
Woland,Mecklenburg-Vorpommern,53.69223,11.86932
Wolde,Mecklenburg-Vorpommern,53.77891,12.26507
Woldegk,Mecklenburg-Vorpommern,53.46141,13.58451
Woldert,Rheinland-Pfalz,50.64911,7.69312
Wolfach,Baden-Württemberg,48.32244,8.25803
Wolfegg,Baden-Württemberg,47.8257,9.79864
Wolfen,Sachsen-Anhalt,51.66942,12.23527
Wolfenbüttel,Niedersachsen,52.16254,10.54946
Wolferode,Sachsen-Anhalt,51.552,11.61145
Wolferschwenda,Thüringen,51.28627,10.73382
Wolfersdorf,Bayern,48.49194,11.73555
Wolferstadt,Bayern,48.90665,10.77654
Wolferstedt,Sachsen-Anhalt,51.40467,11.38577
Wolfertschwenden,Bayern,47.91038,10.2543
Wolfhagen,Hessen,51.33406,9.18154
Wolfmannshausen,Thüringen,50.44895,10.44788
Wolfner Mühle,Sachsen,50.52013,12.85254
Wolframs-Eschenbach,Bayern,49.22685,10.73936
Wolfratshausen,Bayern,47.91398,11.42458
Wolfsberg,Sachsen-Anhalt,51.46302,11.06951
Wolfsburg,Niedersachsen,52.4113,10.77816
Wolfsburg-Unkeroda,Thüringen,50.91344,10.20282
Wolfsbühl,Baden-Württemberg,48.22916,8.34448
Wolfschlugen,Baden-Württemberg,48.65242,9.27653
"Wolfseck, Forsthaus",Rheinland-Pfalz,49.25011,8.0733
Wolfsegg,Bayern,49.10136,12.0007
Wolfsgrund,Sachsen,50.76124,13.41921
Wolfsgrün,Sachsen,51.00983,13.37793
Wolfshagen,Brandenburg,53.11688,11.92614
Wolfshain,Brandenburg,51.5838,14.37591
Wolfsheim,Rheinland-Pfalz,49.84573,8.04891
Wolfsmühle,Rheinland-Pfalz,49.62698,7.81437
Wolfsruh,Brandenburg,53.05639,13.10828
Wolfstein,Rheinland-Pfalz,49.58924,7.61178
Wolgast,Mecklenburg-Vorpommern,54.0521,13.74952
Wolkau,Sachsen,51.07993,13.32311
Wolken,Rheinland-Pfalz,50.24828,7.44801
Wolkenstein,Sachsen,50.65586,13.07033
Wolkramshausen,Thüringen,51.47117,10.74226
Wollbach,Bayern,50.35421,10.25788
Wollbrandshausen,Niedersachsen,51.60763,10.22025
Wollershausen,Niedersachsen,51.60763,10.22025
Wollersleben,Thüringen,51.47117,10.74226
Wolletz,Brandenburg,53.04259,13.98426
Wollin,Brandenburg,52.90231,13.21629
Wollin,Mecklenburg-Vorpommern,53.30035,14.21503
Wollmerath,Rheinland-Pfalz,50.12669,7.00744
Wollschow,Brandenburg,53.39779,14.13781
Wolmersdorf,Schlewig-Holstein,54.10401,9.06229
Wolmirsleben,Sachsen-Anhalt,51.941,11.42505
Wolmirstedt,Sachsen-Anhalt,52.27958,11.62463
Wolnzach,Bayern,48.60499,11.62228
Wolpertshausen,Baden-Württemberg,49.15888,9.8448
Wolpertswende,Baden-Württemberg,47.89085,9.61906
Wolsdorf,Niedersachsen,52.18902,10.94126
Wolsfeld,Rheinland-Pfalz,49.99789,6.49627
Wolsier,Brandenburg,52.5979,12.52041
Woltersdorf,Brandenburg,52.67891,13.43332
Woltersdorf,Niedersachsen,52.95404,11.21818
Woltersdorf,Sachsen-Anhalt,52.14738,11.76182
Woltersdorf,Schlewig-Holstein,53.49317,10.56497
Woltershausen,Niedersachsen,51.96546,9.97217
Wolzig,Brandenburg,52.29584,13.7901
Womrath,Rheinland-Pfalz,49.94321,7.40837
Wonfurt,Bayern,50.01255,10.46922
Wonneberg,Bayern,47.94403,12.69994
Wonsees,Bayern,49.97657,11.29897
Wonsheim,Rheinland-Pfalz,49.78207,7.96296
Woosmer,Mecklenburg-Vorpommern,53.23371,11.17997
Wootz,Brandenburg,53.08315,11.49815
Woppenroth,Rheinland-Pfalz,49.89576,7.48037
Worbis,Thüringen,51.45727,10.36357
Worin,Brandenburg,52.4943,14.36042
Woringen,Bayern,47.92279,10.20111
Wormlage,Brandenburg,51.56111,13.89658
Worms,Rheinland-Pfalz,49.63478,8.33317
Wormsdorf,Sachsen-Anhalt,52.14756,11.22068
Wormshöft,Schlewig-Holstein,54.67463,9.94003
Wormstedt,Thüringen,51.01108,11.50044
Worpswede,Niedersachsen,53.23819,8.95342
Worth,Schlewig-Holstein,53.44691,10.39905
Woschkow,Brandenburg,51.58798,14.01097
Woserin,Mecklenburg-Vorpommern,53.69223,11.86932
Wotenick,Mecklenburg-Vorpommern,53.83658,13.01175
Wotenitz,Mecklenburg-Vorpommern,53.84653,11.18732
Wotersen,Schlewig-Holstein,53.47932,10.61596
Wrangelsburg,Mecklenburg-Vorpommern,53.97693,13.5489
Wredenhagen,Mecklenburg-Vorpommern,53.32468,12.45353
Wremen,Niedersachsen,53.63999,8.52328
Wrestedt,Niedersachsen,52.89376,10.62125
Wriedel,Niedersachsen,53.05556,10.26525
Wriezen,Brandenburg,52.70157,14.09171
Wriezener Höhe,Brandenburg,52.70157,14.09171
Wrist,Schlewig-Holstein,53.93066,9.75057
Wrixum,Schlewig-Holstein,54.71822,8.5031
Wrodow,Mecklenburg-Vorpommern,53.65186,13.12414
Wrohm,Schlewig-Holstein,54.21572,9.39662
Wucker,Brandenburg,52.97946,13.74486
Wulfen,Sachsen-Anhalt,51.71349,12.0183
Wulfenhusen,Schlewig-Holstein,54.20311,8.91386
Wulfersdorf,Brandenburg,53.12115,12.51526
Wulferstedt,Sachsen-Anhalt,52.01819,11.21961
Wulfsen,Niedersachsen,53.30322,10.13744
Wulfshof,Schlewig-Holstein,54.28556,11.03295
Wulfskuhl,Mecklenburg-Vorpommern,53.50693,11.07801
Wulfsmoor,Schlewig-Holstein,53.93066,9.75057
Wulften,Niedersachsen,51.66223,10.17448
Wulkau,Sachsen-Anhalt,52.58293,12.03886
Wulkenzin,Mecklenburg-Vorpommern,53.60399,13.28988
Wulkow,Brandenburg,52.66321,13.89579
Wulkow,Sachsen-Anhalt,52.49992,12.02765
Wulsbüttel,Niedersachsen,53.35816,8.65486
Wunder,Bayern,48.55277,12.55949
Wunderfeld,Mecklenburg-Vorpommern,53.43336,12.25348
Wundersleben,Thüringen,51.17087,11.16515
Wunsiedel,Bayern,50.04292,12.03972
Wunstorf,Niedersachsen,52.42483,9.40764
Wuppertal,Nordrhein-Westfalen,51.2594,7.16914
Wurmannsquick,Bayern,48.35242,12.78702
Wurmberg,Baden-Württemberg,48.87159,8.80903
Wurmlingen,Baden-Württemberg,47.99419,8.7692
Wurmsham,Bayern,48.3535,12.32609
Wurzbach,Thüringen,50.46262,11.5372
Wurzen,Sachsen,51.38083,12.82912
Wust,Brandenburg,52.48522,12.5601
Wust,Sachsen-Anhalt,52.58293,12.03886
Wusterhausen,Brandenburg,52.90399,12.45388
Wusterhusen,Mecklenburg-Vorpommern,54.08213,13.58567
Wustermark,Brandenburg,52.63142,12.81202
Wusterwitz,Brandenburg,52.36809,12.33949
Wustrau,Brandenburg,52.90326,12.72486
Wustrow,Brandenburg,53.08315,11.49815
Wustrow,Mecklenburg-Vorpommern,53.22691,12.96927
Wustrow,Niedersachsen,52.92289,11.12815
Wutach,Baden-Württemberg,47.84069,8.42543
Wutha-Farnroda,Thüringen,50.9421,10.3893
Wuthenow,Brandenburg,52.90326,12.72486
Wutike,Brandenburg,52.98479,12.35979
Wutzetz,Brandenburg,52.73483,12.57911
Wutzow,Brandenburg,52.17178,12.37473
Wutöschingen,Baden-Württemberg,47.64636,8.3678
Wußwerk,Brandenburg,51.91288,14.12376
Wyhl,Baden-Württemberg,48.16915,7.65303
Wyhratal,Sachsen,51.13041,12.49305
Wyk,Schlewig-Holstein,54.71822,8.5031
Wymeer,Niedersachsen,53.20341,7.23764
Wächtersbach,Hessen,50.25621,9.28845
Wälschbuch,Bayern,48.45118,11.76916
Wäschenbeuren,Baden-Württemberg,48.76021,9.68666
Wöbbelin,Mecklenburg-Vorpommern,53.33713,11.46798
Wöhlsdorf,Thüringen,50.6486,11.46352
Wöhrden,Schlewig-Holstein,54.15727,9.01208
Wölferbütt,Thüringen,50.79847,10.05056
Wölferlingen,Rheinland-Pfalz,50.553,7.80532
Wölfershausen,Thüringen,50.53061,10.35396
Wölfersheim,Hessen,50.41697,8.83006
Wölfis,Thüringen,50.82742,10.73404
Wöllersheim,Niedersachsen,51.96192,10.01162
Wöllnau,Sachsen,51.4869,12.6412
Wöllstadt,Hessen,50.28197,8.77148
Wöllstein,Rheinland-Pfalz,49.81253,7.96
Wölmersen,Rheinland-Pfalz,50.717,7.53308
Wölmsdorf,Brandenburg,51.95066,13.09874
Wölpinghausen,Niedersachsen,52.42069,9.23403
Wölschendorf,Mecklenburg-Vorpommern,53.84653,11.18732
Wölsickendorf-Wollenberg,Brandenburg,52.79807,14.01577
Wörblitz,Sachsen,51.63867,12.87917
Wörbzig,Sachsen-Anhalt,51.71349,12.0183
Wörlitz,Sachsen-Anhalt,51.83833,12.45993
Wörmlitz,Sachsen-Anhalt,52.14254,11.95492
Wörnersberg,Baden-Württemberg,48.56394,8.56496
Wörnitz,Bayern,49.24317,10.22521
Wörnsmühl,Bayern,51.16569,10.45153
Wörpen,Sachsen-Anhalt,51.93811,12.43055
Wörrstadt,Rheinland-Pfalz,49.84867,8.10343
Wört,Baden-Württemberg,49.03494,10.26834
Wörth,Bayern,48.76825,11.62421
Wörth,Rheinland-Pfalz,49.01611,8.15813
Wörthsee,Bayern,48.067,11.20207
Wülfershausen,Bayern,50.35421,10.25788
Wülfrath,Nordrhein-Westfalen,51.28792,7.03828
Wülknitz,Sachsen,51.38906,13.41402
Wülknitz,Sachsen-Anhalt,51.71349,12.0183
Wülperode,Sachsen-Anhalt,51.978,10.73566
Wümbach,Thüringen,50.67195,10.97981
Wünsch,Sachsen-Anhalt,51.34727,11.79385
Wünschbach,Hessen,49.72941,8.95036
Wünschendorf,Thüringen,50.77886,12.01822
Wünsdorf,Brandenburg,52.13528,13.3709
Würchwitz,Sachsen-Anhalt,51.01843,12.15186
Würrich,Rheinland-Pfalz,50.08943,7.2844
Würschhauserhof,Rheinland-Pfalz,49.31719,7.52115
Würschhausermühle,Rheinland-Pfalz,49.31719,7.52115
Würschnitz,Sachsen,51.28346,13.67654
Würselen,Nordrhein-Westfalen,50.81938,6.14623
Würzburg,Bayern,49.78841,9.94427
Würzweiler,Rheinland-Pfalz,49.65376,7.87329
Wüschheim,Rheinland-Pfalz,49.99609,7.44468
Wüsten-Buchholz,Brandenburg,53.11688,11.92614
Wüstenfelde,Mecklenburg-Vorpommern,53.99776,13.1547
Wüstenjerichow,Sachsen-Anhalt,52.14254,11.95492
Wüstenmark,Mecklenburg-Vorpommern,53.84653,11.18732
Wüstenrot,Baden-Württemberg,49.08759,9.47977
Wüstenwetzdorf,Thüringen,50.72386,11.83699
Wüsteratherhof,Rheinland-Pfalz,50.36912,7.15165
Wüstermarke,Brandenburg,51.8536,13.75045
Wüstheuterode,Thüringen,51.36287,10.07218
Xanten,Nordrhein-Westfalen,51.66524,6.44244
Zaatzke,Brandenburg,53.12115,12.51526
Zabakuck,Sachsen-Anhalt,52.37445,12.17608
Zabelsdorf,Brandenburg,53.05639,13.10828
Zabeltitz,Sachsen,51.28346,13.67654
Zabenstedt,Sachsen-Anhalt,51.63335,11.62495
Zaberfeld,Baden-Württemberg,49.0671,8.90909
Zabitz,Sachsen-Anhalt,51.71349,12.0183
Zachenberg,Bayern,48.96536,13.00601
Zachow,Brandenburg,52.50989,12.83148
Zadelsdorf,Thüringen,50.62924,12.03912
Zahna,Sachsen-Anhalt,51.89458,12.83063
Zahrensdorf,Mecklenburg-Vorpommern,53.55684,11.22563
Zaisenhausen,Baden-Württemberg,49.10565,8.80525
Zandt,Bayern,49.14627,12.72228
Zangberg,Bayern,48.25821,12.41169
Zangenberg,Sachsen-Anhalt,51.01843,12.15186
Zanken,Baden-Württemberg,48.91266,9.98096
Zapel,Brandenburg,53.1628,11.7454
Zapel,Mecklenburg-Vorpommern,53.48984,11.47211
Zapfendorf,Bayern,50.01736,10.93458
Zappendorf,Sachsen-Anhalt,51.45646,11.81881
Zarfzow,Mecklenburg-Vorpommern,54.01771,11.69805
Zarnekow,Mecklenburg-Vorpommern,53.94054,12.86979
Zarnewanz,Mecklenburg-Vorpommern,54.0282,12.46361
Zarnewenz,Mecklenburg-Vorpommern,53.83187,10.87156
Zarpen,Schlewig-Holstein,53.87329,10.53354
Zarrendorf,Mecklenburg-Vorpommern,54.2384,13.10249
Zarrentin,Mecklenburg-Vorpommern,53.5616,10.94705
Zartwitz,Mecklenburg-Vorpommern,53.35873,13.24523
Zaschendorf,Mecklenburg-Vorpommern,53.71009,11.68974
Zaschwitz,Sachsen,51.21877,12.75372
Zauchwitz,Brandenburg,52.22866,12.92762
Zaue,Brandenburg,51.91288,14.12376
Zaunröden,Thüringen,51.28627,10.73382
Zechenhaus,Rheinland-Pfalz,50.28074,7.83452
Zechin,Brandenburg,52.55133,14.55333
Zechlinerhütte,Brandenburg,53.11224,12.90053
Zechow,Brandenburg,53.11224,12.90053
Zeckerin,Brandenburg,51.70642,13.63103
Zeddenick,Sachsen-Anhalt,52.14254,11.95492
Zedlitz,Thüringen,50.81461,12.03238
Zeesen,Brandenburg,52.29486,13.62672
Zeestow,Brandenburg,52.63142,12.81202
Zeetze,Niedersachsen,53.25568,10.94552
Zegastmühle,Bayern,50.20696,11.61141
Zehbitz,Sachsen-Anhalt,51.71349,12.0183
Zehdenick,Brandenburg,53.00545,13.36551
Zehlendorf,Brandenburg,52.74392,13.36149
Zehmen,Mecklenburg-Vorpommern,53.84653,11.18732
Zehna,Mecklenburg-Vorpommern,53.68329,12.0939
Zehnhausen,Rheinland-Pfalz,50.5523,8.00725
Zehntweg,Niedersachsen,53.78444,9.22523
Zehren,Sachsen,51.09541,13.46418
Zeil,Bayern,50.01149,10.5922
Zeilarn,Bayern,48.32505,12.90108
Zeiler,Bayern,49.0249,11.95465
Zeischa,Brandenburg,51.53215,13.37895
Zeiskam,Rheinland-Pfalz,49.23332,8.25049
Zeithain,Sachsen,51.3564,13.32511
Zeitlarn,Bayern,49.07738,12.10979
Zeitlofs,Bayern,50.2604,9.67016
Zeitz,Sachsen-Anhalt,51.01843,12.15186
Zell,Baden-Württemberg,48.23599,8.50366
Zell,Bayern,48.9886,11.65518
Zell,Rheinland-Pfalz,50.03243,7.1965
Zella,Thüringen,50.87557,10.70032
Zella-Mehlis,Thüringen,50.65931,10.66673
Zellendorf,Brandenburg,51.95066,13.09874
Zellertal,Rheinland-Pfalz,49.64194,8.13416
Zellingen,Bayern,49.9017,9.81289
"Zeltingen, Forsthaus",Rheinland-Pfalz,49.983,6.99993
Zeltingen-Rachtig,Rheinland-Pfalz,49.96595,7.01934
Zembschen,Sachsen-Anhalt,51.15637,12.09987
Zemitz,Mecklenburg-Vorpommern,53.98213,13.77864
Zemmer,Rheinland-Pfalz,49.89139,6.69743
Zemnick,Sachsen-Anhalt,51.16569,10.45153
Zempin,Mecklenburg-Vorpommern,54.01268,14.04956
Zempow,Brandenburg,53.1613,12.75199
Zendscheid,Rheinland-Pfalz,50.05755,6.60138
Zens,Sachsen-Anhalt,51.97447,11.65596
Zenting,Bayern,48.79296,13.25731
Zepelin,Mecklenburg-Vorpommern,53.86087,11.94391
Zepernick,Brandenburg,52.64203,13.53676
Zepkow,Mecklenburg-Vorpommern,53.32468,12.45353
Zeppernick,Sachsen-Anhalt,52.10347,12.08581
Zepzig,Sachsen-Anhalt,51.80198,11.66856
Zerben,Sachsen-Anhalt,52.3835,11.98413
Zerbst,Sachsen-Anhalt,51.96244,12.09812
Zerf,Rheinland-Pfalz,49.60112,6.68743
Zermützel,Brandenburg,52.98437,12.87082
Zernien,Niedersachsen,53.07029,10.88487
Zernikow,Brandenburg,53.01059,12.56807
Zernin,Mecklenburg-Vorpommern,53.77814,12.01836
Zernitz,Brandenburg,52.8583,12.43437
Zernitz,Sachsen-Anhalt,52.00334,12.22069
Zernsdorf,Brandenburg,51.16569,10.45153
Zerpenschleuse,Brandenburg,52.7836,13.49036
Zerre,Sachsen,51.50538,14.22786
Zerrenthin,Mecklenburg-Vorpommern,53.50257,13.99953
Zesch am See,Brandenburg,52.13528,13.3709
Zeschdorf,Brandenburg,52.42677,14.46597
Zetel,Niedersachsen,53.39639,7.95217
Zethau,Sachsen,50.76124,13.41921
Zethlingen,Sachsen-Anhalt,52.68707,11.4372
Zetta,Sachsen,51.09541,13.46418
Zettemin,Mecklenburg-Vorpommern,53.66892,12.93076
Zettingen,Rheinland-Pfalz,50.23911,7.19794
Zettlitz,Sachsen,51.04474,12.79055
Zeuchfeld,Sachsen-Anhalt,51.23826,11.76903
Zeuden,Brandenburg,51.95066,13.09874
Zeughaus,Sachsen,50.97307,14.27302
Zeulenroda,Thüringen,50.62924,12.03912
Zeunitz,Sachsen,51.21877,12.75372
Zeuthen,Brandenburg,52.34637,13.62229
Zeutsch,Thüringen,50.73282,11.32871
Zeven,Niedersachsen,53.26798,9.27257
Zichow,Brandenburg,53.21125,14.20947
Zichtau,Sachsen-Anhalt,52.53867,11.40509
Zichtow,Brandenburg,52.96478,12.02786
Zickeritz,Sachsen-Anhalt,51.67516,11.76621
Zickhusen,Mecklenburg-Vorpommern,53.72237,11.41783
Zieckau,Brandenburg,51.8536,13.75045
Ziegelheim,Thüringen,50.95966,12.58894
Ziegelhof,Schlewig-Holstein,54.38985,9.06735
Ziegelhütte,Rheinland-Pfalz,49.18491,7.78768
Ziegelroda,Sachsen-Anhalt,51.34216,11.58123
Ziegendorf,Mecklenburg-Vorpommern,53.40765,11.72243
Ziegenhain,Rheinland-Pfalz,50.64756,7.52776
Ziegenhain,Sachsen,51.20212,13.27839
Ziegenrück,Thüringen,50.5998,11.71302
Zieglhaus,Bayern,51.16569,10.45153
Zieglstadl,Bayern,47.98775,12.55582
Ziegra-Knobelsdorf,Sachsen,51.13432,13.12724
Zieko,Sachsen-Anhalt,51.93811,12.43055
Zielitz,Sachsen-Anhalt,52.27958,11.62463
Ziemendorf,Sachsen-Anhalt,52.85946,11.44928
Ziemetshausen,Bayern,48.29169,10.53154
Ziemkendorf,Brandenburg,53.3194,13.87248
Ziepel,Sachsen-Anhalt,52.14254,11.95492
Zierenberg,Hessen,51.38022,9.26643
Zierow,Mecklenburg-Vorpommern,53.90597,11.406
Ziertheim,Bayern,48.65275,10.39799
Zierzow,Mecklenburg-Vorpommern,53.32673,12.11349
Ziesar,Brandenburg,52.26741,12.28739
Ziesendorf,Mecklenburg-Vorpommern,54.03269,12.0998
Zieslübbe,Mecklenburg-Vorpommern,53.5239,11.79548
Ziethen,Mecklenburg-Vorpommern,53.93414,13.7212
Ziethen,Schlewig-Holstein,53.68539,10.88566
Ziethenhorst,Brandenburg,52.90326,12.72486
Ziezow,Brandenburg,52.17817,12.6006
Zillbeck,Sachsen-Anhalt,52.29038,11.40587
Zilly,Sachsen-Anhalt,51.978,10.73566
Zilshausen,Rheinland-Pfalz,50.07132,7.44511
Ziltendorf,Brandenburg,52.25402,14.57547
Zimmern,Baden-Württemberg,48.19517,8.65602
Zimmern,Thüringen,51.04544,11.12261
Zimmernsupra,Thüringen,51.07449,10.85541
Zimmerschied,Rheinland-Pfalz,50.28074,7.83452
Zingst,Mecklenburg-Vorpommern,54.43159,12.79097
Zinkweilerhof,Rheinland-Pfalz,49.61106,7.27337
Zinna,Sachsen,51.54863,12.95254
Zinndorf,Brandenburg,52.62518,13.91087
Zinnitz,Brandenburg,51.72805,13.9005
Zinnowitz,Mecklenburg-Vorpommern,54.07533,13.90847
Zinsbachmühle,Baden-Württemberg,48.56394,8.56496
Zippelsförde,Brandenburg,52.98437,12.87082
Zirchow,Mecklenburg-Vorpommern,53.93924,14.18758
Zirkow,Mecklenburg-Vorpommern,54.41174,13.42585
Zirndorf,Bayern,49.43487,10.92761
Zirtow,Mecklenburg-Vorpommern,53.27538,12.81752
Zirzow,Mecklenburg-Vorpommern,53.60399,13.28988
Zislow,Mecklenburg-Vorpommern,53.32468,12.45353
Zittau,Sachsen,50.92414,14.77012
Zitters,Thüringen,50.73072,9.98459
Zittow,Mecklenburg-Vorpommern,53.69609,11.52711
Zixdorf,Brandenburg,52.07082,12.69015
Zobbenitz,Sachsen-Anhalt,52.53867,11.40509
Zobersdorf,Brandenburg,51.53215,13.37895
Zobes,Sachsen,50.50355,12.22399
Zollchow,Brandenburg,52.5979,12.52041
Zolling,Bayern,48.45118,11.76916
Zollwitz,Sachsen,51.04474,12.79055
Zootzen,Brandenburg,53.15093,12.82977
Zootzen Damm,Brandenburg,52.73483,12.57911
Zorbau,Sachsen-Anhalt,51.15637,12.09987
Zorge,Niedersachsen,51.62583,10.64585
Zorneding,Bayern,48.08402,11.8234
Zornheim,Rheinland-Pfalz,49.94794,8.15828
Zossen,Brandenburg,52.22567,13.43068
Zotzenheim,Rheinland-Pfalz,49.86006,7.98988
Zschachenmühle,Thüringen,50.46262,11.5372
Zschadraß,Sachsen,51.13223,12.80021
Zschaitz-Ottewig,Sachsen,51.13432,13.12724
Zschepen,Sachsen,51.52335,12.30296
Zschepplin,Sachsen,51.4869,12.6412
Zscherben,Sachsen-Anhalt,51.45646,11.81881
Zscherndorf,Sachsen-Anhalt,51.60107,12.19457
Zschirla,Sachsen,51.04474,12.79055
Zschopau,Sachsen,50.74734,13.07458
Zschoppach,Sachsen,51.21877,12.75372
Zschorlau,Sachsen,50.56281,12.64111
Zschorna,Sachsen,51.28346,13.67654
Zschornewitz,Sachsen-Anhalt,51.16569,10.45153
Zschortau,Sachsen,51.52335,12.30296
Zuchau,Sachsen-Anhalt,51.90367,11.83496
Zuckerfabrik Vitzenburg,Sachsen-Anhalt,51.25181,11.52892
Zudar,Mecklenburg-Vorpommern,54.29935,13.27464
Zuflucht,Baden-Württemberg,48.46198,8.41166
Zur Schunterquelle,Niedersachsen,52.27321,10.79297
Zurow,Mecklenburg-Vorpommern,53.8647,11.68699
Zusamaltheim,Bayern,48.55565,10.67544
Zusmarshausen,Bayern,48.4018,10.59108
Zuzenhausen,Baden-Württemberg,49.2968,8.82264
Zwackau,Thüringen,50.72386,11.83699
Zweckham,Bayern,47.94545,12.60182
Zweedorf,Mecklenburg-Vorpommern,54.10838,11.67445
Zweibrücken,Rheinland-Pfalz,49.24198,7.37344
Zweifelscheid,Rheinland-Pfalz,49.99551,6.23244
Zweiflingen,Baden-Württemberg,49.25595,9.51828
Zweihausen,Mecklenburg-Vorpommern,53.8647,11.68699
Zweimen,Sachsen-Anhalt,51.35911,12.08754
Zwenkau,Sachsen,51.21217,12.32518
Zwergern,Bayern,47.59139,11.31124
Zwickau,Sachsen,50.71211,12.47893
Zwickmühle,Hessen,50.50516,9.47919
Zwiefalten,Baden-Württemberg,48.22053,9.44567
Zwiesel,Bayern,49.01769,13.23782
Zwillingshof,Bayern,48.23206,11.70678
Zwinge,Thüringen,51.5255,10.43203
Zwingenberg,Baden-Württemberg,49.41506,9.0447
Zwingenberg,Hessen,49.72598,8.6122
Zwischendeich,Brandenburg,52.98856,11.7934
Zwochau,Sachsen,51.52335,12.30296
Zwota,Sachsen,50.3542,12.43351
Zwönitz,Sachsen,50.64951,12.82578
Zäckericker Loose,Brandenburg,52.79807,14.01577
Zöblitz,Sachsen,50.65828,13.25945
Zölkow,Mecklenburg-Vorpommern,53.5239,11.79548
Zöllmersdorf,Brandenburg,51.8536,13.75045
Zöllnitz,Thüringen,50.87536,11.62055
Zörbig,Sachsen-Anhalt,51.63745,12.13243
Zörnigall,Sachsen-Anhalt,51.84618,12.63547
Zöschen,Sachsen-Anhalt,51.35911,12.08754
Zöschingen,Bayern,48.67554,10.30754
Zühlen,Brandenburg,53.11224,12.90053
Zühlsdorf,Brandenburg,52.74392,13.36149
Zühr,Mecklenburg-Vorpommern,53.50693,11.07801
Züllsdorf,Brandenburg,51.59237,13.22793
Zülow,Mecklenburg-Vorpommern,53.63287,11.58601
Zülpich,Nordrhein-Westfalen,50.67725,6.645
Züsch,Rheinland-Pfalz,49.66692,7.03371
Züsedom,Mecklenburg-Vorpommern,53.50257,13.99953
Züsow,Mecklenburg-Vorpommern,53.8647,11.68699
Züssow,Mecklenburg-Vorpommern,53.97693,13.5489
Zützen,Brandenburg,52.59306,13.90462
Ödenbach,Bayern,48.19957,11.94579
Ödenpullach,Bayern,48.02485,11.56815
Öhningen,Baden-Württemberg,47.68577,8.89621
Öhringen,Baden-Württemberg,49.20672,9.52006
Ölbronn-Dürrn,Baden-Württemberg,48.95609,8.75323
Öllingen,Baden-Württemberg,48.50606,10.10929
Ölmühle,Baden-Württemberg,48.94275,9.89913
Ölmühle,Thüringen,50.93901,11.75028
Ölsen,Rheinland-Pfalz,50.7273,7.6948
Öpfingen,Baden-Württemberg,48.28561,9.80582
Östringen,Baden-Württemberg,49.1856,8.7593
Ötigheim,Baden-Württemberg,48.89156,8.23424
Ötisheim,Baden-Württemberg,48.96302,8.80993
Ötzingen,Rheinland-Pfalz,50.553,7.80532
Übach-Palenberg,Nordrhein-Westfalen,50.92536,6.11771
Übereisenbach,Rheinland-Pfalz,50.07016,6.18582
Überherrn,Saarland,49.24335,6.69811
Überlingen,Baden-Württemberg,47.76546,9.145
Übersee,Bayern,47.82181,12.4831
Üchtelhausen,Bayern,50.13101,10.27467
Ückeritz,Mecklenburg-Vorpommern,54.01268,14.04956
Üdersdorf,Rheinland-Pfalz,50.17706,6.88055
Üdersee b Werbellin,Brandenburg,52.84992,13.68287
Ühlingen-Birkendorf,Baden-Württemberg,47.71925,8.31689
Ürzig,Rheinland-Pfalz,49.983,6.99993
Üttfeld,Rheinland-Pfalz,50.13772,6.21658
Üxheim,Rheinland-Pfalz,50.32242,6.76045
